vehId,time,x,y,speed,angle
0,0.0,312.30,-301.60,0.000,90.00
0,1.0,314.82,-301.60,2.520,90.00
0,2.0,318.97,-301.60,4.150,90.00
0,3.0,324.67,-301.60,5.700,90.00
0,4.0,332.90,-301.60,8.230,90.00
0,5.0,342.74,-301.60,9.840,90.00
0,6.0,354.46,-301.60,11.720,90.00
0,7.0,368.04,-301.60,13.590,90.00
0,8.0,382.71,-301.60,14.660,90.00
0,9.0,397.19,-301.60,14.480,90.00
0,10.0,411.07,-301.60,13.870,90.00
0,11.0,425.36,-301.60,14.300,90.00
0,12.0,439.24,-301.60,13.870,90.00
0,13.0,453.22,-301.60,13.980,90.00
0,14.0,466.93,-301.60,13.700,90.00
0,15.0,481.10,-301.60,14.170,90.00
0,16.0,494.96,-301.60,13.860,90.00
0,17.0,508.58,-301.60,13.620,90.00
0,18.0,523.04,-301.60,14.460,90.00
0,19.0,537.75,-301.60,14.710,90.00
0,20.0,551.72,-301.60,13.970,90.00
0,21.0,565.55,-301.60,13.820,90.00
0,22.0,577.93,-301.60,12.380,90.00
0,23.0,587.11,-301.60,9.190,90.00
0,24.0,591.80,-301.60,4.690,90.00
0,25.0,597.45,-303.76,6.400,116.26
0,26.0,598.40,-309.38,5.820,173.91
0,27.0,598.40,-316.58,7.200,180.00
0,28.0,598.40,-325.46,8.880,180.00
0,29.0,598.40,-336.06,10.600,180.00
0,30.0,598.40,-348.55,12.480,180.00
0,31.0,598.40,-362.10,13.550,180.00
0,32.0,598.40,-376.31,14.220,180.00
0,33.0,598.40,-390.94,14.630,180.00
0,34.0,598.40,-404.76,13.820,180.00
0,35.0,598.40,-418.20,13.440,180.00
0,36.0,598.40,-432.75,14.550,180.00
0,37.0,598.40,-447.08,14.320,180.00
0,38.0,598.40,-461.09,14.020,180.00
0,39.0,598.40,-475.17,14.080,180.00
0,40.0,598.40,-489.15,13.970,180.00
0,41.0,598.40,-502.72,13.570,180.00
0,42.0,598.40,-517.17,14.450,180.00
0,43.0,598.40,-531.22,14.060,180.00
0,44.0,598.40,-545.28,14.050,180.00
0,45.0,598.40,-558.93,13.650,180.00
0,46.0,598.40,-572.79,13.860,180.00
0,47.0,598.40,-584.80,12.010,180.00
0,48.0,598.40,-592.32,7.510,180.00
0,49.0,595.88,-597.67,6.310,210.63
0,50.0,589.35,-598.40,6.650,267.47
0,51.0,580.62,-598.40,8.740,270.00
0,52.0,569.32,-598.40,11.300,270.00
0,53.0,556.45,-598.40,12.870,270.00
0,54.0,542.74,-598.40,13.710,270.00
0,55.0,528.32,-598.40,14.420,270.00
0,56.0,514.41,-598.40,13.910,270.00
0,57.0,500.74,-598.40,13.670,270.00
0,58.0,487.14,-598.40,13.590,270.00
0,59.0,472.65,-598.40,14.500,270.00
0,60.0,458.42,-598.40,14.230,270.00
0,61.0,444.16,-598.40,14.260,270.00
0,62.0,430.71,-598.40,13.450,270.00
0,63.0,416.72,-598.40,13.990,270.00
0,64.0,402.34,-598.40,14.380,270.00
0,65.0,387.71,-598.40,14.630,270.00
0,66.0,373.43,-598.40,14.280,270.00
0,67.0,359.50,-598.40,13.930,270.00
0,68.0,344.84,-598.40,14.660,270.00
0,69.0,330.31,-598.40,14.530,270.00
0,70.0,318.77,-598.40,11.540,270.00
0,71.0,311.13,-598.40,7.640,270.00
0,72.0,301.34,-598.40,9.790,270.00
0,73.0,289.50,-598.40,11.840,270.00
0,74.0,276.08,-598.40,13.420,270.00
0,75.0,262.04,-598.40,14.040,270.00
0,76.0,247.33,-598.40,14.710,270.00
0,77.0,232.97,-598.40,14.370,270.00
0,78.0,218.36,-598.40,14.610,270.00
0,79.0,204.93,-598.40,13.430,270.00
0,80.0,190.62,-598.40,14.320,270.00
0,81.0,176.30,-598.40,14.310,270.00
0,82.0,161.92,-598.40,14.380,270.00
0,83.0,147.45,-598.40,14.480,270.00
0,84.0,133.21,-598.40,14.240,270.00
0,85.0,118.74,-598.40,14.470,270.00
0,86.0,105.16,-598.40,13.580,270.00
0,87.0,91.57,-598.40,13.590,270.00
0,88.0,77.16,-598.40,14.410,270.00
0,89.0,63.71,-598.40,13.450,270.00
0,90.0,49.79,-598.40,13.920,270.00
0,91.0,36.01,-598.40,13.780,270.00
0,92.0,22.70,-598.40,13.310,270.00
0,93.0,13.90,-598.40,8.810,270.00
0,94.0,8.80,-598.40,5.100,270.00
0,95.0,1.36,-598.40,7.440,270.00
0,96.0,-8.13,-598.40,9.490,270.00
0,97.0,-19.95,-598.40,11.820,270.00
0,98.0,-34.33,-598.40,14.370,270.00
0,99.0,-48.59,-598.40,14.270,270.00
0,100.0,-62.70,-598.40,14.110,270.00
0,101.0,-76.71,-598.40,14.010,270.00
0,102.0,-91.27,-598.40,14.570,270.00
0,103.0,-104.77,-598.40,13.500,270.00
0,104.0,-118.82,-598.40,14.050,270.00
0,105.0,-132.96,-598.40,14.140,270.00
0,106.0,-146.95,-598.40,13.990,270.00
0,107.0,-161.29,-598.40,14.340,270.00
0,108.0,-175.25,-598.40,13.960,270.00
0,109.0,-189.10,-598.40,13.850,270.00
0,110.0,-203.44,-598.40,14.340,270.00
0,111.0,-217.36,-598.40,13.920,270.00
0,112.0,-232.00,-598.40,14.650,270.00
0,113.0,-245.84,-598.40,13.840,270.00
0,114.0,-260.34,-598.40,14.500,270.00
0,115.0,-273.87,-598.40,13.530,270.00
0,116.0,-283.79,-598.40,9.920,270.00
0,117.0,-289.58,-598.40,5.790,270.00
0,118.0,-297.02,-598.40,7.440,270.00
0,119.0,-306.85,-598.40,9.830,270.00
0,120.0,-318.25,-598.40,11.400,270.00
0,121.0,-331.90,-598.40,13.650,270.00
0,122.0,-346.58,-598.40,14.690,270.00
0,123.0,-361.16,-598.40,14.570,270.00
0,124.0,-375.71,-598.40,14.550,270.00
0,125.0,-389.31,-598.40,13.600,270.00
0,126.0,-403.59,-598.40,14.280,270.00
0,127.0,-418.21,-598.40,14.620,270.00
0,128.0,-431.94,-598.40,13.730,270.00
0,129.0,-445.87,-598.40,13.930,270.00
0,130.0,-459.88,-598.40,14.010,270.00
0,131.0,-473.58,-598.40,13.700,270.00
0,132.0,-487.47,-598.40,13.900,270.00
0,133.0,-501.45,-598.40,13.980,270.00
0,134.0,-516.10,-598.40,14.650,270.00
0,135.0,-530.80,-598.40,14.700,270.00
0,136.0,-545.28,-598.40,14.480,270.00
0,137.0,-558.88,-598.40,13.600,270.00
0,138.0,-573.41,-598.40,14.520,270.00
0,139.0,-583.68,-598.40,10.270,270.00
0,140.0,-590.27,-598.40,6.590,270.00
0,141.0,-598.75,-598.40,8.480,270.00
0,142.0,-609.27,-598.40,10.520,270.00
0,143.0,-621.92,-598.40,12.650,270.00
0,144.0,-635.68,-598.40,13.770,270.00
0,145.0,-649.57,-598.40,13.880,270.00
0,146.0,-663.09,-598.40,13.520,270.00
0,147.0,-676.88,-598.40,13.800,270.00
0,148.0,-690.40,-598.40,13.520,270.00
0,149.0,-704.93,-598.40,14.530,270.00
0,150.0,-718.53,-598.40,13.600,270.00
0,151.0,-732.36,-598.40,13.830,270.00
0,152.0,-746.97,-598.40,14.610,270.00
0,153.0,-760.63,-598.40,13.660,270.00
0,154.0,-774.71,-598.40,14.080,270.00
0,155.0,-788.32,-598.40,13.620,270.00
0,156.0,-802.19,-598.40,13.860,270.00
0,157.0,-815.76,-598.40,13.570,270.00
0,158.0,-830.00,-598.40,14.240,270.00
0,159.0,-844.61,-598.40,14.610,270.00
0,160.0,-858.45,-598.40,13.840,270.00
0,161.0,-872.59,-598.40,14.140,270.00
0,162.0,-883.56,-598.40,10.970,270.00
0,163.0,-890.03,-598.40,6.470,270.00
0,164.0,-893.50,-598.87,3.620,264.48
0,165.0,-893.47,-601.15,3.010,213.40
0,166.0,-890.76,-601.60,2.850,122.75
0,167.0,-886.53,-601.60,4.230,90.00
0,168.0,-880.53,-601.60,6.000,90.00
0,169.0,-872.34,-601.60,8.180,90.00
0,170.0,-862.77,-601.60,9.570,90.00
0,171.0,-851.42,-601.60,11.350,90.00
0,172.0,-838.24,-601.60,13.180,90.00
0,173.0,-824.60,-601.60,13.640,90.00
0,174.0,-810.16,-601.60,14.430,90.00
0,175.0,-796.43,-601.60,13.730,90.00
0,176.0,-781.83,-601.60,14.610,90.00
0,177.0,-767.85,-601.60,13.970,90.00
0,178.0,-753.61,-601.60,14.240,90.00
0,179.0,-739.57,-601.60,14.040,90.00
0,180.0,-725.58,-601.60,13.990,90.00
0,181.0,-711.54,-601.60,14.030,90.00
0,182.0,-697.10,-601.60,14.450,90.00
0,183.0,-682.94,-601.60,14.160,90.00
0,184.0,-668.93,-601.60,14.010,90.00
0,185.0,-655.50,-601.60,13.430,90.00
0,186.0,-641.51,-601.60,13.990,90.00
0,187.0,-627.91,-601.60,13.600,90.00
0,188.0,-613.29,-601.60,14.620,90.00
1,0.0,-298.40,-887.70,0.000,0.00
1,1.0,-298.40,-885.31,2.390,0.00
1,2.0,-298.40,-881.58,3.730,0.00
1,3.0,-298.40,-876.06,5.520,0.00
1,4.0,-298.40,-868.45,7.610,0.00
1,5.0,-298.40,-859.33,9.130,0.00
1,6.0,-298.40,-847.64,11.680,0.00
1,7.0,-298.40,-835.90,11.740,0.00
1,8.0,-298.40,-823.01,12.890,0.00
1,9.0,-298.40,-810.69,12.320,0.00
1,10.0,-298.40,-798.53,12.150,0.00
1,11.0,-298.40,-785.92,12.610,0.00
1,12.0,-298.40,-773.49,12.430,0.00
1,13.0,-298.40,-761.62,11.870,0.00
1,14.0,-298.40,-748.62,13.000,0.00
1,15.0,-298.40,-736.20,12.420,0.00
1,16.0,-298.40,-723.80,12.400,0.00
1,17.0,-298.40,-710.82,12.990,0.00
1,18.0,-298.40,-698.91,11.900,0.00
1,19.0,-298.40,-685.96,12.950,0.00
1,20.0,-298.40,-673.53,12.430,0.00
1,21.0,-298.40,-660.82,12.710,0.00
1,22.0,-298.40,-647.94,12.890,0.00
1,23.0,-298.40,-635.10,12.830,0.00
1,24.0,-298.40,-622.62,12.480,0.00
1,25.0,-298.40,-610.64,11.990,0.00
1,26.0,-298.40,-598.25,12.380,0.00
1,27.0,-298.40,-586.47,11.790,0.00
1,28.0,-298.40,-574.40,12.060,0.00
1,29.0,-298.40,-562.33,12.070,0.00
1,30.0,-298.40,-550.17,12.160,0.00
1,31.0,-298.40,-537.97,12.200,0.00
1,32.0,-298.40,-525.55,12.410,0.00
1,33.0,-298.40,-513.38,12.180,0.00
1,34.0,-298.40,-500.60,12.780,0.00
1,35.0,-298.40,-487.74,12.860,0.00
1,36.0,-298.40,-475.96,11.780,0.00
1,37.0,-298.40,-463.51,12.440,0.00
1,38.0,-298.40,-450.94,12.570,0.00
1,39.0,-298.40,-438.71,12.230,0.00
1,40.0,-298.40,-426.82,11.890,0.00
1,41.0,-298.40,-413.83,12.990,0.00
1,42.0,-298.40,-401.90,11.940,0.00
1,43.0,-298.40,-390.04,11.860,0.00
1,44.0,-298.40,-377.79,12.250,0.00
1,45.0,-298.40,-366.04,11.750,0.00
1,46.0,-298.40,-353.94,12.100,0.00
1,47.0,-298.40,-341.48,12.460,0.00
1,48.0,-298.40,-329.30,12.180,0.00
1,49.0,-298.40,-316.47,12.820,0.00
1,50.0,-298.40,-304.70,11.770,0.00
1,51.0,-298.40,-292.87,11.840,0.00
1,52.0,-298.40,-279.94,12.930,0.00
1,53.0,-298.40,-267.61,12.330,0.00
1,54.0,-298.40,-255.77,11.850,0.00
1,55.0,-298.40,-244.02,11.750,0.00
1,56.0,-298.40,-231.55,12.470,0.00
1,57.0,-298.40,-219.43,12.110,0.00
1,58.0,-298.40,-207.66,11.780,0.00
1,59.0,-298.40,-195.83,11.830,0.00
1,60.0,-298.40,-183.20,12.630,0.00
1,61.0,-298.40,-171.37,11.830,0.00
1,62.0,-298.40,-159.13,12.240,0.00
1,63.0,-298.40,-147.39,11.740,0.00
1,64.0,-298.40,-134.39,13.000,0.00
1,65.0,-298.40,-122.64,11.750,0.00
1,66.0,-298.40,-110.56,12.070,0.00
1,67.0,-298.40,-98.14,12.420,0.00
1,68.0,-298.40,-85.56,12.580,0.00
1,69.0,-298.40,-72.72,12.840,0.00
1,70.0,-298.40,-60.08,12.640,0.00
1,71.0,-298.40,-48.07,12.010,0.00
1,72.0,-298.40,-35.31,12.760,0.00
1,73.0,-298.40,-22.88,12.430,0.00
1,74.0,-298.40,-10.90,11.970,0.00
1,75.0,-298.40,0.90,11.800,0.00
1,76.0,-298.40,13.86,12.950,0.00
1,77.0,-298.40,26.10,12.250,0.00
1,78.0,-298.40,38.43,12.330,0.00
1,79.0,-298.40,51.36,12.930,0.00
1,80.0,-298.40,63.11,11.750,0.00
1,81.0,-298.40,75.67,12.560,0.00
1,82.0,-298.40,87.90,12.230,0.00
1,83.0,-298.40,100.54,12.640,0.00
1,84.0,-298.40,113.14,12.600,0.00
1,85.0,-298.40,126.07,12.930,0.00
1,86.0,-298.40,138.14,12.070,0.00
1,87.0,-298.40,150.65,12.510,0.00
1,88.0,-298.40,162.40,11.750,0.00
1,89.0,-298.40,175.24,12.840,0.00
1,90.0,-298.40,187.03,11.790,0.00
1,91.0,-298.40,198.85,11.820,0.00
1,92.0,-298.40,211.70,12.850,0.00
1,93.0,-298.40,224.37,12.670,0.00
1,94.0,-298.40,237.15,12.770,0.00
1,95.0,-298.40,250.10,12.950,0.00
1,96.0,-298.40,262.16,12.060,0.00
1,97.0,-298.40,275.11,12.950,0.00
1,98.0,-298.40,286.74,11.630,0.00
1,99.0,-298.55,293.86,7.130,358.26
1,100.0,-301.22,299.77,6.750,329.89
1,101.0,-308.10,301.60,7.270,277.63
1,102.0,-317.04,301.60,8.950,270.00
1,103.0,-327.46,301.60,10.420,270.00
1,104.0,-339.42,301.60,11.960,270.00
1,105.0,-352.38,301.60,12.960,270.00
1,106.0,-365.20,301.60,12.820,270.00
1,107.0,-377.95,301.60,12.740,270.00
1,108.0,-390.97,301.60,13.020,270.00
1,109.0,-403.78,301.60,12.810,270.00
1,110.0,-416.17,301.60,12.400,270.00
1,111.0,-428.59,301.60,12.420,270.00
1,112.0,-440.95,301.60,12.360,270.00
1,113.0,-452.88,301.60,11.920,270.00
1,114.0,-465.87,301.60,12.990,270.00
1,115.0,-478.63,301.60,12.760,270.00
1,116.0,-490.39,301.60,11.760,270.00
1,117.0,-502.48,301.60,12.090,270.00
1,118.0,-514.49,301.60,12.010,270.00
1,119.0,-526.51,301.60,12.020,270.00
1,120.0,-539.32,301.60,12.810,270.00
1,121.0,-551.14,301.60,11.820,270.00
1,122.0,-563.48,301.60,12.350,270.00
1,123.0,-575.28,301.60,11.800,270.00
1,124.0,-585.29,301.60,10.010,270.00
1,125.0,-590.79,301.60,5.510,270.00
1,126.0,-592.28,301.60,1.490,270.00
1,127.0,-592.50,301.60,0.220,270.00
1,128.0,-594.30,300.19,2.420,252.21
1,129.0,-592.33,298.40,3.020,169.42
1,130.0,-587.90,298.40,4.430,90.62
1,131.0,-581.54,298.40,6.360,90.00
1,132.0,-573.19,298.40,8.350,90.00
1,133.0,-563.08,298.40,10.110,90.00
1,134.0,-550.71,298.40,12.370,90.00
1,135.0,-538.77,298.40,11.940,90.00
1,136.0,-526.21,298.40,12.560,90.00
1,137.0,-513.87,298.40,12.340,90.00
1,138.0,-501.61,298.40,12.260,90.00
1,139.0,-489.13,298.40,12.480,90.00
1,140.0,-477.09,298.40,12.040,90.00
1,141.0,-464.05,298.40,13.030,90.00
1,142.0,-452.17,298.40,11.880,90.00
1,143.0,-439.62,298.40,12.550,90.00
1,144.0,-427.15,298.40,12.480,90.00
1,145.0,-414.43,298.40,12.720,90.00
1,146.0,-401.85,298.40,12.580,90.00
1,147.0,-389.61,298.40,12.230,90.00
1,148.0,-376.98,298.40,12.630,90.00
1,149.0,-364.42,298.40,12.560,90.00
1,150.0,-352.59,298.40,11.830,90.00
1,151.0,-340.45,298.40,12.130,90.00
1,152.0,-328.32,298.40,12.130,90.00
1,153.0,-315.66,298.40,12.660,90.00
10,0.0,598.40,-12.30,0.000,180.00
10,1.0,598.40,-14.22,1.920,180.00
10,2.0,598.40,-17.91,3.690,180.00
10,3.0,598.40,-23.75,5.840,180.00
10,4.0,598.40,-31.49,7.740,180.00
10,5.0,598.40,-40.57,9.080,180.00
10,6.0,598.40,-51.63,11.060,180.00
10,7.0,598.40,-64.75,13.120,180.00
10,8.0,598.40,-79.28,14.530,180.00
10,9.0,598.40,-93.92,14.640,180.00
10,10.0,598.40,-108.94,15.020,180.00
10,11.0,598.40,-121.82,12.870,180.00
10,12.0,598.40,-134.51,12.700,180.00
10,13.0,598.40,-147.49,12.980,180.00
10,14.0,598.40,-159.46,11.970,180.00
10,15.0,598.40,-171.75,12.290,180.00
10,16.0,598.40,-184.00,12.260,180.00
10,17.0,598.40,-195.65,11.650,180.00
10,18.0,598.40,-206.74,11.090,180.00
10,19.0,598.40,-217.22,10.480,180.00
10,20.0,598.40,-228.80,11.580,180.00
10,21.0,598.40,-240.46,11.670,180.00
10,22.0,598.40,-251.33,10.870,180.00
10,23.0,598.40,-262.47,11.130,180.00
10,24.0,598.40,-274.34,11.870,180.00
10,25.0,598.40,-285.19,10.850,180.00
10,26.0,598.40,-292.37,7.180,180.00
10,27.0,595.48,-297.91,6.720,215.54
10,28.0,589.65,-298.40,5.890,267.00
10,29.0,582.04,-298.40,7.610,270.00
10,30.0,571.91,-298.40,10.130,270.00
10,31.0,559.75,-298.40,12.150,270.00
10,32.0,546.29,-298.40,13.460,270.00
10,33.0,532.15,-298.40,14.150,270.00
10,34.0,518.01,-298.40,14.130,270.00
10,35.0,504.12,-298.40,13.890,270.00
10,36.0,489.29,-298.40,14.840,270.00
10,37.0,474.58,-298.40,14.710,270.00
10,38.0,459.54,-298.40,15.040,270.00
10,39.0,445.08,-298.40,14.460,270.00
10,40.0,431.10,-298.40,13.980,270.00
10,41.0,415.98,-298.40,15.120,270.00
10,42.0,401.70,-298.40,14.280,270.00
10,43.0,387.10,-298.40,14.600,270.00
10,44.0,372.96,-298.40,14.140,270.00
10,45.0,358.13,-298.40,14.830,270.00
10,46.0,343.29,-298.40,14.850,270.00
10,47.0,328.48,-298.40,14.800,270.00
10,48.0,317.43,-298.40,11.050,270.00
10,49.0,310.54,-298.40,6.900,270.00
10,50.0,304.59,-297.96,5.990,275.12
10,51.0,301.60,-292.66,6.510,339.41
10,52.0,301.60,-284.37,8.290,0.00
10,53.0,301.60,-274.06,10.310,0.00
10,54.0,301.60,-261.90,12.160,0.00
10,55.0,301.60,-247.39,14.520,0.00
10,56.0,301.60,-232.40,14.990,0.00
10,57.0,301.60,-218.25,14.150,0.00
10,58.0,301.60,-203.57,14.680,0.00
10,59.0,301.60,-189.67,13.900,0.00
10,60.0,301.60,-175.20,14.470,0.00
10,61.0,301.60,-161.35,13.850,0.00
10,62.0,301.60,-146.79,14.560,0.00
10,63.0,301.60,-132.15,14.630,0.00
10,64.0,301.60,-118.29,13.860,0.00
10,65.0,301.60,-103.45,14.840,0.00
10,66.0,301.60,-88.34,15.110,0.00
10,67.0,301.60,-73.88,14.460,0.00
10,68.0,301.60,-59.10,14.780,0.00
10,69.0,301.60,-44.83,14.270,0.00
10,70.0,301.60,-30.48,14.360,0.00
10,71.0,301.60,-15.43,15.050,0.00
10,72.0,301.60,-0.47,14.950,0.00
10,73.0,301.60,14.20,14.670,0.00
10,74.0,301.60,28.11,13.910,0.00
10,75.0,301.60,42.82,14.700,0.00
10,76.0,301.60,57.43,14.620,0.00
10,77.0,301.60,71.73,14.300,0.00
10,78.0,301.60,85.98,14.240,0.00
10,79.0,301.60,100.91,14.940,0.00
10,80.0,301.60,115.26,14.350,0.00
10,81.0,301.60,129.25,13.990,0.00
10,82.0,301.60,143.26,14.010,0.00
10,83.0,301.60,157.40,14.130,0.00
10,84.0,301.60,172.47,15.070,0.00
10,85.0,301.60,187.60,15.130,0.00
10,86.0,301.60,201.51,13.910,0.00
10,87.0,301.60,215.40,13.890,0.00
10,88.0,301.60,229.57,14.170,0.00
10,89.0,301.60,243.92,14.350,0.00
10,90.0,301.60,258.56,14.640,0.00
10,91.0,301.60,272.64,14.070,0.00
10,92.0,301.60,287.50,14.870,0.00
10,93.0,301.60,302.61,15.110,0.00
10,94.0,301.60,316.62,14.010,0.00
10,95.0,301.60,330.92,14.300,0.00
10,96.0,301.60,344.94,14.030,0.00
10,97.0,301.60,360.05,15.110,0.00
10,98.0,301.60,374.66,14.610,0.00
10,99.0,301.60,389.33,14.670,0.00
10,100.0,301.60,403.58,14.250,0.00
10,101.0,301.60,418.51,14.930,0.00
10,102.0,301.60,432.59,14.080,0.00
10,103.0,301.60,447.15,14.560,0.00
10,104.0,301.60,461.71,14.560,0.00
10,105.0,301.60,476.49,14.780,0.00
10,106.0,301.60,490.99,14.500,0.00
10,107.0,301.60,505.89,14.900,0.00
10,108.0,301.60,520.82,14.920,0.00
10,109.0,301.60,535.54,14.720,0.00
10,110.0,301.60,550.62,15.090,0.00
10,111.0,301.60,564.57,13.940,0.00
10,112.0,301.60,578.42,13.850,0.00
10,113.0,301.60,587.77,9.350,0.00
10,114.0,301.60,592.63,4.850,0.00
10,115.0,299.10,593.85,3.580,316.52
10,116.0,298.40,590.94,3.120,216.69
10,117.0,298.40,586.02,4.920,180.00
10,118.0,298.40,579.61,6.410,180.00
10,119.0,298.40,571.40,8.200,180.00
10,120.0,298.40,561.33,10.080,180.00
10,121.0,298.40,549.74,11.590,180.00
10,122.0,298.40,536.57,13.170,180.00
10,123.0,298.40,522.24,14.330,180.00
10,124.0,298.40,507.92,14.320,180.00
10,125.0,298.40,494.07,13.850,180.00
10,126.0,298.40,480.21,13.870,180.00
10,127.0,298.40,466.07,14.130,180.00
10,128.0,298.40,451.81,14.260,180.00
10,129.0,298.40,437.56,14.250,180.00
10,130.0,298.40,422.54,15.020,180.00
10,131.0,298.40,408.61,13.930,180.00
10,132.0,298.40,394.39,14.230,180.00
10,133.0,298.40,380.08,14.300,180.00
10,134.0,298.40,366.01,14.080,180.00
10,135.0,298.40,351.15,14.850,180.00
10,136.0,298.40,336.84,14.310,180.00
10,137.0,298.40,322.25,14.590,180.00
10,138.0,298.40,307.52,14.740,180.00
100,0.0,901.60,312.30,0.000,0.00
100,1.0,901.60,313.87,1.570,0.00
100,2.0,901.60,317.87,4.000,0.00
100,3.0,901.60,323.52,5.640,0.00
100,4.0,901.60,331.19,7.670,0.00
100,5.0,901.60,341.46,10.260,0.00
100,6.0,901.60,353.33,11.880,0.00
100,7.0,901.60,366.96,13.630,0.00
100,8.0,901.60,381.14,14.180,0.00
100,9.0,901.60,395.21,14.070,0.00
100,10.0,901.60,408.85,13.640,0.00
100,11.0,901.60,422.54,13.690,0.00
100,12.0,901.60,436.41,13.870,0.00
100,13.0,901.60,450.37,13.960,0.00
100,14.0,901.60,465.05,14.680,0.00
100,15.0,901.60,479.43,14.390,0.00
100,16.0,901.60,493.21,13.780,0.00
100,17.0,901.60,507.22,14.010,0.00
100,18.0,901.60,521.00,13.770,0.00
100,19.0,901.60,535.18,14.190,0.00
100,20.0,901.60,549.88,14.700,0.00
100,21.0,901.60,564.30,14.420,0.00
100,22.0,901.60,577.84,13.540,0.00
100,23.0,901.60,586.87,9.040,0.00
100,24.0,901.60,591.63,4.750,0.00
100,25.0,900.59,594.10,2.850,347.72
100,26.0,898.40,592.39,3.410,261.46
100,27.0,898.40,586.89,5.500,180.00
100,28.0,898.40,579.58,7.310,180.00
100,29.0,898.40,570.95,8.630,180.00
100,30.0,898.40,560.90,10.050,180.00
100,31.0,898.40,548.58,12.320,180.00
100,32.0,898.40,534.70,13.880,180.00
100,33.0,898.40,520.08,14.620,180.00
100,34.0,898.40,506.37,13.710,180.00
100,35.0,898.40,492.28,14.080,180.00
100,36.0,898.40,478.75,13.530,180.00
100,37.0,898.40,464.54,14.210,180.00
100,38.0,898.40,449.94,14.610,180.00
100,39.0,898.40,436.14,13.800,180.00
100,40.0,898.40,422.61,13.530,180.00
100,41.0,898.40,409.07,13.540,180.00
100,42.0,898.40,394.87,14.200,180.00
100,43.0,898.40,380.62,14.250,180.00
100,44.0,898.40,367.08,13.540,180.00
100,45.0,898.40,353.43,13.650,180.00
100,46.0,898.40,338.93,14.500,180.00
100,47.0,898.40,324.70,14.230,180.00
100,48.0,898.40,310.03,14.680,180.00
100,49.0,898.40,295.32,14.710,180.00
100,50.0,898.40,280.75,14.570,180.00
100,51.0,898.40,266.54,14.210,180.00
100,52.0,898.40,252.01,14.540,180.00
100,53.0,898.40,237.93,14.070,180.00
100,54.0,898.40,224.28,13.650,180.00
100,55.0,898.40,209.67,14.610,180.00
100,56.0,898.40,195.74,13.940,180.00
100,57.0,898.40,181.65,14.090,180.00
100,58.0,898.40,167.97,13.680,180.00
100,59.0,898.40,154.27,13.700,180.00
100,60.0,898.40,139.98,14.290,180.00
100,61.0,898.40,126.17,13.820,180.00
100,62.0,898.40,111.51,14.660,180.00
100,63.0,898.40,97.58,13.930,180.00
100,64.0,898.40,83.10,14.480,180.00
100,65.0,898.40,69.52,13.580,180.00
100,66.0,898.40,55.47,14.040,180.00
100,67.0,898.40,40.79,14.680,180.00
100,68.0,898.40,26.16,14.630,180.00
100,69.0,898.40,12.53,13.630,180.00
100,70.0,898.40,-1.78,14.320,180.00
100,71.0,898.40,-16.13,14.350,180.00
100,72.0,898.40,-30.30,14.170,180.00
100,73.0,898.40,-44.01,13.710,180.00
100,74.0,898.40,-58.39,14.370,180.00
100,75.0,898.40,-72.55,14.160,180.00
100,76.0,898.40,-87.21,14.670,180.00
100,77.0,898.40,-101.01,13.790,180.00
100,78.0,898.40,-114.92,13.910,180.00
100,79.0,898.40,-128.85,13.930,180.00
100,80.0,898.40,-143.08,14.230,180.00
100,81.0,898.40,-157.70,14.620,180.00
100,82.0,898.40,-171.54,13.840,180.00
100,83.0,898.40,-185.63,14.090,180.00
100,84.0,898.40,-200.07,14.440,180.00
100,85.0,898.40,-214.32,14.250,180.00
100,86.0,898.40,-227.97,13.650,180.00
100,87.0,898.40,-242.04,14.070,180.00
100,88.0,898.40,-256.39,14.350,180.00
100,89.0,898.40,-270.30,13.910,180.00
100,90.0,898.40,-284.98,14.680,180.00
100,91.0,898.40,-298.57,13.590,180.00
100,92.0,898.40,-313.33,14.760,180.00
100,93.0,898.40,-326.85,13.510,180.00
100,94.0,898.40,-341.18,14.340,180.00
100,95.0,898.40,-355.90,14.720,180.00
100,96.0,898.40,-370.11,14.210,180.00
100,97.0,898.40,-383.81,13.700,180.00
100,98.0,898.40,-397.91,14.090,180.00
100,99.0,898.40,-412.49,14.580,180.00
100,100.0,898.40,-427.27,14.780,180.00
100,101.0,898.40,-441.15,13.880,180.00
100,102.0,898.40,-454.82,13.670,180.00
100,103.0,898.40,-469.48,14.660,180.00
100,104.0,898.40,-483.23,13.750,180.00
100,105.0,898.40,-496.87,13.640,180.00
100,106.0,898.40,-511.39,14.520,180.00
100,107.0,898.40,-525.34,13.950,180.00
100,108.0,898.40,-538.91,13.570,180.00
100,109.0,898.40,-552.41,13.500,180.00
100,110.0,898.40,-567.13,14.720,180.00
100,111.0,898.40,-581.32,14.190,180.00
101,0.0,587.70,601.60,0.000,270.00
101,1.0,585.72,601.60,1.980,270.00
101,2.0,581.94,601.60,3.780,270.00
101,3.0,576.56,601.60,5.380,270.00
101,4.0,568.86,601.60,7.690,270.00
101,5.0,559.59,601.60,9.280,270.00
101,6.0,548.51,601.60,11.080,270.00
101,7.0,535.47,601.60,13.040,270.00
101,8.0,522.89,601.60,12.590,270.00
101,9.0,510.84,601.60,12.050,270.00
101,10.0,498.21,601.60,12.630,270.00
101,11.0,485.79,601.60,12.420,270.00
101,12.0,473.61,601.60,12.180,270.00
101,13.0,460.40,601.60,13.210,270.00
101,14.0,448.19,601.60,12.210,270.00
101,15.0,435.91,601.60,12.280,270.00
101,16.0,423.10,601.60,12.810,270.00
101,17.0,411.05,601.60,12.060,270.00
101,18.0,398.79,601.60,12.250,270.00
101,19.0,386.17,601.60,12.630,270.00
101,20.0,374.14,601.60,12.030,270.00
101,21.0,361.65,601.60,12.500,270.00
101,22.0,348.62,601.60,13.030,270.00
101,23.0,335.69,601.60,12.930,270.00
101,24.0,323.25,601.60,12.440,270.00
101,25.0,314.68,601.60,8.570,270.00
101,26.0,309.22,601.60,5.460,270.00
101,27.0,307.38,601.60,1.840,270.00
101,28.0,307.31,601.60,0.060,270.00
101,29.0,307.30,601.60,0.010,270.00
101,30.0,307.30,601.60,0.000,270.00
101,31.0,307.30,601.60,0.000,270.00
101,32.0,307.30,601.60,0.000,270.00
101,33.0,307.30,601.60,0.000,270.00
101,34.0,307.30,601.60,0.000,270.00
101,35.0,305.02,601.60,2.290,270.00
101,36.0,300.54,601.60,4.480,270.00
101,37.0,294.36,601.60,6.180,270.00
101,38.0,286.38,601.60,7.980,270.00
101,39.0,276.00,601.60,10.380,270.00
101,40.0,263.70,601.60,12.300,270.00
101,41.0,251.09,601.60,12.610,270.00
101,42.0,237.92,601.60,13.170,270.00
101,43.0,224.80,601.60,13.120,270.00
101,44.0,212.15,601.60,12.650,270.00
101,45.0,198.99,601.60,13.160,270.00
101,46.0,185.91,601.60,13.080,270.00
101,47.0,172.69,601.60,13.230,270.00
101,48.0,160.62,601.60,12.070,270.00
101,49.0,148.24,601.60,12.380,270.00
101,50.0,135.25,601.60,12.990,270.00
101,51.0,122.99,601.60,12.270,270.00
101,52.0,110.28,601.60,12.710,270.00
101,53.0,97.69,601.60,12.590,270.00
101,54.0,85.69,601.60,12.000,270.00
101,55.0,73.25,601.60,12.440,270.00
101,56.0,60.65,601.60,12.600,270.00
101,57.0,47.57,601.60,13.080,270.00
101,58.0,35.40,601.60,12.160,270.00
101,59.0,22.69,601.60,12.710,270.00
101,60.0,14.09,601.60,8.600,270.00
101,61.0,9.39,601.60,4.710,270.00
101,62.0,2.44,601.60,6.940,270.00
101,63.0,-6.87,601.60,9.310,270.00
101,64.0,-17.62,601.60,10.750,270.00
101,65.0,-30.22,601.60,12.600,270.00
101,66.0,-42.83,601.60,12.610,270.00
101,67.0,-55.87,601.60,13.030,270.00
101,68.0,-68.51,601.60,12.650,270.00
101,69.0,-81.71,601.60,13.200,270.00
101,70.0,-93.92,601.60,12.210,270.00
101,71.0,-106.87,601.60,12.950,270.00
101,72.0,-119.16,601.60,12.290,270.00
101,73.0,-132.07,601.60,12.910,270.00
101,74.0,-145.24,601.60,13.170,270.00
101,75.0,-157.88,601.60,12.640,270.00
101,76.0,-171.09,601.60,13.210,270.00
101,77.0,-184.13,601.60,13.040,270.00
101,78.0,-197.15,601.60,13.020,270.00
101,79.0,-209.93,601.60,12.780,270.00
101,80.0,-222.27,601.60,12.350,270.00
101,81.0,-234.78,601.60,12.510,270.00
101,82.0,-247.84,601.60,13.060,270.00
101,83.0,-261.08,601.60,13.240,270.00
101,84.0,-273.89,601.60,12.800,270.00
101,85.0,-283.71,601.60,9.820,270.00
101,86.0,-290.10,601.60,6.400,270.00
101,87.0,-298.07,601.60,7.970,270.00
101,88.0,-308.34,601.60,10.270,270.00
101,89.0,-320.99,601.60,12.650,270.00
101,90.0,-333.06,601.60,12.070,270.00
101,91.0,-345.96,601.60,12.910,270.00
101,92.0,-358.08,601.60,12.120,270.00
101,93.0,-371.35,601.60,13.270,270.00
101,94.0,-384.33,601.60,12.980,270.00
101,95.0,-396.64,601.60,12.300,270.00
101,96.0,-408.79,601.60,12.150,270.00
101,97.0,-421.03,601.60,12.240,270.00
101,98.0,-433.09,601.60,12.060,270.00
101,99.0,-445.63,601.60,12.540,270.00
101,100.0,-458.26,601.60,12.630,270.00
101,101.0,-471.34,601.60,13.080,270.00
101,102.0,-483.70,601.60,12.360,270.00
101,103.0,-496.09,601.60,12.390,270.00
101,104.0,-508.18,601.60,12.090,270.00
101,105.0,-520.34,601.60,12.160,270.00
101,106.0,-532.96,601.60,12.620,270.00
101,107.0,-546.13,601.60,13.170,270.00
101,108.0,-559.22,601.60,13.090,270.00
101,109.0,-571.72,601.60,12.510,270.00
101,110.0,-582.66,601.60,10.940,270.00
101,111.0,-589.70,601.60,7.040,270.00
101,112.0,-596.49,601.07,6.820,263.94
101,113.0,-601.06,596.56,6.670,220.04
101,114.0,-601.60,590.08,6.520,183.70
101,115.0,-601.60,580.96,9.110,180.00
101,116.0,-601.60,570.01,10.960,180.00
101,117.0,-601.60,557.23,12.780,180.00
101,118.0,-601.60,544.02,13.210,180.00
101,119.0,-601.60,531.76,12.260,180.00
101,120.0,-601.60,518.59,13.170,180.00
101,121.0,-601.60,506.32,12.260,180.00
101,122.0,-601.60,493.64,12.690,180.00
101,123.0,-601.60,481.21,12.430,180.00
101,124.0,-601.60,468.21,13.000,180.00
101,125.0,-601.60,456.18,12.040,180.00
101,126.0,-601.60,443.80,12.380,180.00
101,127.0,-601.60,431.12,12.680,180.00
102,0.0,12.30,-301.60,0.000,90.00
102,1.0,14.39,-301.60,2.090,90.00
102,2.0,18.16,-301.60,3.770,90.00
102,3.0,24.45,-301.60,6.290,90.00
102,4.0,32.75,-301.60,8.300,90.00
102,5.0,43.03,-301.60,10.280,90.00
102,6.0,55.14,-301.60,12.100,90.00
102,7.0,68.45,-301.60,13.310,90.00
102,8.0,81.82,-301.60,13.380,90.00
102,9.0,94.45,-301.60,12.630,90.00
102,10.0,107.23,-301.60,12.780,90.00
102,11.0,119.79,-301.60,12.560,90.00
102,12.0,133.23,-301.60,13.450,90.00
102,13.0,146.65,-301.60,13.410,90.00
102,14.0,159.53,-301.60,12.880,90.00
102,15.0,171.89,-301.60,12.360,90.00
102,16.0,184.78,-301.60,12.890,90.00
102,17.0,197.58,-301.60,12.800,90.00
102,18.0,209.77,-301.60,12.180,90.00
102,19.0,222.43,-301.60,12.660,90.00
102,20.0,235.44,-301.60,13.010,90.00
102,21.0,248.00,-301.60,12.550,90.00
102,22.0,260.56,-301.60,12.560,90.00
102,23.0,273.59,-301.60,13.030,90.00
102,24.0,283.68,-301.60,10.090,90.00
102,25.0,290.10,-301.60,6.420,90.00
102,26.0,293.09,-301.41,3.050,87.75
102,27.0,293.77,-299.05,3.150,44.08
102,28.0,291.30,-298.40,2.670,315.79
102,29.0,287.02,-298.40,4.280,270.00
102,30.0,280.21,-298.40,6.810,270.00
102,31.0,271.33,-298.40,8.870,270.00
102,32.0,260.89,-298.40,10.450,270.00
102,33.0,248.45,-298.40,12.440,270.00
102,34.0,235.29,-298.40,13.160,270.00
102,35.0,221.95,-298.40,13.340,270.00
102,36.0,209.53,-298.40,12.420,270.00
102,37.0,196.18,-298.40,13.350,270.00
102,38.0,182.97,-298.40,13.210,270.00
102,39.0,170.02,-298.40,12.950,270.00
102,40.0,157.11,-298.40,12.900,270.00
102,41.0,143.95,-298.40,13.160,270.00
102,42.0,131.59,-298.40,12.370,270.00
102,43.0,119.02,-298.40,12.570,270.00
102,44.0,106.39,-298.40,12.630,270.00
102,45.0,93.06,-298.40,13.340,270.00
102,46.0,80.08,-298.40,12.970,270.00
102,47.0,66.81,-298.40,13.280,270.00
102,48.0,54.40,-298.40,12.410,270.00
102,49.0,41.61,-298.40,12.790,270.00
102,50.0,29.29,-298.40,12.320,270.00
102,51.0,17.95,-298.40,11.340,270.00
102,52.0,10.72,-298.40,7.230,270.00
102,53.0,1.61,-298.40,9.100,270.00
102,54.0,-9.43,-298.40,11.050,270.00
102,55.0,-22.20,-298.40,12.770,270.00
102,56.0,-34.97,-298.40,12.770,270.00
102,57.0,-47.74,-298.40,12.770,270.00
102,58.0,-60.21,-298.40,12.470,270.00
102,59.0,-72.94,-298.40,12.730,270.00
102,60.0,-85.49,-298.40,12.550,270.00
102,61.0,-98.34,-298.40,12.850,270.00
102,62.0,-111.24,-298.40,12.900,270.00
102,63.0,-124.23,-298.40,12.990,270.00
102,64.0,-136.88,-298.40,12.650,270.00
102,65.0,-149.74,-298.40,12.860,270.00
102,66.0,-162.75,-298.40,13.010,270.00
102,67.0,-175.17,-298.40,12.420,270.00
102,68.0,-188.43,-298.40,13.260,270.00
102,69.0,-201.44,-298.40,13.010,270.00
102,70.0,-214.24,-298.40,12.800,270.00
102,71.0,-226.81,-298.40,12.570,270.00
102,72.0,-239.21,-298.40,12.390,270.00
102,73.0,-252.22,-298.40,13.010,270.00
102,74.0,-264.70,-298.40,12.480,270.00
102,75.0,-278.00,-298.40,13.300,270.00
102,76.0,-286.80,-298.40,8.800,270.00
102,77.0,-291.23,-298.40,4.430,270.00
102,78.0,-297.84,-298.40,6.610,270.00
102,79.0,-305.79,-298.40,7.950,270.00
102,80.0,-315.48,-298.40,9.690,270.00
102,81.0,-326.86,-298.40,11.370,270.00
102,82.0,-339.28,-298.40,12.420,270.00
102,83.0,-352.72,-298.40,13.440,270.00
102,84.0,-365.48,-298.40,12.760,270.00
102,85.0,-378.39,-298.40,12.900,270.00
102,86.0,-391.63,-298.40,13.250,270.00
102,87.0,-404.06,-298.40,12.430,270.00
102,88.0,-416.75,-298.40,12.690,270.00
102,89.0,-429.14,-298.40,12.390,270.00
102,90.0,-441.95,-298.40,12.820,270.00
102,91.0,-455.21,-298.40,13.250,270.00
102,92.0,-468.19,-298.40,12.980,270.00
102,93.0,-481.48,-298.40,13.290,270.00
102,94.0,-494.03,-298.40,12.550,270.00
102,95.0,-506.58,-298.40,12.550,270.00
102,96.0,-519.55,-298.40,12.970,270.00
102,97.0,-532.07,-298.40,12.520,270.00
102,98.0,-545.08,-298.40,13.010,270.00
102,99.0,-558.29,-298.40,13.210,270.00
102,100.0,-571.02,-298.40,12.730,270.00
102,101.0,-582.07,-298.40,11.050,270.00
102,102.0,-589.14,-298.40,7.080,270.00
102,103.0,-594.90,-298.10,5.780,273.45
102,104.0,-598.26,-293.76,5.940,327.82
102,105.0,-598.40,-288.13,5.640,359.46
102,106.0,-598.40,-280.17,7.960,0.00
102,107.0,-598.40,-270.78,9.390,0.00
102,108.0,-598.40,-260.04,10.740,0.00
102,109.0,-598.40,-247.14,12.900,0.00
102,110.0,-598.40,-234.06,13.080,0.00
102,111.0,-598.40,-220.87,13.190,0.00
102,112.0,-598.40,-207.96,12.910,0.00
102,113.0,-598.40,-195.12,12.840,0.00
102,114.0,-598.40,-182.37,12.750,0.00
102,115.0,-598.40,-169.19,13.180,0.00
102,116.0,-598.40,-156.47,12.720,0.00
102,117.0,-598.40,-143.88,12.590,0.00
102,118.0,-598.40,-131.39,12.490,0.00
102,119.0,-598.40,-118.45,12.940,0.00
102,120.0,-598.40,-105.52,12.930,0.00
102,121.0,-598.40,-93.03,12.490,0.00
102,122.0,-598.40,-79.68,13.350,0.00
102,123.0,-598.40,-67.22,12.460,0.00
102,124.0,-598.40,-54.98,12.240,0.00
102,125.0,-598.40,-42.18,12.810,0.00
102,126.0,-598.40,-29.73,12.440,0.00
103,0.0,-287.70,598.40,0.000,90.00
103,1.0,-285.51,598.40,2.190,90.00
103,2.0,-281.26,598.40,4.240,90.00
103,3.0,-275.33,598.40,5.930,90.00
103,4.0,-267.45,598.40,7.880,90.00
103,5.0,-257.48,598.40,9.970,90.00
103,6.0,-245.15,598.40,12.340,90.00
103,7.0,-232.09,598.40,13.060,90.00
103,8.0,-219.31,598.40,12.780,90.00
103,9.0,-207.29,598.40,12.020,90.00
103,10.0,-194.44,598.40,12.850,90.00
103,11.0,-181.91,598.40,12.520,90.00
103,12.0,-168.99,598.40,12.920,90.00
103,13.0,-156.24,598.40,12.750,90.00
103,14.0,-143.77,598.40,12.470,90.00
103,15.0,-130.67,598.40,13.100,90.00
103,16.0,-118.58,598.40,12.090,90.00
103,17.0,-106.50,598.40,12.080,90.00
103,18.0,-93.44,598.40,13.060,90.00
103,19.0,-81.44,598.40,12.000,90.00
103,20.0,-68.23,598.40,13.210,90.00
103,21.0,-55.04,598.40,13.200,90.00
103,22.0,-42.30,598.40,12.740,90.00
103,23.0,-29.34,598.40,12.950,90.00
103,24.0,-18.36,598.40,10.980,90.00
103,25.0,-11.00,598.40,7.360,90.00
103,26.0,-8.07,598.40,2.930,90.00
103,27.0,-7.36,598.40,0.700,90.00
103,28.0,-7.32,598.40,0.040,90.00
103,29.0,-7.30,598.40,0.020,90.00
103,30.0,-7.30,598.40,0.000,90.00
103,31.0,-7.30,598.40,0.000,90.00
103,32.0,-7.30,598.40,0.000,90.00
103,33.0,-7.30,598.40,0.000,90.00
103,34.0,-7.30,598.40,0.000,90.00
103,35.0,-7.30,598.40,0.000,90.00
103,36.0,-7.30,598.40,0.000,90.00
103,37.0,-7.30,598.40,0.000,90.00
103,38.0,-7.30,598.40,0.000,90.00
103,39.0,-7.30,598.40,0.000,90.00
103,40.0,-7.30,598.40,0.000,90.00
103,41.0,-7.30,598.40,0.000,90.00
103,42.0,-5.23,598.12,2.090,93.23
103,43.0,-2.46,596.10,3.570,117.93
103,44.0,-1.60,590.72,5.540,173.25
103,45.0,-1.60,582.75,7.970,180.00
103,46.0,-1.60,572.66,10.100,180.00
103,47.0,-1.60,560.18,12.480,180.00
103,48.0,-1.60,547.07,13.110,180.00
103,49.0,-1.60,534.72,12.350,180.00
103,50.0,-1.60,521.87,12.850,180.00
103,51.0,-1.60,509.24,12.630,180.00
103,52.0,-1.60,496.39,12.860,180.00
103,53.0,-1.60,483.96,12.430,180.00
103,54.0,-1.60,470.99,12.970,180.00
103,55.0,-1.60,458.80,12.190,180.00
103,56.0,-1.60,446.14,12.660,180.00
103,57.0,-1.60,433.51,12.630,180.00
103,58.0,-1.60,421.33,12.180,180.00
103,59.0,-1.60,408.61,12.720,180.00
103,60.0,-1.60,395.73,12.890,180.00
103,61.0,-1.60,382.96,12.770,180.00
103,62.0,-1.60,370.54,12.410,180.00
103,63.0,-1.60,357.92,12.620,180.00
103,64.0,-1.60,344.93,12.990,180.00
103,65.0,-1.60,332.07,12.860,180.00
103,66.0,-1.60,319.56,12.520,180.00
103,67.0,-1.60,306.83,12.730,180.00
103,68.0,-1.60,294.65,12.180,180.00
103,69.0,-1.60,282.25,12.400,180.00
103,70.0,-1.60,269.72,12.530,180.00
103,71.0,-1.60,256.78,12.940,180.00
103,72.0,-1.60,244.57,12.210,180.00
103,73.0,-1.60,231.62,12.950,180.00
103,74.0,-1.60,219.09,12.530,180.00
103,75.0,-1.60,206.48,12.620,180.00
103,76.0,-1.60,193.90,12.570,180.00
103,77.0,-1.60,181.00,12.910,180.00
103,78.0,-1.60,169.01,11.990,180.00
103,79.0,-1.60,157.01,12.000,180.00
103,80.0,-1.60,144.18,12.830,180.00
103,81.0,-1.60,131.27,12.910,180.00
103,82.0,-1.60,118.35,12.920,180.00
103,83.0,-1.60,106.34,12.010,180.00
103,84.0,-1.60,93.30,13.050,180.00
103,85.0,-1.60,80.48,12.810,180.00
103,86.0,-1.60,67.66,12.820,180.00
103,87.0,-1.60,55.00,12.670,180.00
103,88.0,-1.60,41.94,13.060,180.00
103,89.0,-1.60,28.85,13.090,180.00
103,90.0,-1.60,16.31,12.540,180.00
103,91.0,-1.60,7.36,8.950,180.00
103,92.0,-3.75,2.55,5.550,206.11
103,93.0,-8.65,1.60,5.100,259.38
103,94.0,-15.28,1.60,6.630,270.00
103,95.0,-24.46,1.60,9.180,270.00
103,96.0,-35.50,1.60,11.040,270.00
103,97.0,-48.49,1.60,12.980,270.00
103,98.0,-60.65,1.60,12.170,270.00
103,99.0,-72.63,1.60,11.980,270.00
103,100.0,-85.73,1.60,13.100,270.00
103,101.0,-98.74,1.60,13.010,270.00
103,102.0,-111.96,1.60,13.220,270.00
103,103.0,-124.33,1.60,12.370,270.00
103,104.0,-136.44,1.60,12.120,270.00
103,105.0,-148.69,1.60,12.250,270.00
103,106.0,-160.81,1.60,12.120,270.00
103,107.0,-173.83,1.60,13.010,270.00
103,108.0,-186.28,1.60,12.450,270.00
103,109.0,-198.65,1.60,12.370,270.00
103,110.0,-211.48,1.60,12.830,270.00
103,111.0,-224.37,1.60,12.890,270.00
103,112.0,-237.36,1.60,13.000,270.00
103,113.0,-249.95,1.60,12.580,270.00
103,114.0,-262.09,1.60,12.140,270.00
103,115.0,-274.45,1.60,12.360,270.00
103,116.0,-283.80,1.60,9.350,270.00
103,117.0,-289.51,1.60,5.710,270.00
103,118.0,-296.71,1.60,7.200,270.00
103,119.0,-306.44,1.60,9.720,270.00
103,120.0,-317.88,1.60,11.450,270.00
103,121.0,-330.04,1.60,12.150,270.00
103,122.0,-342.39,1.60,12.350,270.00
103,123.0,-354.60,1.60,12.210,270.00
103,124.0,-366.55,1.60,11.950,270.00
103,125.0,-379.51,1.60,12.970,270.00
104,0.0,-287.70,298.40,0.000,90.00
104,1.0,-285.68,298.40,2.020,90.00
104,2.0,-281.62,298.40,4.050,90.00
104,3.0,-275.87,298.40,5.750,90.00
104,4.0,-268.40,298.40,7.470,90.00
104,5.0,-259.08,298.40,9.320,90.00
104,6.0,-247.38,298.40,11.710,90.00
104,7.0,-235.43,298.40,11.950,90.00
104,8.0,-224.14,298.40,11.290,90.00
104,9.0,-212.07,298.40,12.070,90.00
104,10.0,-200.72,298.40,11.350,90.00
104,11.0,-189.38,298.40,11.330,90.00
104,12.0,-177.34,298.40,12.050,90.00
104,13.0,-165.80,298.40,11.530,90.00
104,14.0,-154.54,298.40,11.260,90.00
104,15.0,-142.52,298.40,12.020,90.00
104,16.0,-130.57,298.40,11.950,90.00
104,17.0,-118.65,298.40,11.920,90.00
104,18.0,-107.08,298.40,11.570,90.00
104,19.0,-95.78,298.40,11.290,90.00
104,20.0,-83.52,298.40,12.270,90.00
104,21.0,-71.83,298.40,11.690,90.00
104,22.0,-59.94,298.40,11.890,90.00
104,23.0,-48.55,298.40,11.390,90.00
104,24.0,-36.66,298.40,11.890,90.00
104,25.0,-24.78,298.40,11.870,90.00
104,26.0,-14.53,298.40,10.260,90.00
104,27.0,-8.77,298.40,5.760,90.00
104,28.0,-1.37,298.40,7.400,90.00
104,29.0,7.97,298.40,9.340,90.00
104,30.0,19.61,298.40,11.640,90.00
104,31.0,30.78,298.40,11.170,90.00
104,32.0,42.43,298.40,11.650,90.00
104,33.0,53.74,298.40,11.310,90.00
104,34.0,65.88,298.40,12.140,90.00
104,35.0,77.49,298.40,11.610,90.00
104,36.0,89.37,298.40,11.880,90.00
104,37.0,100.81,298.40,11.430,90.00
104,38.0,112.15,298.40,11.340,90.00
104,39.0,124.18,298.40,12.030,90.00
104,40.0,136.24,298.40,12.060,90.00
104,41.0,147.39,298.40,11.150,90.00
104,42.0,159.76,298.40,12.370,90.00
104,43.0,172.08,298.40,12.320,90.00
104,44.0,184.34,298.40,12.260,90.00
104,45.0,196.56,298.40,12.220,90.00
104,46.0,208.15,298.40,11.590,90.00
104,47.0,220.20,298.40,12.060,90.00
104,48.0,231.65,298.40,11.440,90.00
104,49.0,242.85,298.40,11.210,90.00
104,50.0,255.26,298.40,12.400,90.00
104,51.0,267.14,298.40,11.890,90.00
104,52.0,278.74,298.40,11.600,90.00
104,53.0,287.09,298.40,8.350,90.00
104,54.0,291.00,298.40,3.910,90.00
104,55.0,292.11,298.40,1.110,90.00
104,56.0,292.48,298.40,0.370,90.00
104,57.0,292.67,298.40,0.190,90.00
104,58.0,293.73,298.40,1.060,90.00
104,59.0,296.63,298.40,2.900,90.00
104,60.0,301.13,298.40,4.500,90.00
104,61.0,307.52,298.40,6.390,90.00
104,62.0,315.86,298.40,8.330,90.00
104,63.0,326.37,298.40,10.510,90.00
104,64.0,338.61,298.40,12.240,90.00
104,65.0,349.93,298.40,11.320,90.00
104,66.0,361.91,298.40,11.980,90.00
104,67.0,373.17,298.40,11.260,90.00
104,68.0,385.31,298.40,12.140,90.00
104,69.0,396.90,298.40,11.590,90.00
104,70.0,408.72,298.40,11.820,90.00
104,71.0,420.35,298.40,11.640,90.00
104,72.0,432.50,298.40,12.150,90.00
104,73.0,444.85,298.40,12.350,90.00
104,74.0,456.38,298.40,11.530,90.00
104,75.0,468.21,298.40,11.830,90.00
104,76.0,480.20,298.40,11.990,90.00
104,77.0,491.65,298.40,11.450,90.00
104,78.0,503.58,298.40,11.930,90.00
104,79.0,515.61,298.40,12.030,90.00
104,80.0,526.90,298.40,11.300,90.00
104,81.0,538.42,298.40,11.510,90.00
104,82.0,549.68,298.40,11.260,90.00
104,83.0,561.16,298.40,11.480,90.00
104,84.0,572.94,298.40,11.780,90.00
104,85.0,583.85,298.40,10.910,90.00
104,86.0,590.27,298.40,6.410,90.00
104,87.0,598.36,298.40,8.100,90.00
104,88.0,608.70,298.40,10.340,90.00
104,89.0,620.74,298.40,12.040,90.00
104,90.0,632.09,298.40,11.350,90.00
104,91.0,643.45,298.40,11.360,90.00
104,92.0,655.65,298.40,12.200,90.00
104,93.0,668.04,298.40,12.390,90.00
104,94.0,679.92,298.40,11.880,90.00
104,95.0,691.25,298.40,11.340,90.00
104,96.0,703.11,298.40,11.860,90.00
104,97.0,715.22,298.40,12.100,90.00
104,98.0,726.52,298.40,11.300,90.00
104,99.0,738.09,298.40,11.570,90.00
104,100.0,749.72,298.40,11.620,90.00
104,101.0,760.95,298.40,11.230,90.00
104,102.0,772.71,298.40,11.760,90.00
104,103.0,784.56,298.40,11.850,90.00
104,104.0,796.77,298.40,12.210,90.00
104,105.0,808.81,298.40,12.040,90.00
104,106.0,820.35,298.40,11.540,90.00
104,107.0,831.47,298.40,11.130,90.00
104,108.0,843.68,298.40,12.200,90.00
104,109.0,855.35,298.40,11.670,90.00
104,110.0,866.53,298.40,11.180,90.00
104,111.0,878.33,298.40,11.800,90.00
104,112.0,887.20,298.40,8.880,90.00
104,113.0,891.79,298.40,4.590,90.00
104,114.0,897.97,299.74,6.440,74.90
104,115.0,901.34,305.38,6.930,21.63
104,116.0,901.60,312.28,6.920,0.00
104,117.0,901.60,320.59,8.310,0.00
104,118.0,901.60,331.11,10.530,0.00
104,119.0,901.60,342.52,11.410,0.00
104,120.0,901.60,354.46,11.940,0.00
104,121.0,901.60,365.84,11.380,0.00
104,122.0,901.60,377.27,11.430,0.00
105,0.0,-587.70,898.40,0.000,90.00
105,1.0,-585.80,898.40,1.900,90.00
105,2.0,-581.70,898.40,4.100,90.00
105,3.0,-575.57,898.40,6.120,90.00
105,4.0,-568.12,898.40,7.450,90.00
105,5.0,-558.61,898.40,9.510,90.00
105,6.0,-547.56,898.40,11.040,90.00
105,7.0,-534.96,898.40,12.600,90.00
105,8.0,-520.44,898.40,14.520,90.00
105,9.0,-506.66,898.40,13.780,90.00
105,10.0,-493.01,898.40,13.650,90.00
105,11.0,-478.87,898.40,14.140,90.00
105,12.0,-464.72,898.40,14.150,90.00
105,13.0,-450.69,898.40,14.020,90.00
105,14.0,-435.99,898.40,14.710,90.00
105,15.0,-422.03,898.40,13.950,90.00
105,16.0,-407.43,898.40,14.600,90.00
105,17.0,-392.82,898.40,14.610,90.00
105,18.0,-378.36,898.40,14.460,90.00
105,19.0,-364.13,898.40,14.240,90.00
105,20.0,-350.49,898.40,13.640,90.00
105,21.0,-335.86,898.40,14.630,90.00
105,22.0,-321.33,898.40,14.530,90.00
105,23.0,-307.20,898.40,14.130,90.00
105,24.0,-293.14,898.40,14.050,90.00
105,25.0,-278.56,898.40,14.580,90.00
105,26.0,-264.08,898.40,14.480,90.00
105,27.0,-249.36,898.40,14.720,90.00
105,28.0,-235.10,898.40,14.260,90.00
105,29.0,-220.47,898.40,14.630,90.00
105,30.0,-206.83,898.40,13.630,90.00
105,31.0,-192.36,898.40,14.470,90.00
105,32.0,-177.56,898.40,14.800,90.00
105,33.0,-163.08,898.40,14.480,90.00
105,34.0,-148.59,898.40,14.500,90.00
105,35.0,-134.29,898.40,14.290,90.00
105,36.0,-120.78,898.40,13.520,90.00
105,37.0,-106.68,898.40,14.090,90.00
105,38.0,-94.49,898.40,12.190,90.00
105,39.0,-81.52,898.40,12.970,90.00
105,40.0,-68.26,898.40,13.260,90.00
105,41.0,-55.95,898.40,12.310,90.00
105,42.0,-42.53,898.40,13.420,90.00
105,43.0,-29.71,898.40,12.820,90.00
105,44.0,-16.54,898.40,13.180,90.00
105,45.0,-4.29,898.40,12.250,90.00
105,46.0,9.15,898.40,13.440,90.00
105,47.0,21.23,898.40,12.080,90.00
105,48.0,33.19,898.40,11.960,90.00
105,49.0,45.41,898.40,12.220,90.00
105,50.0,58.32,898.40,12.910,90.00
105,51.0,70.26,898.40,11.940,90.00
105,52.0,82.43,898.40,12.170,90.00
105,53.0,94.94,898.40,12.500,90.00
105,54.0,106.44,898.40,11.500,90.00
105,55.0,118.39,898.40,11.950,90.00
105,56.0,131.13,898.40,12.750,90.00
105,57.0,143.75,898.40,12.610,90.00
105,58.0,156.74,898.40,12.990,90.00
105,59.0,168.23,898.40,11.500,90.00
105,60.0,181.10,898.40,12.870,90.00
105,61.0,193.01,898.40,11.900,90.00
105,62.0,205.51,898.40,12.500,90.00
105,63.0,218.55,898.40,13.040,90.00
105,64.0,230.57,898.40,12.020,90.00
105,65.0,242.99,898.40,12.420,90.00
105,66.0,254.53,898.40,11.540,90.00
105,67.0,266.44,898.40,11.910,90.00
105,68.0,276.09,898.40,9.650,90.00
105,69.0,282.98,898.40,6.900,90.00
105,70.0,288.84,898.40,5.850,90.00
105,71.0,296.27,898.40,7.430,90.00
105,72.0,305.87,898.40,9.600,90.00
105,73.0,317.17,898.40,11.310,90.00
105,74.0,329.80,898.40,12.630,90.00
105,75.0,343.68,898.40,13.880,90.00
105,76.0,357.48,898.40,13.800,90.00
105,77.0,371.24,898.40,13.750,90.00
105,78.0,385.80,898.40,14.560,90.00
105,79.0,399.67,898.40,13.870,90.00
105,80.0,414.28,898.40,14.610,90.00
105,81.0,428.07,898.40,13.790,90.00
105,82.0,442.09,898.40,14.020,90.00
105,83.0,456.00,898.40,13.910,90.00
105,84.0,470.48,898.40,14.480,90.00
105,85.0,484.83,898.40,14.360,90.00
105,86.0,499.36,898.40,14.530,90.00
105,87.0,514.09,898.40,14.740,90.00
105,88.0,528.21,898.40,14.120,90.00
105,89.0,542.99,898.40,14.780,90.00
105,90.0,557.54,898.40,14.550,90.00
105,91.0,571.24,898.40,13.700,90.00
105,92.0,584.14,898.40,12.890,90.00
105,93.0,592.79,898.40,8.660,90.00
105,94.0,597.94,895.43,6.350,126.10
105,95.0,598.40,888.98,6.510,178.09
105,96.0,598.40,880.40,8.580,180.00
105,97.0,598.40,869.81,10.590,180.00
105,98.0,598.40,857.05,12.760,180.00
105,99.0,598.40,843.34,13.710,180.00
105,100.0,598.40,829.47,13.870,180.00
105,101.0,598.40,815.87,13.600,180.00
105,102.0,598.40,801.81,14.060,180.00
105,103.0,598.40,788.12,13.700,180.00
105,104.0,598.40,774.21,13.910,180.00
105,105.0,598.40,760.36,13.840,180.00
105,106.0,598.40,746.01,14.350,180.00
105,107.0,598.40,731.34,14.670,180.00
105,108.0,598.40,716.53,14.810,180.00
105,109.0,598.40,702.92,13.610,180.00
105,110.0,598.40,688.25,14.670,180.00
105,111.0,598.40,673.41,14.840,180.00
105,112.0,598.40,659.19,14.220,180.00
105,113.0,598.40,644.55,14.640,180.00
105,114.0,598.40,630.21,14.340,180.00
105,115.0,598.40,616.49,13.720,180.00
105,116.0,598.40,601.99,14.500,180.00
105,117.0,598.40,587.67,14.320,180.00
105,118.0,598.40,574.01,13.670,180.00
105,119.0,598.40,559.17,14.840,180.00
105,120.0,598.40,544.70,14.470,180.00
105,121.0,598.40,530.31,14.390,180.00
105,122.0,598.40,515.89,14.410,180.00
105,123.0,598.40,502.07,13.830,180.00
106,0.0,1.60,-587.70,0.000,0.00
106,1.0,1.60,-585.86,1.840,0.00
106,2.0,1.60,-581.96,3.900,0.00
106,3.0,1.60,-575.65,6.310,0.00
106,4.0,1.60,-566.80,8.850,0.00
106,5.0,1.60,-556.43,10.360,0.00
106,6.0,1.60,-544.64,11.790,0.00
106,7.0,1.60,-530.82,13.820,0.00
106,8.0,1.60,-517.69,13.130,0.00
106,9.0,1.60,-503.92,13.760,0.00
106,10.0,1.60,-491.02,12.900,0.00
106,11.0,1.60,-478.16,12.860,0.00
106,12.0,1.60,-465.08,13.070,0.00
106,13.0,1.60,-451.42,13.660,0.00
106,14.0,1.60,-437.44,13.980,0.00
106,15.0,1.60,-423.72,13.720,0.00
106,16.0,1.60,-410.83,12.890,0.00
106,17.0,1.60,-397.52,13.310,0.00
106,18.0,1.60,-383.83,13.690,0.00
106,19.0,1.60,-370.55,13.280,0.00
106,20.0,1.60,-357.52,13.030,0.00
106,21.0,1.60,-343.45,14.070,0.00
106,22.0,1.60,-330.64,12.800,0.00
106,23.0,1.60,-319.08,11.560,0.00
106,24.0,1.60,-310.91,8.170,0.00
106,25.0,1.60,-307.24,3.670,0.00
106,26.0,-0.74,-305.97,3.200,322.63
106,27.0,-1.60,-308.72,3.030,225.22
106,28.0,-1.60,-313.83,5.110,180.00
106,29.0,-1.60,-321.38,7.540,180.00
106,30.0,-1.60,-331.00,9.620,180.00
106,31.0,-1.60,-342.45,11.450,180.00
106,32.0,-1.60,-355.98,13.530,180.00
106,33.0,-1.60,-370.04,14.060,180.00
106,34.0,-1.60,-383.10,13.060,180.00
106,35.0,-1.60,-396.58,13.480,180.00
106,36.0,-1.60,-410.23,13.650,180.00
106,37.0,-1.60,-423.80,13.560,180.00
106,38.0,-1.60,-436.62,12.830,180.00
106,39.0,-1.60,-450.14,13.510,180.00
106,40.0,-1.60,-464.12,13.990,180.00
106,41.0,-1.60,-478.07,13.950,180.00
106,42.0,-1.60,-491.35,13.280,180.00
106,43.0,-1.60,-505.37,14.010,180.00
106,44.0,-1.60,-519.39,14.020,180.00
106,45.0,-1.60,-533.07,13.690,180.00
106,46.0,-1.60,-546.30,13.220,180.00
106,47.0,-1.60,-560.08,13.790,180.00
106,48.0,-1.60,-572.95,12.870,180.00
106,49.0,-1.60,-585.87,12.920,180.00
106,50.0,-1.60,-598.98,13.120,180.00
106,51.0,-1.60,-612.09,13.110,180.00
106,52.0,-1.60,-625.15,13.060,180.00
106,53.0,-1.60,-638.45,13.300,180.00
106,54.0,-1.60,-652.37,13.920,180.00
106,55.0,-1.60,-666.32,13.940,180.00
106,56.0,-1.60,-679.56,13.250,180.00
106,57.0,-1.60,-693.42,13.860,180.00
106,58.0,-1.60,-706.56,13.130,180.00
106,59.0,-1.60,-719.66,13.100,180.00
106,60.0,-1.60,-733.01,13.350,180.00
106,61.0,-1.60,-747.01,14.000,180.00
106,62.0,-1.60,-760.24,13.230,180.00
106,63.0,-1.60,-774.24,14.000,180.00
106,64.0,-1.60,-788.31,14.070,180.00
106,65.0,-1.60,-801.32,13.010,180.00
106,66.0,-1.60,-814.89,13.580,180.00
106,67.0,-1.60,-827.78,12.890,180.00
106,68.0,-1.60,-840.75,12.960,180.00
106,69.0,-1.60,-853.68,12.930,180.00
106,70.0,-1.60,-867.46,13.780,180.00
106,71.0,-1.60,-880.06,12.600,180.00
106,72.0,-1.60,-888.16,8.100,180.00
106,73.0,-1.60,-892.55,4.390,180.00
106,74.0,-4.47,-897.88,6.470,214.84
106,75.0,-9.88,-898.40,5.490,266.23
106,76.0,-16.90,-898.40,7.020,270.00
106,77.0,-25.79,-898.40,8.890,270.00
106,78.0,-36.36,-898.40,10.570,270.00
106,79.0,-48.66,-898.40,12.300,270.00
106,80.0,-62.42,-898.40,13.760,270.00
106,81.0,-75.39,-898.40,12.970,270.00
106,82.0,-89.35,-898.40,13.960,270.00
106,83.0,-102.55,-898.40,13.200,270.00
106,84.0,-116.37,-898.40,13.830,270.00
106,85.0,-129.91,-898.40,13.540,270.00
106,86.0,-142.83,-898.40,12.920,270.00
106,87.0,-156.41,-898.40,13.580,270.00
106,88.0,-169.35,-898.40,12.940,270.00
106,89.0,-183.25,-898.40,13.890,270.00
106,90.0,-197.12,-898.40,13.880,270.00
106,91.0,-210.35,-898.40,13.220,270.00
106,92.0,-224.12,-898.40,13.770,270.00
106,93.0,-238.10,-898.40,13.970,270.00
106,94.0,-251.40,-898.40,13.300,270.00
106,95.0,-264.93,-898.40,13.530,270.00
106,96.0,-278.27,-898.40,13.340,270.00
106,97.0,-291.30,-898.40,13.030,270.00
107,0.0,887.70,301.60,0.000,270.00
107,1.0,885.76,301.60,1.940,270.00
107,2.0,882.26,301.60,3.510,270.00
107,3.0,876.17,301.60,6.090,270.00
107,4.0,868.31,301.60,7.850,270.00
107,5.0,858.28,301.60,10.030,270.00
107,6.0,846.29,301.60,11.990,270.00
107,7.0,832.59,301.60,13.700,270.00
107,8.0,819.18,301.60,13.410,270.00
107,9.0,805.10,301.60,14.080,270.00
107,10.0,791.69,301.60,13.410,270.00
107,11.0,778.44,301.60,13.250,270.00
107,12.0,764.45,301.60,14.000,270.00
107,13.0,750.74,301.60,13.710,270.00
107,14.0,737.42,301.60,13.320,270.00
107,15.0,723.07,301.60,14.350,270.00
107,16.0,709.63,301.60,13.450,270.00
107,17.0,696.05,301.60,13.580,270.00
107,18.0,682.70,301.60,13.350,270.00
107,19.0,669.40,301.60,13.300,270.00
107,20.0,655.12,301.60,14.280,270.00
107,21.0,641.15,301.60,13.970,270.00
107,22.0,626.81,301.60,14.350,270.00
107,23.0,616.18,301.60,10.630,270.00
107,24.0,609.57,301.60,6.610,270.00
107,25.0,603.89,302.47,5.860,280.19
107,26.0,601.60,307.65,5.990,342.93
107,27.0,601.60,315.99,8.340,0.00
107,28.0,601.60,325.75,9.760,0.00
107,29.0,601.60,337.14,11.400,0.00
107,30.0,601.60,350.89,13.750,0.00
107,31.0,601.60,364.18,13.290,0.00
107,32.0,601.60,377.62,13.440,0.00
107,33.0,601.60,391.65,14.030,0.00
107,34.0,601.60,405.10,13.450,0.00
107,35.0,601.60,418.58,13.480,0.00
107,36.0,601.60,432.65,14.070,0.00
107,37.0,601.60,446.23,13.580,0.00
107,38.0,601.60,459.51,13.280,0.00
107,39.0,601.60,472.73,13.220,0.00
107,40.0,601.60,486.84,14.110,0.00
107,41.0,601.60,501.17,14.340,0.00
107,42.0,601.60,515.03,13.860,0.00
107,43.0,601.60,528.18,13.140,0.00
107,44.0,601.60,541.79,13.610,0.00
107,45.0,601.60,555.20,13.410,0.00
107,46.0,601.60,568.85,13.650,0.00
107,47.0,601.60,582.07,13.220,0.00
107,48.0,601.60,596.01,13.940,0.00
107,49.0,601.60,609.34,13.330,0.00
107,50.0,601.60,623.09,13.750,0.00
107,51.0,601.60,636.83,13.740,0.00
107,52.0,601.60,650.79,13.960,0.00
107,53.0,601.60,664.27,13.480,0.00
107,54.0,601.60,677.56,13.290,0.00
107,55.0,601.60,691.46,13.900,0.00
107,56.0,601.60,705.60,14.140,0.00
107,57.0,601.60,719.75,14.150,0.00
107,58.0,601.60,733.00,13.250,0.00
107,59.0,601.60,746.17,13.170,0.00
107,60.0,601.60,759.76,13.580,0.00
107,61.0,601.60,773.36,13.600,0.00
107,62.0,601.60,786.70,13.340,0.00
107,63.0,601.60,800.03,13.330,0.00
107,64.0,601.60,813.53,13.500,0.00
107,65.0,601.60,827.55,14.020,0.00
107,66.0,601.60,841.28,13.720,0.00
107,67.0,601.60,855.47,14.190,0.00
107,68.0,601.60,869.83,14.360,0.00
107,69.0,601.60,881.23,11.400,0.00
107,70.0,601.60,888.13,6.900,0.00
107,71.0,601.60,892.15,4.020,0.00
107,72.0,603.53,897.32,5.780,23.50
107,73.0,609.57,898.40,6.270,85.01
107,74.0,617.59,898.40,8.020,90.00
107,75.0,627.90,898.40,10.310,90.00
107,76.0,640.15,898.40,12.250,90.00
107,77.0,654.13,898.40,13.980,90.00
107,78.0,667.25,898.40,13.130,90.00
107,79.0,681.20,898.40,13.940,90.00
107,80.0,694.54,898.40,13.340,90.00
107,81.0,708.35,898.40,13.810,90.00
107,82.0,722.30,898.40,13.950,90.00
107,83.0,736.22,898.40,13.920,90.00
107,84.0,749.48,898.40,13.260,90.00
107,85.0,763.76,898.40,14.290,90.00
107,86.0,777.43,898.40,13.670,90.00
107,87.0,790.64,898.40,13.210,90.00
107,88.0,803.84,898.40,13.200,90.00
107,89.0,817.87,898.40,14.030,90.00
107,90.0,831.74,898.40,13.870,90.00
107,91.0,845.92,898.40,14.170,90.00
107,92.0,859.62,898.40,13.700,90.00
107,93.0,873.88,898.40,14.260,90.00
107,94.0,886.65,898.40,12.770,90.00
107,95.0,894.92,898.40,8.270,90.00
107,96.0,898.33,897.29,3.960,103.95
107,97.0,898.40,893.67,3.630,169.03
107,98.0,898.40,888.19,5.480,180.00
107,99.0,898.40,880.35,7.840,180.00
107,100.0,898.40,870.21,10.140,180.00
107,101.0,898.40,857.81,12.390,180.00
107,102.0,898.40,843.51,14.300,180.00
107,103.0,898.40,829.67,13.840,180.00
107,104.0,898.40,815.87,13.800,180.00
107,105.0,898.40,802.39,13.480,180.00
107,106.0,898.40,789.04,13.350,180.00
107,107.0,898.40,774.86,14.170,180.00
107,108.0,898.40,760.98,13.880,180.00
107,109.0,898.40,746.63,14.360,180.00
107,110.0,898.40,732.71,13.920,180.00
107,111.0,898.40,718.41,14.300,180.00
107,112.0,898.40,704.71,13.690,180.00
107,113.0,898.40,690.88,13.830,180.00
107,114.0,898.40,676.71,14.170,180.00
107,115.0,898.40,663.15,13.550,180.00
107,116.0,898.40,649.11,14.040,180.00
107,117.0,898.40,635.67,13.440,180.00
107,118.0,898.40,621.94,13.730,180.00
108,0.0,12.30,598.40,0.000,90.00
108,1.0,13.97,598.40,1.670,90.00
108,2.0,17.43,598.40,3.460,90.00
108,3.0,22.53,598.40,5.100,90.00
108,4.0,29.65,598.40,7.120,90.00
108,5.0,39.18,598.40,9.530,90.00
108,6.0,50.51,598.40,11.330,90.00
108,7.0,63.85,598.40,13.350,90.00
108,8.0,78.08,598.40,14.230,90.00
108,9.0,91.67,598.40,13.590,90.00
108,10.0,106.30,598.40,14.630,90.00
108,11.0,120.50,598.40,14.190,90.00
108,12.0,134.18,598.40,13.680,90.00
108,13.0,148.80,598.40,14.620,90.00
108,14.0,163.20,598.40,14.400,90.00
108,15.0,177.80,598.40,14.600,90.00
108,16.0,191.50,598.40,13.700,90.00
108,17.0,205.04,598.40,13.530,90.00
108,18.0,219.82,598.40,14.790,90.00
108,19.0,234.36,598.40,14.530,90.00
108,20.0,248.13,598.40,13.770,90.00
108,21.0,261.72,598.40,13.590,90.00
108,22.0,276.17,598.40,14.450,90.00
108,23.0,286.12,598.40,9.950,90.00
108,24.0,291.57,598.40,5.450,90.00
108,25.0,292.66,598.40,1.090,90.00
108,26.0,292.69,598.40,0.030,90.00
108,27.0,292.70,598.40,0.010,90.00
108,28.0,292.70,598.40,0.000,90.00
108,29.0,292.70,598.40,0.000,90.00
108,30.0,292.70,598.40,0.000,90.00
108,31.0,292.70,598.40,0.000,90.00
108,32.0,292.70,598.40,0.000,90.00
108,33.0,292.70,598.40,0.000,90.00
108,34.0,294.06,598.58,1.370,87.93
108,35.0,297.25,599.31,3.320,79.36
108,36.0,300.88,603.07,5.380,42.83
108,37.0,301.60,610.04,7.060,3.51
108,38.0,301.60,618.80,8.760,0.00
108,39.0,301.60,629.24,10.440,0.00
108,40.0,301.60,641.17,11.930,0.00
108,41.0,301.60,654.52,13.350,0.00
108,42.0,301.60,668.91,14.390,0.00
108,43.0,301.60,682.83,13.920,0.00
108,44.0,301.60,697.51,14.680,0.00
108,45.0,301.60,711.65,14.140,0.00
108,46.0,301.60,725.78,14.130,0.00
108,47.0,301.60,739.94,14.150,0.00
108,48.0,301.60,753.85,13.910,0.00
108,49.0,301.60,767.63,13.790,0.00
108,50.0,301.60,782.15,14.510,0.00
108,51.0,301.60,796.16,14.010,0.00
108,52.0,301.60,810.68,14.520,0.00
108,53.0,301.60,824.66,13.990,0.00
108,54.0,301.60,838.93,14.270,0.00
108,55.0,301.60,852.64,13.710,0.00
108,56.0,301.60,866.50,13.860,0.00
108,57.0,301.60,876.72,10.220,0.00
108,58.0,301.60,882.89,6.170,0.00
108,59.0,301.60,884.55,1.670,0.00
108,60.0,301.60,885.14,0.590,0.00
108,61.0,301.60,885.19,0.050,0.00
108,62.0,301.60,885.19,0.010,0.00
108,63.0,301.60,885.20,0.000,0.00
108,64.0,301.60,885.20,0.000,0.00
108,65.0,301.60,885.20,0.000,0.00
108,66.0,301.60,885.20,0.000,0.00
108,67.0,301.60,885.20,0.000,0.00
108,68.0,301.60,885.20,0.000,0.00
108,69.0,301.60,885.20,0.000,0.00
108,70.0,301.60,885.20,0.000,0.00
108,71.0,301.60,885.20,0.000,0.00
108,72.0,301.60,886.15,0.950,0.00
108,73.0,301.60,888.79,2.640,0.00
108,74.0,301.59,892.90,4.110,359.84
108,75.0,299.64,899.00,6.530,339.35
108,76.0,292.50,901.60,7.860,281.30
108,77.0,282.50,901.60,10.000,270.00
108,78.0,270.19,901.60,12.310,270.00
108,79.0,256.01,901.60,14.180,270.00
108,80.0,242.02,901.60,13.990,270.00
108,81.0,227.96,901.60,14.060,270.00
108,82.0,214.12,901.60,13.850,270.00
108,83.0,199.62,901.60,14.500,270.00
108,84.0,186.11,901.60,13.510,270.00
108,85.0,171.44,901.60,14.670,270.00
108,86.0,156.70,901.60,14.750,270.00
108,87.0,142.79,901.60,13.900,270.00
108,88.0,129.23,901.60,13.560,270.00
108,89.0,115.43,901.60,13.800,270.00
108,90.0,100.80,901.60,14.630,270.00
108,91.0,86.74,901.60,14.050,270.00
108,92.0,72.41,901.60,14.330,270.00
108,93.0,58.40,901.60,14.010,270.00
108,94.0,44.36,901.60,14.050,270.00
108,95.0,29.83,901.60,14.520,270.00
108,96.0,15.28,901.60,14.550,270.00
109,0.0,-612.30,-298.40,0.000,270.00
109,1.0,-613.99,-298.40,1.690,270.00
109,2.0,-618.18,-298.40,4.190,270.00
109,3.0,-624.01,-298.40,5.840,270.00
109,4.0,-631.93,-298.40,7.920,270.00
109,5.0,-641.97,-298.40,10.040,270.00
109,6.0,-654.42,-298.40,12.450,270.00
109,7.0,-667.70,-298.40,13.290,270.00
109,8.0,-679.77,-298.40,12.060,270.00
109,9.0,-693.09,-298.40,13.320,270.00
109,10.0,-705.96,-298.40,12.870,270.00
109,11.0,-718.31,-298.40,12.350,270.00
109,12.0,-731.41,-298.40,13.100,270.00
109,13.0,-744.63,-298.40,13.220,270.00
109,14.0,-756.74,-298.40,12.110,270.00
109,15.0,-769.59,-298.40,12.860,270.00
109,16.0,-782.62,-298.40,13.030,270.00
109,17.0,-795.73,-298.40,13.100,270.00
109,18.0,-808.46,-298.40,12.730,270.00
109,19.0,-820.63,-298.40,12.170,270.00
109,20.0,-833.93,-298.40,13.300,270.00
109,21.0,-846.67,-298.40,12.740,270.00
109,22.0,-859.14,-298.40,12.480,270.00
109,23.0,-872.18,-298.40,13.040,270.00
109,24.0,-882.80,-298.40,10.620,270.00
109,25.0,-889.31,-298.40,6.510,270.00
109,26.0,-892.38,-298.40,3.070,270.00
109,27.0,-892.57,-298.40,0.180,270.00
109,28.0,-892.65,-298.40,0.080,270.00
109,29.0,-892.69,-298.40,0.050,270.00
109,30.0,-892.70,-298.40,0.000,270.00
109,31.0,-893.97,-299.18,1.510,260.72
109,32.0,-892.88,-301.55,3.170,189.21
109,33.0,-889.86,-301.60,3.040,107.00
109,34.0,-885.36,-301.60,4.490,90.00
109,35.0,-878.29,-301.60,7.080,90.00
109,36.0,-869.24,-301.60,9.050,90.00
109,37.0,-858.29,-301.60,10.950,90.00
109,38.0,-845.57,-301.60,12.720,90.00
109,39.0,-832.53,-301.60,13.040,90.00
109,40.0,-819.74,-301.60,12.790,90.00
109,41.0,-807.70,-301.60,12.040,90.00
109,42.0,-794.87,-301.60,12.830,90.00
109,43.0,-782.02,-301.60,12.850,90.00
109,44.0,-769.01,-301.60,13.010,90.00
109,45.0,-756.60,-301.60,12.410,90.00
109,46.0,-744.00,-301.60,12.600,90.00
109,47.0,-731.60,-301.60,12.400,90.00
109,48.0,-718.60,-301.60,13.000,90.00
109,49.0,-705.96,-301.60,12.650,90.00
109,50.0,-693.75,-301.60,12.210,90.00
109,51.0,-681.66,-301.60,12.090,90.00
109,52.0,-668.92,-301.60,12.740,90.00
109,53.0,-655.62,-301.60,13.300,90.00
109,54.0,-643.08,-301.60,12.540,90.00
109,55.0,-630.06,-301.60,13.020,90.00
109,56.0,-621.53,-301.60,8.520,90.00
109,57.0,-615.99,-301.60,5.540,90.00
109,58.0,-614.95,-301.60,1.040,90.00
109,59.0,-614.21,-301.60,0.740,90.00
109,60.0,-611.28,-301.60,2.930,90.00
109,61.0,-605.81,-301.60,5.470,90.00
109,62.0,-598.63,-301.60,7.180,90.00
109,63.0,-589.70,-301.60,8.930,90.00
109,64.0,-578.25,-301.60,11.450,90.00
109,65.0,-565.50,-301.60,12.740,90.00
109,66.0,-553.46,-301.60,12.040,90.00
109,67.0,-541.15,-301.60,12.310,90.00
109,68.0,-529.00,-301.60,12.150,90.00
109,69.0,-516.94,-301.60,12.060,90.00
109,70.0,-503.84,-301.60,13.100,90.00
109,71.0,-492.01,-301.60,11.830,90.00
109,72.0,-478.99,-301.60,13.020,90.00
109,73.0,-467.35,-301.60,11.640,90.00
109,74.0,-455.27,-301.60,12.080,90.00
109,75.0,-442.02,-301.60,13.250,90.00
109,76.0,-429.32,-301.60,12.710,90.00
109,77.0,-416.79,-301.60,12.530,90.00
109,78.0,-404.23,-301.60,12.550,90.00
109,79.0,-392.41,-301.60,11.820,90.00
109,80.0,-380.64,-301.60,11.770,90.00
109,81.0,-368.66,-301.60,11.980,90.00
109,82.0,-356.43,-301.60,12.230,90.00
109,83.0,-344.96,-301.60,11.470,90.00
109,84.0,-332.81,-301.60,12.150,90.00
109,85.0,-324.02,-301.60,8.790,90.00
109,86.0,-318.60,-301.60,5.420,90.00
109,87.0,-311.53,-301.60,7.070,90.00
109,88.0,-306.29,-301.73,5.250,91.49
109,89.0,-302.07,-304.55,5.400,125.83
109,90.0,-301.60,-309.85,5.360,176.18
109,91.0,-301.60,-316.66,6.810,180.00
109,92.0,-301.60,-325.04,8.380,180.00
109,93.0,-301.60,-335.78,10.750,180.00
109,94.0,-301.60,-348.10,12.310,180.00
109,95.0,-301.60,-360.55,12.460,180.00
109,96.0,-301.60,-373.25,12.700,180.00
109,97.0,-301.60,-385.56,12.310,180.00
109,98.0,-301.60,-397.93,12.370,180.00
109,99.0,-301.60,-410.36,12.430,180.00
109,100.0,-301.60,-423.26,12.910,180.00
109,101.0,-301.60,-435.96,12.700,180.00
109,102.0,-301.60,-448.66,12.700,180.00
109,103.0,-301.60,-460.71,12.050,180.00
109,104.0,-301.60,-472.78,12.070,180.00
109,105.0,-301.60,-485.11,12.340,180.00
109,106.0,-301.60,-498.20,13.090,180.00
109,107.0,-301.60,-511.31,13.100,180.00
109,108.0,-301.60,-524.58,13.280,180.00
109,109.0,-301.60,-537.01,12.430,180.00
109,110.0,-301.60,-550.20,13.190,180.00
109,111.0,-301.60,-562.86,12.660,180.00
109,112.0,-301.60,-575.04,12.180,180.00
109,113.0,-301.60,-587.12,12.080,180.00
109,114.0,-301.60,-599.30,12.180,180.00
109,115.0,-301.60,-611.53,12.230,180.00
109,116.0,-301.60,-623.86,12.340,180.00
109,117.0,-301.60,-636.87,13.000,180.00
109,118.0,-301.60,-649.62,12.750,180.00
11,0.0,-301.60,-12.30,0.000,180.00
11,1.0,-301.60,-14.03,1.730,180.00
11,2.0,-301.60,-17.26,3.230,180.00
11,3.0,-301.60,-23.08,5.820,180.00
11,4.0,-301.60,-31.30,8.220,180.00
11,5.0,-301.60,-41.81,10.510,180.00
11,6.0,-301.60,-54.73,12.930,180.00
11,7.0,-301.60,-68.43,13.700,180.00
11,8.0,-301.60,-82.05,13.620,180.00
11,9.0,-301.60,-95.74,13.690,180.00
11,10.0,-301.60,-109.25,13.510,180.00
11,11.0,-301.60,-122.88,13.630,180.00
11,12.0,-301.60,-136.31,13.440,180.00
11,13.0,-301.60,-150.29,13.980,180.00
11,14.0,-301.60,-163.92,13.630,180.00
11,15.0,-301.60,-177.87,13.940,180.00
11,16.0,-301.60,-191.92,14.060,180.00
11,17.0,-301.60,-205.39,13.470,180.00
11,18.0,-301.60,-219.43,14.030,180.00
11,19.0,-301.60,-233.03,13.600,180.00
11,20.0,-301.60,-246.59,13.570,180.00
11,21.0,-301.60,-260.10,13.510,180.00
11,22.0,-301.60,-273.89,13.790,180.00
11,23.0,-301.60,-284.36,10.470,180.00
11,24.0,-301.60,-292.06,7.700,180.00
11,25.0,-304.05,-297.63,6.490,209.84
11,26.0,-309.99,-298.40,6.070,266.41
11,27.0,-318.25,-298.40,8.260,270.00
11,28.0,-328.95,-298.40,10.710,270.00
11,29.0,-341.63,-298.40,12.680,270.00
11,30.0,-354.72,-298.40,13.100,270.00
11,31.0,-368.61,-298.40,13.890,270.00
11,32.0,-382.50,-298.40,13.890,270.00
11,33.0,-396.67,-298.40,14.160,270.00
11,34.0,-410.60,-298.40,13.930,270.00
11,35.0,-423.81,-298.40,13.220,270.00
11,36.0,-437.45,-298.40,13.640,270.00
11,37.0,-451.52,-298.40,14.060,270.00
11,38.0,-464.65,-298.40,13.140,270.00
11,39.0,-477.66,-298.40,13.010,270.00
11,40.0,-491.14,-298.40,13.480,270.00
11,41.0,-504.44,-298.40,13.300,270.00
11,42.0,-518.20,-298.40,13.760,270.00
11,43.0,-532.44,-298.40,14.240,270.00
11,44.0,-546.07,-298.40,13.630,270.00
11,45.0,-559.57,-298.40,13.510,270.00
11,46.0,-572.82,-298.40,13.240,270.00
11,47.0,-583.05,-298.40,10.230,270.00
11,48.0,-589.79,-298.40,6.740,270.00
11,49.0,-598.72,-298.40,8.930,270.00
11,50.0,-609.88,-298.40,11.160,270.00
11,51.0,-622.70,-298.40,12.810,270.00
11,52.0,-635.98,-298.40,13.280,270.00
11,53.0,-649.80,-298.40,13.820,270.00
11,54.0,-663.73,-298.40,13.930,270.00
11,55.0,-677.87,-298.40,14.140,270.00
11,56.0,-691.75,-298.40,13.880,270.00
11,57.0,-705.63,-298.40,13.890,270.00
11,58.0,-719.37,-298.40,13.730,270.00
11,59.0,-732.83,-298.40,13.460,270.00
11,60.0,-745.83,-298.40,13.000,270.00
11,61.0,-759.36,-298.40,13.530,270.00
11,62.0,-772.50,-298.40,13.130,270.00
11,63.0,-785.96,-298.40,13.470,270.00
11,64.0,-800.19,-298.40,14.230,270.00
11,65.0,-813.72,-298.40,13.530,270.00
11,66.0,-826.84,-298.40,13.110,270.00
11,67.0,-839.89,-298.40,13.050,270.00
11,68.0,-853.46,-298.40,13.570,270.00
11,69.0,-867.12,-298.40,13.670,270.00
11,70.0,-881.33,-298.40,14.210,270.00
110,0.0,901.60,312.30,0.000,0.00
110,1.0,901.60,314.81,2.510,0.00
110,2.0,901.60,318.68,3.870,0.00
110,3.0,901.60,324.18,5.500,0.00
110,4.0,901.60,331.58,7.390,0.00
110,5.0,901.60,340.45,8.880,0.00
110,6.0,901.60,351.31,10.860,0.00
110,7.0,901.60,363.93,12.620,0.00
110,8.0,901.60,375.88,11.950,0.00
110,9.0,901.60,387.62,11.740,0.00
110,10.0,901.60,400.00,12.380,0.00
110,11.0,901.60,412.58,12.580,0.00
110,12.0,901.60,424.69,12.100,0.00
110,13.0,901.60,437.41,12.720,0.00
110,14.0,901.60,449.64,12.230,0.00
110,15.0,901.60,461.83,12.190,0.00
110,16.0,901.60,474.49,12.650,0.00
110,17.0,901.60,486.07,11.590,0.00
110,18.0,901.60,497.83,11.760,0.00
110,19.0,901.60,510.14,12.310,0.00
110,20.0,901.60,522.43,12.290,0.00
110,21.0,901.60,534.63,12.200,0.00
110,22.0,901.60,546.50,11.870,0.00
110,23.0,901.60,559.33,12.830,0.00
110,24.0,901.60,571.22,11.900,0.00
110,25.0,901.60,582.99,11.770,0.00
110,26.0,901.60,590.28,7.290,0.00
110,27.0,901.12,593.52,3.390,354.34
110,28.0,898.86,593.49,2.970,304.12
110,29.0,898.40,590.97,2.660,217.58
110,30.0,898.40,586.34,4.630,180.00
110,31.0,898.40,579.58,6.760,180.00
110,32.0,898.40,570.99,8.590,180.00
110,33.0,898.40,560.84,10.150,180.00
110,34.0,898.40,548.11,12.720,180.00
110,35.0,898.40,535.69,12.430,180.00
110,36.0,898.40,522.95,12.730,180.00
110,37.0,898.40,510.28,12.670,180.00
110,38.0,898.40,498.21,12.070,180.00
110,39.0,898.40,486.55,11.660,180.00
110,40.0,898.40,474.85,11.700,180.00
110,41.0,898.40,462.38,12.470,180.00
110,42.0,898.40,449.61,12.770,180.00
110,43.0,898.40,437.28,12.330,180.00
110,44.0,898.40,425.02,12.270,180.00
110,45.0,898.40,413.28,11.740,180.00
110,46.0,898.40,400.45,12.830,180.00
110,47.0,898.40,388.71,11.740,180.00
110,48.0,898.40,376.98,11.730,180.00
110,49.0,898.40,364.61,12.370,180.00
110,50.0,898.40,352.21,12.400,180.00
110,51.0,898.40,339.95,12.260,180.00
110,52.0,898.40,327.98,11.970,180.00
110,53.0,898.40,315.65,12.330,180.00
110,54.0,898.40,303.78,11.870,180.00
110,55.0,898.40,291.48,12.300,180.00
110,56.0,898.40,278.78,12.700,180.00
110,57.0,898.40,266.87,11.910,180.00
110,58.0,898.40,254.67,12.190,180.00
110,59.0,898.40,242.43,12.240,180.00
110,60.0,898.40,229.73,12.700,180.00
110,61.0,898.40,217.55,12.190,180.00
110,62.0,898.40,204.83,12.720,180.00
110,63.0,898.40,192.49,12.340,180.00
110,64.0,898.40,179.90,12.590,180.00
110,65.0,898.40,167.36,12.530,180.00
110,66.0,898.40,155.67,11.690,180.00
110,67.0,898.40,143.67,12.000,180.00
110,68.0,898.40,131.81,11.860,180.00
110,69.0,898.40,119.12,12.690,180.00
110,70.0,898.40,107.31,11.810,180.00
110,71.0,898.40,95.49,11.820,180.00
110,72.0,898.40,82.85,12.640,180.00
110,73.0,898.40,71.00,11.850,180.00
110,74.0,898.40,59.24,11.760,180.00
110,75.0,898.40,46.62,12.620,180.00
110,76.0,898.40,34.74,11.870,180.00
110,77.0,898.40,22.27,12.470,180.00
110,78.0,898.40,10.65,11.620,180.00
110,79.0,898.40,-2.16,12.810,180.00
110,80.0,898.40,-14.47,12.310,180.00
110,81.0,898.40,-26.47,12.000,180.00
110,82.0,898.40,-38.91,12.440,180.00
110,83.0,898.40,-51.79,12.880,180.00
110,84.0,898.40,-64.49,12.700,180.00
110,85.0,898.40,-76.59,12.100,180.00
110,86.0,898.40,-88.63,12.040,180.00
110,87.0,898.40,-101.28,12.650,180.00
110,88.0,898.40,-113.94,12.660,180.00
110,89.0,898.40,-125.71,11.760,180.00
110,90.0,898.40,-137.46,11.750,180.00
110,91.0,898.40,-149.95,12.500,180.00
110,92.0,898.40,-161.65,11.700,180.00
110,93.0,898.40,-173.64,11.990,180.00
110,94.0,898.40,-185.84,12.190,180.00
110,95.0,898.40,-197.93,12.100,180.00
110,96.0,898.40,-209.74,11.810,180.00
110,97.0,898.40,-222.22,12.480,180.00
110,98.0,898.40,-234.72,12.500,180.00
110,99.0,898.40,-246.89,12.170,180.00
110,100.0,898.40,-259.59,12.710,180.00
110,101.0,898.40,-271.78,12.190,180.00
110,102.0,898.40,-284.12,12.330,180.00
110,103.0,898.40,-296.14,12.030,180.00
110,104.0,898.40,-308.16,12.020,180.00
110,105.0,898.40,-320.16,12.000,180.00
110,106.0,898.40,-332.86,12.700,180.00
110,107.0,898.40,-345.39,12.530,180.00
110,108.0,898.40,-357.89,12.500,180.00
110,109.0,898.40,-370.61,12.720,180.00
110,110.0,898.40,-383.29,12.680,180.00
110,111.0,898.40,-394.89,11.600,180.00
110,112.0,898.40,-407.03,12.140,180.00
110,113.0,898.40,-419.81,12.780,180.00
110,114.0,898.40,-431.65,11.840,180.00
110,115.0,898.40,-444.29,12.640,180.00
110,116.0,898.40,-456.99,12.700,180.00
111,0.0,-1.60,587.70,0.000,180.00
111,1.0,-1.60,586.10,1.600,180.00
111,2.0,-1.60,582.80,3.300,180.00
111,3.0,-1.60,577.11,5.690,180.00
111,4.0,-1.60,569.68,7.430,180.00
111,5.0,-1.60,560.59,9.090,180.00
111,6.0,-1.60,549.11,11.480,180.00
111,7.0,-1.60,537.87,11.240,180.00
111,8.0,-1.60,526.84,11.030,180.00
111,9.0,-1.60,515.14,11.700,180.00
111,10.0,-1.60,504.02,11.120,180.00
111,11.0,-1.60,492.55,11.470,180.00
111,12.0,-1.60,481.45,11.100,180.00
111,13.0,-1.60,470.40,11.050,180.00
111,14.0,-1.60,459.31,11.090,180.00
111,15.0,-1.60,448.27,11.040,180.00
111,16.0,-1.60,436.71,11.560,180.00
111,17.0,-1.60,425.08,11.630,180.00
111,18.0,-1.60,413.21,11.870,180.00
111,19.0,-1.60,402.17,11.040,180.00
111,20.0,-1.60,390.19,11.980,180.00
111,21.0,-1.60,378.60,11.590,180.00
111,22.0,-1.60,367.04,11.560,180.00
111,23.0,-1.60,356.00,11.040,180.00
111,24.0,-1.60,344.10,11.890,180.00
111,25.0,-1.60,332.87,11.240,180.00
111,26.0,-1.60,322.04,10.820,180.00
111,27.0,-1.60,310.82,11.220,180.00
111,28.0,-1.60,299.22,11.590,180.00
111,29.0,-1.60,287.40,11.830,180.00
111,30.0,-1.60,276.04,11.360,180.00
111,31.0,-1.60,264.05,11.990,180.00
111,32.0,-1.60,253.02,11.020,180.00
111,33.0,-1.60,241.26,11.770,180.00
111,34.0,-1.60,229.92,11.340,180.00
111,35.0,-1.60,218.19,11.730,180.00
111,36.0,-1.60,206.34,11.860,180.00
111,37.0,-1.60,195.09,11.240,180.00
111,38.0,-1.60,183.90,11.200,180.00
111,39.0,-1.60,172.28,11.620,180.00
111,40.0,-1.60,160.99,11.290,180.00
111,41.0,-1.60,149.88,11.100,180.00
111,42.0,-1.60,138.99,10.890,180.00
111,43.0,-1.60,127.76,11.240,180.00
111,44.0,-1.60,116.70,11.060,180.00
111,45.0,-1.60,105.04,11.650,180.00
111,46.0,-1.60,93.72,11.330,180.00
111,47.0,-1.60,82.60,11.110,180.00
111,48.0,-1.60,71.18,11.420,180.00
111,49.0,-1.60,59.96,11.220,180.00
111,50.0,-1.60,48.88,11.080,180.00
111,51.0,-1.60,37.25,11.630,180.00
111,52.0,-1.60,26.03,11.220,180.00
111,53.0,-1.60,14.61,11.420,180.00
111,54.0,-1.60,3.26,11.350,180.00
111,55.0,-1.60,-8.45,11.710,180.00
111,56.0,-1.60,-20.24,11.790,180.00
111,57.0,-1.60,-31.50,11.260,180.00
111,58.0,-1.60,-42.84,11.340,180.00
111,59.0,-1.60,-53.57,10.730,180.00
111,60.0,-1.60,-65.30,11.730,180.00
111,61.0,-1.60,-77.03,11.730,180.00
111,62.0,-1.60,-87.81,10.780,180.00
111,63.0,-1.60,-99.75,11.940,180.00
111,64.0,-1.60,-111.15,11.400,180.00
111,65.0,-1.60,-123.12,11.970,180.00
111,66.0,-1.60,-134.16,11.030,180.00
111,67.0,-1.60,-145.35,11.200,180.00
111,68.0,-1.60,-157.03,11.670,180.00
111,69.0,-1.60,-168.85,11.820,180.00
111,70.0,-1.60,-180.79,11.950,180.00
111,71.0,-1.60,-191.53,10.730,180.00
111,72.0,-1.60,-203.35,11.830,180.00
111,73.0,-1.60,-215.27,11.920,180.00
111,74.0,-1.60,-226.17,10.890,180.00
111,75.0,-1.60,-237.77,11.610,180.00
111,76.0,-1.60,-249.71,11.930,180.00
111,77.0,-1.60,-260.99,11.280,180.00
111,78.0,-1.60,-271.78,10.790,180.00
111,79.0,-1.60,-282.56,10.790,180.00
111,80.0,-1.60,-293.33,10.770,180.00
111,81.0,-1.60,-304.66,11.330,180.00
111,82.0,-1.60,-315.90,11.240,180.00
111,83.0,-1.60,-327.50,11.600,180.00
111,84.0,-1.60,-338.61,11.110,180.00
111,85.0,-1.60,-350.39,11.770,180.00
111,86.0,-1.60,-361.48,11.090,180.00
111,87.0,-1.60,-372.49,11.010,180.00
111,88.0,-1.60,-384.49,12.010,180.00
111,89.0,-1.60,-396.51,12.020,180.00
111,90.0,-1.60,-407.63,11.110,180.00
111,91.0,-1.60,-418.66,11.040,180.00
111,92.0,-1.60,-429.95,11.290,180.00
111,93.0,-1.60,-441.78,11.830,180.00
111,94.0,-1.60,-453.15,11.360,180.00
111,95.0,-1.60,-464.02,10.880,180.00
111,96.0,-1.60,-475.31,11.290,180.00
111,97.0,-1.60,-486.21,10.900,180.00
111,98.0,-1.60,-497.18,10.970,180.00
111,99.0,-1.60,-508.93,11.740,180.00
111,100.0,-1.60,-520.08,11.150,180.00
111,101.0,-1.60,-531.51,11.430,180.00
111,102.0,-1.60,-543.49,11.980,180.00
111,103.0,-1.60,-555.04,11.540,180.00
111,104.0,-1.60,-566.90,11.870,180.00
111,105.0,-1.60,-578.32,11.420,180.00
111,106.0,-1.60,-589.30,10.980,180.00
111,107.0,-1.60,-600.47,11.170,180.00
111,108.0,-1.60,-611.48,11.010,180.00
111,109.0,-1.60,-623.26,11.780,180.00
111,110.0,-1.60,-635.15,11.900,180.00
111,111.0,-1.60,-646.29,11.140,180.00
111,112.0,-1.60,-657.29,11.000,180.00
111,113.0,-1.60,-668.87,11.580,180.00
111,114.0,-1.60,-680.85,11.990,180.00
111,115.0,-1.60,-692.56,11.710,180.00
112,0.0,-898.40,12.30,0.000,0.00
112,1.0,-898.40,13.90,1.600,0.00
112,2.0,-898.40,16.96,3.060,0.00
112,3.0,-898.40,22.55,5.590,0.00
112,4.0,-898.40,29.58,7.030,0.00
112,5.0,-898.40,38.83,9.250,0.00
112,6.0,-898.40,50.64,11.810,0.00
112,7.0,-898.40,63.86,13.220,0.00
112,8.0,-898.40,78.49,14.630,0.00
112,9.0,-898.40,93.60,15.110,0.00
112,10.0,-898.40,107.88,14.280,0.00
112,11.0,-898.40,122.63,14.750,0.00
112,12.0,-898.40,137.57,14.940,0.00
112,13.0,-898.40,152.10,14.530,0.00
112,14.0,-898.40,167.12,15.020,0.00
112,15.0,-898.40,182.37,15.260,0.00
112,16.0,-898.40,196.70,14.330,0.00
112,17.0,-898.40,211.44,14.740,0.00
112,18.0,-898.40,225.64,14.200,0.00
112,19.0,-898.40,240.09,14.450,0.00
112,20.0,-898.40,254.46,14.360,0.00
112,21.0,-898.40,268.65,14.190,0.00
112,22.0,-898.40,281.36,12.720,0.00
112,23.0,-898.40,289.58,8.220,0.00
112,24.0,-898.68,293.22,3.720,356.76
112,25.0,-901.42,293.07,3.840,287.04
112,26.0,-901.60,290.40,2.720,205.33
112,27.0,-901.60,285.13,5.270,180.00
112,28.0,-901.60,278.26,6.880,180.00
112,29.0,-901.60,268.84,9.410,180.00
112,30.0,-901.60,257.41,11.430,180.00
112,31.0,-901.60,243.50,13.910,180.00
112,32.0,-901.60,228.32,15.180,180.00
112,33.0,-901.60,213.80,14.520,180.00
112,34.0,-901.60,198.56,15.240,180.00
112,35.0,-901.60,183.92,14.640,180.00
112,36.0,-901.60,169.24,14.680,180.00
112,37.0,-901.60,154.14,15.100,180.00
112,38.0,-901.60,139.77,14.370,180.00
112,39.0,-901.60,125.75,14.020,180.00
112,40.0,-901.60,111.00,14.750,180.00
112,41.0,-901.60,96.37,14.620,180.00
112,42.0,-901.60,81.32,15.050,180.00
112,43.0,-901.60,66.17,15.150,180.00
112,44.0,-901.60,50.94,15.230,180.00
112,45.0,-901.60,35.77,15.180,180.00
112,46.0,-901.60,20.89,14.880,180.00
112,47.0,-901.60,6.41,14.480,180.00
112,48.0,-901.60,-7.87,14.280,180.00
112,49.0,-901.60,-22.05,14.180,180.00
112,50.0,-901.60,-36.91,14.860,180.00
112,51.0,-901.60,-51.81,14.900,180.00
112,52.0,-901.60,-66.00,14.190,180.00
112,53.0,-901.60,-80.85,14.850,180.00
112,54.0,-901.60,-94.88,14.030,180.00
112,55.0,-901.60,-108.92,14.050,180.00
112,56.0,-901.60,-123.56,14.640,180.00
112,57.0,-901.60,-138.70,15.140,180.00
112,58.0,-901.60,-153.51,14.800,180.00
112,59.0,-901.60,-168.43,14.930,180.00
112,60.0,-901.60,-183.31,14.880,180.00
112,61.0,-901.60,-197.71,14.390,180.00
112,62.0,-901.60,-212.95,15.240,180.00
112,63.0,-901.60,-227.74,14.800,180.00
112,64.0,-901.60,-242.53,14.790,180.00
112,65.0,-901.60,-257.75,15.220,180.00
112,66.0,-901.60,-271.71,13.960,180.00
112,67.0,-901.60,-286.48,14.780,180.00
112,68.0,-901.60,-301.46,14.970,180.00
112,69.0,-901.60,-316.13,14.670,180.00
112,70.0,-901.60,-330.75,14.620,180.00
112,71.0,-901.60,-344.94,14.200,180.00
112,72.0,-901.60,-359.37,14.430,180.00
112,73.0,-901.60,-373.77,14.400,180.00
112,74.0,-901.60,-388.75,14.990,180.00
112,75.0,-901.60,-403.64,14.890,180.00
112,76.0,-901.60,-418.23,14.580,180.00
112,77.0,-901.60,-432.96,14.730,180.00
112,78.0,-901.60,-447.24,14.280,180.00
112,79.0,-901.60,-461.68,14.440,180.00
112,80.0,-901.60,-475.75,14.070,180.00
112,81.0,-901.60,-490.58,14.830,180.00
112,82.0,-901.60,-504.56,13.980,180.00
112,83.0,-901.60,-519.79,15.230,180.00
112,84.0,-901.60,-534.50,14.710,180.00
112,85.0,-901.60,-548.99,14.490,180.00
112,86.0,-901.60,-563.72,14.730,180.00
112,87.0,-901.60,-578.27,14.550,180.00
112,88.0,-901.60,-592.78,14.500,180.00
112,89.0,-901.60,-607.66,14.890,180.00
112,90.0,-901.60,-621.66,14.000,180.00
112,91.0,-901.60,-636.15,14.480,180.00
112,92.0,-901.60,-651.36,15.210,180.00
112,93.0,-901.60,-665.62,14.270,180.00
112,94.0,-901.60,-680.06,14.440,180.00
112,95.0,-901.60,-694.69,14.630,180.00
112,96.0,-901.60,-709.08,14.390,180.00
112,97.0,-901.60,-723.10,14.020,180.00
112,98.0,-901.60,-738.32,15.220,180.00
112,99.0,-901.60,-752.58,14.260,180.00
112,100.0,-901.60,-766.57,13.990,180.00
112,101.0,-901.60,-781.73,15.160,180.00
112,102.0,-901.60,-795.81,14.080,180.00
112,103.0,-901.60,-810.58,14.770,180.00
112,104.0,-901.60,-825.03,14.450,180.00
112,105.0,-901.60,-839.15,14.120,180.00
112,106.0,-901.60,-853.63,14.480,180.00
112,107.0,-901.60,-868.53,14.900,180.00
112,108.0,-901.60,-882.89,14.360,180.00
112,109.0,-901.60,-893.52,10.630,180.00
112,110.0,-900.81,-899.72,6.360,170.73
112,111.0,-896.00,-901.60,5.460,108.01
112,112.0,-888.78,-901.60,7.230,90.00
112,113.0,-879.18,-901.60,9.590,90.00
112,114.0,-868.15,-901.60,11.030,90.00
113,0.0,1.60,12.30,0.000,0.00
113,1.0,1.60,14.04,1.740,0.00
113,2.0,1.60,18.01,3.970,0.00
113,3.0,1.60,24.43,6.410,0.00
113,4.0,1.60,33.26,8.830,0.00
113,5.0,1.60,44.06,10.800,0.00
113,6.0,1.60,56.59,12.530,0.00
113,7.0,1.60,70.40,13.820,0.00
113,8.0,1.60,83.56,13.150,0.00
113,9.0,1.60,97.21,13.650,0.00
113,10.0,1.60,110.48,13.270,0.00
113,11.0,1.60,123.43,12.950,0.00
113,12.0,1.60,136.17,12.740,0.00
113,13.0,1.60,149.96,13.800,0.00
113,14.0,1.60,163.54,13.570,0.00
113,15.0,1.60,177.54,14.000,0.00
113,16.0,1.60,191.40,13.870,0.00
113,17.0,1.60,204.12,12.720,0.00
113,18.0,1.60,217.54,13.410,0.00
113,19.0,1.60,231.35,13.820,0.00
113,20.0,1.60,244.89,13.540,0.00
113,21.0,1.60,257.88,12.990,0.00
113,22.0,1.60,271.64,13.760,0.00
113,23.0,1.60,284.55,12.910,0.00
113,24.0,1.60,298.28,13.730,0.00
113,25.0,1.60,311.24,12.970,0.00
113,26.0,1.60,324.22,12.980,0.00
113,27.0,1.60,338.19,13.970,0.00
113,28.0,1.60,351.13,12.930,0.00
113,29.0,1.60,364.69,13.560,0.00
113,30.0,1.60,378.47,13.780,0.00
113,31.0,1.60,391.77,13.300,0.00
113,32.0,1.60,405.64,13.870,0.00
113,33.0,1.60,418.63,12.990,0.00
113,34.0,1.60,431.66,13.030,0.00
113,35.0,1.60,444.73,13.070,0.00
113,36.0,1.60,458.29,13.560,0.00
113,37.0,1.60,471.52,13.230,0.00
113,38.0,1.60,484.71,13.190,0.00
113,39.0,1.60,498.39,13.680,0.00
113,40.0,1.60,511.79,13.400,0.00
113,41.0,1.60,524.53,12.740,0.00
113,42.0,1.60,538.54,14.010,0.00
113,43.0,1.60,551.87,13.330,0.00
113,44.0,1.60,564.94,13.070,0.00
113,45.0,1.60,578.13,13.190,0.00
113,46.0,1.60,588.82,10.690,0.00
113,47.0,1.91,594.99,6.190,3.60
113,48.0,6.53,598.30,6.130,60.82
113,49.0,12.30,598.40,5.780,90.00
113,50.0,20.53,598.40,8.230,90.00
113,51.0,31.18,598.40,10.650,90.00
113,52.0,44.28,598.40,13.100,90.00
113,53.0,58.16,598.40,13.870,90.00
113,54.0,70.95,598.40,12.790,90.00
113,55.0,83.95,598.40,13.000,90.00
113,56.0,97.41,598.40,13.450,90.00
113,57.0,111.14,598.40,13.730,90.00
113,58.0,124.25,598.40,13.110,90.00
113,59.0,137.51,598.40,13.260,90.00
113,60.0,150.52,598.40,13.020,90.00
113,61.0,163.43,598.40,12.910,90.00
113,62.0,176.40,598.40,12.970,90.00
113,63.0,189.85,598.40,13.450,90.00
113,64.0,203.56,598.40,13.700,90.00
113,65.0,216.61,598.40,13.050,90.00
113,66.0,230.51,598.40,13.910,90.00
113,67.0,243.85,598.40,13.340,90.00
113,68.0,257.06,598.40,13.210,90.00
113,69.0,270.49,598.40,13.430,90.00
113,70.0,281.84,598.40,11.350,90.00
113,71.0,288.91,598.40,7.060,90.00
113,72.0,298.14,598.40,9.230,90.00
113,73.0,309.49,598.40,11.350,90.00
113,74.0,323.42,598.40,13.930,90.00
113,75.0,336.16,598.40,12.740,90.00
113,76.0,349.29,598.40,13.130,90.00
113,77.0,362.35,598.40,13.060,90.00
113,78.0,376.05,598.40,13.690,90.00
113,79.0,389.05,598.40,13.000,90.00
113,80.0,402.09,598.40,13.040,90.00
113,81.0,415.25,598.40,13.160,90.00
113,82.0,428.65,598.40,13.410,90.00
113,83.0,442.11,598.40,13.450,90.00
113,84.0,454.83,598.40,12.720,90.00
113,85.0,467.54,598.40,12.720,90.00
113,86.0,481.16,598.40,13.620,90.00
113,87.0,494.98,598.40,13.820,90.00
113,88.0,508.97,598.40,13.990,90.00
113,89.0,521.71,598.40,12.740,90.00
113,90.0,535.24,598.40,13.530,90.00
113,91.0,549.09,598.40,13.850,90.00
113,92.0,562.32,598.40,13.230,90.00
113,93.0,575.04,598.40,12.730,90.00
113,94.0,584.29,598.40,9.250,90.00
113,95.0,590.62,598.40,6.330,90.00
113,96.0,596.43,597.34,6.030,102.48
113,97.0,598.40,591.55,6.430,168.15
113,98.0,598.40,583.60,7.950,180.00
113,99.0,598.40,573.24,10.360,180.00
113,100.0,598.40,561.41,11.830,180.00
113,101.0,598.40,548.21,13.200,180.00
113,102.0,598.40,535.23,12.970,180.00
113,103.0,598.40,522.38,12.860,180.00
113,104.0,598.40,509.35,13.030,180.00
113,105.0,598.40,496.23,13.120,180.00
113,106.0,598.40,483.44,12.790,180.00
113,107.0,598.40,470.44,13.000,180.00
113,108.0,598.40,456.98,13.460,180.00
113,109.0,598.40,443.21,13.770,180.00
113,110.0,598.40,429.48,13.730,180.00
113,111.0,598.40,415.80,13.680,180.00
113,112.0,598.40,401.84,13.960,180.00
113,113.0,598.40,388.93,12.920,180.00
114,0.0,-612.30,-298.40,0.000,270.00
114,1.0,-614.13,-298.40,1.830,270.00
114,2.0,-617.85,-298.40,3.730,270.00
114,3.0,-623.70,-298.40,5.840,270.00
114,4.0,-631.19,-298.40,7.490,270.00
114,5.0,-640.39,-298.40,9.200,270.00
114,6.0,-651.80,-298.40,11.410,270.00
114,7.0,-664.68,-298.40,12.880,270.00
114,8.0,-679.35,-298.40,14.670,270.00
114,9.0,-694.16,-298.40,14.800,270.00
114,10.0,-708.61,-298.40,14.450,270.00
114,11.0,-723.25,-298.40,14.640,270.00
114,12.0,-737.34,-298.40,14.100,270.00
114,13.0,-752.06,-298.40,14.720,270.00
114,14.0,-767.02,-298.40,14.960,270.00
114,15.0,-781.57,-298.40,14.540,270.00
114,16.0,-796.59,-298.40,15.020,270.00
114,17.0,-811.53,-298.40,14.940,270.00
114,18.0,-826.58,-298.40,15.060,270.00
114,19.0,-841.20,-298.40,14.620,270.00
114,20.0,-855.72,-298.40,14.520,270.00
114,21.0,-869.45,-298.40,13.730,270.00
114,22.0,-878.69,-298.40,9.230,270.00
114,23.0,-883.74,-298.40,5.060,270.00
114,24.0,-884.53,-298.40,0.780,270.00
114,25.0,-885.16,-298.40,0.630,270.00
114,26.0,-886.28,-298.40,1.120,270.00
114,27.0,-889.64,-298.40,3.350,270.00
114,28.0,-892.90,-298.39,3.260,270.16
114,29.0,-897.64,-295.93,5.660,299.97
114,30.0,-898.40,-289.25,6.820,357.64
114,31.0,-898.40,-280.89,8.360,0.00
114,32.0,-898.40,-270.78,10.110,0.00
114,33.0,-898.40,-259.31,11.470,0.00
114,34.0,-898.40,-245.55,13.760,0.00
114,35.0,-898.40,-231.24,14.320,0.00
114,36.0,-898.40,-216.76,14.480,0.00
114,37.0,-898.40,-202.80,13.960,0.00
114,38.0,-898.40,-188.20,14.600,0.00
114,39.0,-898.40,-174.18,14.030,0.00
114,40.0,-898.40,-159.63,14.550,0.00
114,41.0,-898.40,-144.99,14.640,0.00
114,42.0,-898.40,-130.67,14.320,0.00
114,43.0,-898.40,-116.25,14.430,0.00
114,44.0,-898.40,-101.48,14.770,0.00
114,45.0,-898.40,-86.93,14.550,0.00
114,46.0,-898.40,-72.91,14.020,0.00
114,47.0,-898.40,-58.19,14.720,0.00
114,48.0,-898.40,-43.99,14.200,0.00
114,49.0,-898.40,-28.84,15.150,0.00
114,50.0,-898.40,-14.72,14.120,0.00
114,51.0,-898.40,-0.39,14.330,0.00
114,52.0,-898.40,13.88,14.270,0.00
114,53.0,-898.40,28.97,15.090,0.00
114,54.0,-898.40,43.42,14.450,0.00
114,55.0,-898.40,57.98,14.560,0.00
114,56.0,-898.40,71.92,13.940,0.00
114,57.0,-898.40,86.34,14.420,0.00
114,58.0,-898.40,100.89,14.550,0.00
114,59.0,-898.40,115.70,14.810,0.00
114,60.0,-898.40,130.25,14.550,0.00
114,61.0,-898.40,145.09,14.840,0.00
114,62.0,-898.40,159.19,14.100,0.00
114,63.0,-898.40,173.44,14.250,0.00
114,64.0,-898.40,188.09,14.650,0.00
114,65.0,-898.40,202.57,14.480,0.00
114,66.0,-898.40,217.46,14.890,0.00
114,67.0,-898.40,232.43,14.970,0.00
114,68.0,-898.40,247.49,15.060,0.00
114,69.0,-898.40,261.96,14.470,0.00
114,70.0,-898.40,277.07,15.110,0.00
114,71.0,-898.40,287.68,10.610,0.00
114,72.0,-898.12,294.74,7.080,3.19
114,73.0,-893.17,298.35,6.700,64.01
114,74.0,-886.90,298.40,6.270,90.00
114,75.0,-879.25,298.40,7.650,90.00
114,76.0,-869.08,298.40,10.170,90.00
114,77.0,-857.42,298.40,11.660,90.00
114,78.0,-843.33,298.40,14.090,90.00
114,79.0,-828.70,298.40,14.630,90.00
114,80.0,-813.59,298.40,15.110,90.00
114,81.0,-798.51,298.40,15.080,90.00
114,82.0,-783.71,298.40,14.790,90.00
114,83.0,-768.96,298.40,14.760,90.00
114,84.0,-754.59,298.40,14.360,90.00
114,85.0,-739.61,298.40,14.980,90.00
114,86.0,-724.78,298.40,14.830,90.00
114,87.0,-710.43,298.40,14.360,90.00
114,88.0,-695.53,298.40,14.890,90.00
114,89.0,-680.35,298.40,15.180,90.00
114,90.0,-665.29,298.40,15.060,90.00
114,91.0,-650.73,298.40,14.560,90.00
114,92.0,-636.56,298.40,14.170,90.00
114,93.0,-622.52,298.40,14.040,90.00
114,94.0,-612.99,298.40,9.540,90.00
114,95.0,-607.95,298.40,5.040,90.00
114,96.0,-601.41,298.40,6.540,90.00
114,97.0,-593.00,298.40,8.410,90.00
114,98.0,-582.25,298.40,10.750,90.00
114,99.0,-570.01,298.40,12.240,90.00
114,100.0,-555.84,298.40,14.170,90.00
114,101.0,-541.56,298.40,14.270,90.00
114,102.0,-526.44,298.40,15.130,90.00
114,103.0,-511.60,298.40,14.840,90.00
114,104.0,-496.49,298.40,15.100,90.00
114,105.0,-481.84,298.40,14.650,90.00
114,106.0,-466.97,298.40,14.870,90.00
114,107.0,-452.23,298.40,14.740,90.00
114,108.0,-437.21,298.40,15.020,90.00
114,109.0,-422.97,298.40,14.240,90.00
114,110.0,-408.30,298.40,14.670,90.00
114,111.0,-393.22,298.40,15.080,90.00
114,112.0,-378.77,298.40,14.450,90.00
115,0.0,-887.70,298.40,0.000,90.00
115,1.0,-885.43,298.40,2.270,90.00
115,2.0,-880.73,298.40,4.700,90.00
115,3.0,-874.24,298.40,6.490,90.00
115,4.0,-865.61,298.40,8.630,90.00
115,5.0,-854.55,298.40,11.050,90.00
115,6.0,-842.15,298.40,12.410,90.00
115,7.0,-830.46,298.40,11.690,90.00
115,8.0,-817.68,298.40,12.780,90.00
115,9.0,-805.32,298.40,12.360,90.00
115,10.0,-793.46,298.40,11.860,90.00
115,11.0,-781.13,298.40,12.330,90.00
115,12.0,-769.58,298.40,11.550,90.00
115,13.0,-757.23,298.40,12.350,90.00
115,14.0,-744.94,298.40,12.290,90.00
115,15.0,-732.93,298.40,12.000,90.00
115,16.0,-720.84,298.40,12.100,90.00
115,17.0,-708.61,298.40,12.230,90.00
115,18.0,-696.70,298.40,11.910,90.00
115,19.0,-684.27,298.40,12.430,90.00
115,20.0,-672.10,298.40,12.170,90.00
115,21.0,-660.53,298.40,11.570,90.00
115,22.0,-647.75,298.40,12.780,90.00
115,23.0,-635.70,298.40,12.050,90.00
115,24.0,-623.65,298.40,12.050,90.00
115,25.0,-613.76,298.40,9.880,90.00
115,26.0,-608.38,298.40,5.380,90.00
115,27.0,-607.49,298.40,0.880,90.00
115,28.0,-607.35,298.40,0.140,90.00
115,29.0,-605.34,298.13,2.030,93.05
115,30.0,-602.37,295.94,3.870,119.87
115,31.0,-601.60,290.91,5.170,172.09
115,32.0,-601.60,284.01,6.900,180.00
115,33.0,-601.60,274.91,9.100,180.00
115,34.0,-601.60,264.43,10.480,180.00
115,35.0,-601.60,252.59,11.840,180.00
115,36.0,-601.60,240.63,11.960,180.00
115,37.0,-601.60,228.93,11.700,180.00
115,38.0,-601.60,217.30,11.630,180.00
115,39.0,-601.60,205.08,12.220,180.00
115,40.0,-601.60,192.78,12.300,180.00
115,41.0,-601.60,180.41,12.380,180.00
115,42.0,-601.60,168.33,12.080,180.00
115,43.0,-601.60,155.74,12.590,180.00
115,44.0,-601.60,143.92,11.820,180.00
115,45.0,-601.60,131.83,12.090,180.00
115,46.0,-601.60,120.28,11.550,180.00
115,47.0,-601.60,107.63,12.650,180.00
115,48.0,-601.60,95.45,12.190,180.00
115,49.0,-601.60,83.46,11.990,180.00
115,50.0,-601.60,70.94,12.510,180.00
115,51.0,-601.60,58.38,12.570,180.00
115,52.0,-601.60,46.80,11.580,180.00
115,53.0,-601.60,35.26,11.540,180.00
115,54.0,-601.60,22.46,12.800,180.00
115,55.0,-601.60,10.81,11.650,180.00
115,56.0,-601.60,-1.91,12.720,180.00
115,57.0,-601.60,-13.43,11.520,180.00
115,58.0,-601.60,-25.98,12.550,180.00
115,59.0,-601.60,-37.65,11.670,180.00
115,60.0,-601.60,-50.37,12.720,180.00
115,61.0,-601.60,-61.97,11.600,180.00
115,62.0,-601.60,-74.73,12.760,180.00
115,63.0,-601.60,-87.43,12.700,180.00
115,64.0,-601.60,-99.08,11.650,180.00
115,65.0,-601.60,-110.82,11.740,180.00
115,66.0,-601.60,-122.74,11.920,180.00
115,67.0,-601.60,-135.02,12.270,180.00
115,68.0,-601.60,-147.72,12.700,180.00
115,69.0,-601.60,-159.95,12.230,180.00
115,70.0,-601.60,-172.15,12.200,180.00
115,71.0,-601.60,-184.07,11.920,180.00
115,72.0,-601.60,-196.86,12.790,180.00
115,73.0,-601.60,-208.48,11.620,180.00
115,74.0,-601.60,-220.87,12.390,180.00
115,75.0,-601.60,-233.25,12.390,180.00
115,76.0,-601.60,-245.61,12.360,180.00
115,77.0,-601.60,-258.37,12.760,180.00
115,78.0,-601.60,-271.02,12.650,180.00
115,79.0,-601.60,-283.01,11.990,180.00
116,0.0,312.30,-901.60,0.000,90.00
116,1.0,313.89,-901.60,1.590,90.00
116,2.0,317.18,-901.60,3.300,90.00
116,3.0,322.82,-901.60,5.640,90.00
116,4.0,331.03,-901.60,8.210,90.00
116,5.0,341.34,-901.60,10.310,90.00
116,6.0,353.83,-901.60,12.490,90.00
116,7.0,368.50,-901.60,14.660,90.00
116,8.0,384.51,-901.60,16.010,90.00
116,9.0,399.74,-901.60,15.230,90.00
116,10.0,414.87,-901.60,15.130,90.00
116,11.0,431.08,-901.60,16.200,90.00
116,12.0,446.27,-901.60,15.190,90.00
116,13.0,461.53,-901.60,15.260,90.00
116,14.0,477.10,-901.60,15.560,90.00
116,15.0,493.29,-901.60,16.200,90.00
116,16.0,509.56,-901.60,16.270,90.00
116,17.0,525.16,-901.60,15.590,90.00
116,18.0,540.39,-901.60,15.230,90.00
116,19.0,556.21,-901.60,15.820,90.00
116,20.0,571.41,-901.60,15.200,90.00
116,21.0,582.49,-901.60,11.080,90.00
116,22.0,590.27,-901.60,7.780,90.00
116,23.0,594.04,-900.71,4.070,79.29
116,24.0,592.00,-898.40,3.930,337.86
116,25.0,585.82,-898.40,6.180,270.00
116,26.0,577.74,-898.40,8.080,270.00
116,27.0,567.21,-898.40,10.530,270.00
116,28.0,554.19,-898.40,13.020,270.00
116,29.0,539.83,-898.40,14.360,270.00
116,30.0,524.19,-898.40,15.640,270.00
116,31.0,508.72,-898.40,15.460,270.00
116,32.0,493.08,-898.40,15.640,270.00
116,33.0,477.14,-898.40,15.940,270.00
116,34.0,461.23,-898.40,15.920,270.00
116,35.0,445.14,-898.40,16.090,270.00
116,36.0,429.47,-898.40,15.670,270.00
116,37.0,413.75,-898.40,15.710,270.00
116,38.0,398.09,-898.40,15.660,270.00
116,39.0,382.94,-898.40,15.150,270.00
116,40.0,367.18,-898.40,15.760,270.00
116,41.0,351.13,-898.40,16.050,270.00
116,42.0,335.73,-898.40,15.410,270.00
116,43.0,320.35,-898.40,15.380,270.00
116,44.0,308.49,-898.40,11.860,270.00
116,45.0,302.18,-895.63,7.410,303.72
116,46.0,301.60,-889.04,6.670,357.98
116,47.0,301.60,-880.49,8.550,0.00
116,48.0,301.60,-870.15,10.340,0.00
116,49.0,301.60,-857.82,12.330,0.00
116,50.0,301.60,-843.32,14.500,0.00
116,51.0,301.60,-827.88,15.440,0.00
116,52.0,301.60,-811.82,16.050,0.00
116,53.0,301.60,-796.03,15.790,0.00
116,54.0,301.60,-780.85,15.180,0.00
116,55.0,301.60,-765.12,15.740,0.00
116,56.0,301.60,-748.80,16.320,0.00
116,57.0,301.60,-733.71,15.090,0.00
116,58.0,301.60,-718.43,15.280,0.00
116,59.0,301.60,-702.57,15.860,0.00
116,60.0,301.60,-687.30,15.280,0.00
116,61.0,301.60,-671.52,15.780,0.00
116,62.0,301.60,-655.21,16.310,0.00
116,63.0,301.60,-639.65,15.550,0.00
116,64.0,301.60,-623.35,16.300,0.00
116,65.0,301.60,-607.15,16.200,0.00
116,66.0,301.60,-591.97,15.180,0.00
116,67.0,301.60,-576.26,15.710,0.00
116,68.0,301.60,-561.17,15.090,0.00
116,69.0,301.60,-545.98,15.180,0.00
116,70.0,301.60,-530.06,15.920,0.00
116,71.0,301.60,-514.72,15.340,0.00
116,72.0,301.60,-499.41,15.310,0.00
116,73.0,301.60,-483.61,15.800,0.00
116,74.0,301.60,-467.78,15.830,0.00
116,75.0,301.60,-452.20,15.580,0.00
116,76.0,301.60,-436.18,16.020,0.00
116,77.0,301.60,-420.39,15.790,0.00
116,78.0,301.60,-405.51,14.880,0.00
116,79.0,301.60,-391.11,14.400,0.00
116,80.0,301.60,-377.66,13.450,0.00
116,81.0,301.60,-364.69,12.980,0.00
116,82.0,301.60,-352.68,12.000,0.00
116,83.0,301.60,-340.32,12.370,0.00
116,84.0,301.60,-328.59,11.730,0.00
116,85.0,301.60,-316.35,12.240,0.00
116,86.0,301.60,-304.66,11.690,0.00
116,87.0,301.60,-293.03,11.630,0.00
116,88.0,301.60,-282.22,10.800,0.00
116,89.0,301.60,-271.16,11.060,0.00
116,90.0,301.60,-259.09,12.070,0.00
116,91.0,301.60,-247.03,12.060,0.00
116,92.0,301.60,-236.02,11.010,0.00
116,93.0,301.60,-224.55,11.470,0.00
116,94.0,301.60,-213.58,10.980,0.00
116,95.0,301.60,-202.78,10.790,0.00
116,96.0,301.60,-191.74,11.050,0.00
116,97.0,301.60,-180.58,11.150,0.00
116,98.0,301.60,-169.70,10.880,0.00
116,99.0,301.60,-157.60,12.100,0.00
116,100.0,301.60,-146.46,11.150,0.00
116,101.0,301.60,-135.34,11.120,0.00
116,102.0,301.60,-124.47,10.860,0.00
116,103.0,301.60,-112.96,11.510,0.00
116,104.0,301.60,-101.43,11.530,0.00
116,105.0,301.60,-89.92,11.510,0.00
116,106.0,301.60,-79.35,10.580,0.00
116,107.0,301.60,-67.64,11.710,0.00
116,108.0,301.60,-56.17,11.470,0.00
116,109.0,301.60,-45.40,10.770,0.00
117,0.0,-601.60,587.70,0.000,180.00
117,1.0,-601.60,585.26,2.440,180.00
117,2.0,-601.60,580.25,5.010,180.00
117,3.0,-601.60,573.56,6.690,180.00
117,4.0,-601.60,564.76,8.800,180.00
117,5.0,-601.60,554.43,10.330,180.00
117,6.0,-601.60,541.93,12.500,180.00
117,7.0,-601.60,528.98,12.950,180.00
117,8.0,-601.60,515.21,13.770,180.00
117,9.0,-601.60,501.51,13.700,180.00
117,10.0,-601.60,488.39,13.120,180.00
117,11.0,-601.60,475.18,13.210,180.00
117,12.0,-601.60,461.88,13.310,180.00
117,13.0,-601.60,448.15,13.720,180.00
117,14.0,-601.60,434.55,13.600,180.00
117,15.0,-601.60,420.68,13.870,180.00
117,16.0,-601.60,406.98,13.700,180.00
117,17.0,-601.60,393.34,13.640,180.00
117,18.0,-601.60,380.38,12.960,180.00
117,19.0,-601.60,366.95,13.430,180.00
117,20.0,-601.60,353.17,13.780,180.00
117,21.0,-601.60,339.76,13.410,180.00
117,22.0,-601.60,326.52,13.240,180.00
117,23.0,-601.60,312.64,13.880,180.00
117,24.0,-601.60,299.15,13.480,180.00
117,25.0,-601.60,285.96,13.190,180.00
117,26.0,-601.60,273.25,12.710,180.00
117,27.0,-601.60,260.14,13.110,180.00
117,28.0,-601.60,246.35,13.790,180.00
117,29.0,-601.60,233.23,13.120,180.00
117,30.0,-601.60,219.30,13.930,180.00
117,31.0,-601.60,206.21,13.100,180.00
117,32.0,-601.60,192.56,13.640,180.00
117,33.0,-601.60,179.64,12.930,180.00
117,34.0,-601.60,166.65,12.980,180.00
117,35.0,-601.60,153.25,13.400,180.00
117,36.0,-601.60,140.32,12.940,180.00
117,37.0,-601.60,127.27,13.050,180.00
117,38.0,-601.60,114.16,13.110,180.00
117,39.0,-601.60,100.38,13.770,180.00
117,40.0,-601.60,87.53,12.850,180.00
117,41.0,-601.60,74.82,12.710,180.00
117,42.0,-601.60,60.93,13.900,180.00
117,43.0,-601.60,47.01,13.920,180.00
117,44.0,-601.60,33.92,13.080,180.00
117,45.0,-601.60,20.75,13.180,180.00
117,46.0,-601.60,7.97,12.770,180.00
117,47.0,-601.60,-5.09,13.070,180.00
117,48.0,-601.60,-17.75,12.650,180.00
117,49.0,-601.60,-31.18,13.430,180.00
117,50.0,-601.60,-45.03,13.850,180.00
117,51.0,-601.60,-58.12,13.090,180.00
117,52.0,-601.60,-71.04,12.920,180.00
117,53.0,-601.60,-84.20,13.170,180.00
117,54.0,-601.60,-98.15,13.950,180.00
117,55.0,-601.60,-111.79,13.640,180.00
117,56.0,-601.60,-125.55,13.760,180.00
117,57.0,-601.60,-139.24,13.690,180.00
117,58.0,-601.60,-152.33,13.090,180.00
117,59.0,-601.60,-165.30,12.980,180.00
117,60.0,-601.60,-178.99,13.690,180.00
117,61.0,-601.60,-192.66,13.670,180.00
117,62.0,-601.60,-205.95,13.290,180.00
117,63.0,-601.60,-219.01,13.060,180.00
117,64.0,-601.60,-231.81,12.800,180.00
117,65.0,-601.60,-244.90,13.090,180.00
117,66.0,-601.60,-258.72,13.810,180.00
117,67.0,-601.60,-272.38,13.660,180.00
117,68.0,-601.60,-285.80,13.420,180.00
117,69.0,-601.60,-298.61,12.810,180.00
117,70.0,-601.60,-311.36,12.750,180.00
117,71.0,-601.60,-324.50,13.140,180.00
117,72.0,-601.60,-337.31,12.810,180.00
117,73.0,-601.60,-350.17,12.850,180.00
117,74.0,-601.60,-363.04,12.880,180.00
117,75.0,-601.60,-376.96,13.920,180.00
117,76.0,-601.60,-390.64,13.680,180.00
117,77.0,-601.60,-403.31,12.670,180.00
117,78.0,-601.60,-416.53,13.220,180.00
117,79.0,-601.60,-429.72,13.190,180.00
117,80.0,-601.60,-443.26,13.550,180.00
117,81.0,-601.60,-456.31,13.050,180.00
117,82.0,-601.60,-469.23,12.910,180.00
117,83.0,-601.60,-482.22,12.990,180.00
117,84.0,-601.60,-495.18,12.970,180.00
117,85.0,-601.60,-508.10,12.920,180.00
117,86.0,-601.60,-521.18,13.080,180.00
117,87.0,-601.60,-534.98,13.800,180.00
117,88.0,-601.60,-548.14,13.160,180.00
117,89.0,-601.60,-561.76,13.620,180.00
117,90.0,-601.60,-575.65,13.890,180.00
117,91.0,-601.60,-589.13,13.480,180.00
117,92.0,-601.60,-602.11,12.980,180.00
117,93.0,-601.60,-615.81,13.700,180.00
117,94.0,-601.60,-628.66,12.850,180.00
117,95.0,-601.60,-641.51,12.860,180.00
117,96.0,-601.60,-654.97,13.460,180.00
117,97.0,-601.60,-667.87,12.890,180.00
117,98.0,-601.60,-681.36,13.490,180.00
117,99.0,-601.60,-694.43,13.060,180.00
117,100.0,-601.60,-707.93,13.510,180.00
117,101.0,-601.60,-721.49,13.550,180.00
117,102.0,-601.60,-735.29,13.800,180.00
117,103.0,-601.60,-748.45,13.160,180.00
117,104.0,-601.60,-761.58,13.130,180.00
117,105.0,-601.60,-775.02,13.440,180.00
117,106.0,-601.60,-788.77,13.760,180.00
117,107.0,-601.60,-802.54,13.760,180.00
117,108.0,-601.60,-815.64,13.100,180.00
118,0.0,891.70,-898.40,0.000,270.00
118,1.0,889.23,-898.40,2.470,270.00
118,2.0,885.31,-898.40,3.920,270.00
118,3.0,879.56,-898.40,5.750,270.00
118,4.0,872.09,-898.40,7.480,270.00
118,5.0,862.35,-898.40,9.740,270.00
118,6.0,851.00,-898.40,11.350,270.00
118,7.0,837.25,-898.40,13.750,270.00
118,8.0,823.54,-898.40,13.700,270.00
118,9.0,810.20,-898.40,13.350,270.00
118,10.0,797.04,-898.40,13.160,270.00
118,11.0,784.07,-898.40,12.970,270.00
118,12.0,770.53,-898.40,13.540,270.00
118,13.0,757.28,-898.40,13.250,270.00
118,14.0,743.95,-898.40,13.330,270.00
118,15.0,730.47,-898.40,13.480,270.00
118,16.0,717.12,-898.40,13.350,270.00
118,17.0,703.79,-898.40,13.330,270.00
118,18.0,690.23,-898.40,13.560,270.00
118,19.0,676.55,-898.40,13.680,270.00
118,20.0,662.83,-898.40,13.720,270.00
118,21.0,649.38,-898.40,13.460,270.00
118,22.0,635.82,-898.40,13.560,270.00
118,23.0,623.30,-898.40,12.520,270.00
118,24.0,610.34,-898.40,12.960,270.00
118,25.0,597.53,-898.40,12.810,270.00
118,26.0,583.99,-898.40,13.540,270.00
118,27.0,570.31,-898.40,13.680,270.00
118,28.0,557.75,-898.40,12.550,270.00
118,29.0,545.25,-898.40,12.500,270.00
118,30.0,531.89,-898.40,13.360,270.00
118,31.0,519.34,-898.40,12.550,270.00
118,32.0,506.62,-898.40,12.720,270.00
118,33.0,492.90,-898.40,13.720,270.00
118,34.0,480.22,-898.40,12.690,270.00
118,35.0,466.85,-898.40,13.360,270.00
118,36.0,453.96,-898.40,12.900,270.00
118,37.0,441.43,-898.40,12.530,270.00
118,38.0,428.88,-898.40,12.550,270.00
118,39.0,415.70,-898.40,13.180,270.00
118,40.0,402.00,-898.40,13.700,270.00
118,41.0,388.34,-898.40,13.660,270.00
118,42.0,375.15,-898.40,13.190,270.00
118,43.0,362.05,-898.40,13.100,270.00
118,44.0,348.94,-898.40,13.120,270.00
118,45.0,336.46,-898.40,12.480,270.00
118,46.0,323.98,-898.40,12.480,270.00
118,47.0,310.83,-898.40,13.150,270.00
118,48.0,297.49,-898.40,13.340,270.00
118,49.0,284.82,-898.40,12.670,270.00
118,50.0,271.32,-898.40,13.500,270.00
118,51.0,257.91,-898.40,13.410,270.00
118,52.0,244.51,-898.40,13.400,270.00
118,53.0,231.43,-898.40,13.080,270.00
118,54.0,217.82,-898.40,13.610,270.00
118,55.0,204.38,-898.40,13.450,270.00
118,56.0,191.24,-898.40,13.140,270.00
118,57.0,178.47,-898.40,12.770,270.00
118,58.0,165.08,-898.40,13.380,270.00
118,59.0,152.14,-898.40,12.940,270.00
118,60.0,139.51,-898.40,12.630,270.00
118,61.0,126.69,-898.40,12.820,270.00
118,62.0,114.03,-898.40,12.660,270.00
118,63.0,100.56,-898.40,13.470,270.00
118,64.0,87.07,-898.40,13.490,270.00
118,65.0,74.20,-898.40,12.870,270.00
118,66.0,60.52,-898.40,13.680,270.00
118,67.0,47.89,-898.40,12.630,270.00
118,68.0,34.69,-898.40,13.200,270.00
118,69.0,21.07,-898.40,13.620,270.00
118,70.0,7.94,-898.40,13.130,270.00
118,71.0,-5.13,-898.40,13.070,270.00
118,72.0,-17.94,-898.40,12.810,270.00
118,73.0,-30.95,-898.40,13.010,270.00
118,74.0,-43.92,-898.40,12.970,270.00
118,75.0,-56.42,-898.40,12.500,270.00
118,76.0,-68.91,-898.40,12.490,270.00
118,77.0,-82.19,-898.40,13.280,270.00
118,78.0,-95.72,-898.40,13.520,270.00
118,79.0,-108.23,-898.40,12.510,270.00
118,80.0,-121.79,-898.40,13.560,270.00
118,81.0,-135.24,-898.40,13.450,270.00
118,82.0,-147.91,-898.40,12.670,270.00
118,83.0,-160.64,-898.40,12.730,270.00
118,84.0,-174.22,-898.40,13.570,270.00
118,85.0,-187.78,-898.40,13.570,270.00
118,86.0,-200.55,-898.40,12.770,270.00
118,87.0,-213.29,-898.40,12.730,270.00
118,88.0,-226.97,-898.40,13.690,270.00
118,89.0,-240.61,-898.40,13.640,270.00
118,90.0,-253.73,-898.40,13.120,270.00
118,91.0,-267.32,-898.40,13.580,270.00
118,92.0,-280.51,-898.40,13.190,270.00
118,93.0,-293.40,-898.40,12.890,270.00
118,94.0,-306.82,-898.40,13.420,270.00
118,95.0,-320.29,-898.40,13.460,270.00
118,96.0,-332.80,-898.40,12.510,270.00
118,97.0,-345.66,-898.40,12.870,270.00
118,98.0,-358.57,-898.40,12.900,270.00
118,99.0,-371.90,-898.40,13.330,270.00
118,100.0,-385.51,-898.40,13.610,270.00
118,101.0,-398.42,-898.40,12.910,270.00
118,102.0,-411.39,-898.40,12.970,270.00
118,103.0,-424.63,-898.40,13.240,270.00
118,104.0,-437.51,-898.40,12.880,270.00
118,105.0,-451.16,-898.40,13.650,270.00
118,106.0,-463.84,-898.40,12.680,270.00
118,107.0,-477.01,-898.40,13.180,270.00
119,0.0,312.30,-901.60,0.000,90.00
119,1.0,314.60,-901.60,2.300,90.00
119,2.0,319.12,-901.60,4.520,90.00
119,3.0,325.15,-901.60,6.030,90.00
119,4.0,333.59,-901.60,8.440,90.00
119,5.0,344.20,-901.60,10.610,90.00
119,6.0,357.23,-901.60,13.030,90.00
119,7.0,371.09,-901.60,13.870,90.00
119,8.0,385.03,-901.60,13.940,90.00
119,9.0,399.53,-901.60,14.500,90.00
119,10.0,413.62,-901.60,14.090,90.00
119,11.0,427.57,-901.60,13.950,90.00
119,12.0,441.64,-901.60,14.070,90.00
119,13.0,456.39,-901.60,14.750,90.00
119,14.0,470.72,-901.60,14.330,90.00
119,15.0,485.45,-901.60,14.740,90.00
119,16.0,499.74,-901.60,14.280,90.00
119,17.0,513.78,-901.60,14.040,90.00
119,18.0,528.02,-901.60,14.230,90.00
119,19.0,542.14,-901.60,14.130,90.00
119,20.0,555.86,-901.60,13.710,90.00
119,21.0,569.62,-901.60,13.760,90.00
119,22.0,580.60,-901.60,10.980,90.00
119,23.0,588.46,-901.60,7.860,90.00
119,24.0,592.04,-901.60,3.580,90.00
119,25.0,593.66,-901.03,1.780,83.26
119,26.0,592.77,-898.40,3.670,4.80
119,27.0,586.51,-898.40,6.260,270.00
119,28.0,577.74,-898.40,8.770,270.00
119,29.0,567.18,-898.40,10.560,270.00
119,30.0,554.69,-898.40,12.480,270.00
119,31.0,540.50,-898.40,14.200,270.00
119,32.0,526.12,-898.40,14.370,270.00
119,33.0,512.42,-898.40,13.700,270.00
119,34.0,497.67,-898.40,14.750,270.00
119,35.0,482.86,-898.40,14.810,270.00
119,36.0,469.24,-898.40,13.610,270.00
119,37.0,455.04,-898.40,14.200,270.00
119,38.0,440.84,-898.40,14.200,270.00
119,39.0,427.06,-898.40,13.780,270.00
119,40.0,413.50,-898.40,13.560,270.00
119,41.0,400.11,-898.40,13.390,270.00
119,42.0,386.34,-898.40,13.770,270.00
119,43.0,372.38,-898.40,13.960,270.00
119,44.0,359.66,-898.40,12.720,270.00
119,45.0,347.02,-898.40,12.640,270.00
119,46.0,333.71,-898.40,13.310,270.00
119,47.0,320.89,-898.40,12.830,270.00
119,48.0,311.66,-898.40,9.230,270.00
119,49.0,305.32,-898.13,6.360,273.09
119,50.0,301.64,-893.11,6.820,334.65
119,51.0,301.60,-886.51,6.600,0.00
119,52.0,301.60,-878.31,8.200,0.00
119,53.0,301.60,-867.89,10.420,0.00
119,54.0,301.60,-855.56,12.330,0.00
119,55.0,301.60,-841.62,13.950,0.00
119,56.0,301.60,-827.03,14.590,0.00
119,57.0,301.60,-812.60,14.430,0.00
119,58.0,301.60,-798.34,14.260,0.00
119,59.0,301.60,-783.90,14.430,0.00
119,60.0,301.60,-770.30,13.610,0.00
119,61.0,301.60,-757.08,13.220,0.00
119,62.0,301.60,-743.75,13.330,0.00
119,63.0,301.60,-730.31,13.440,0.00
119,64.0,301.60,-717.04,13.260,0.00
119,65.0,301.60,-703.39,13.660,0.00
119,66.0,301.60,-691.39,12.000,0.00
119,67.0,301.60,-679.15,12.240,0.00
119,68.0,301.60,-667.18,11.980,0.00
119,69.0,301.60,-654.06,13.120,0.00
119,70.0,301.60,-641.92,12.140,0.00
119,71.0,301.60,-630.19,11.730,0.00
119,72.0,301.60,-617.43,12.750,0.00
119,73.0,301.60,-603.25,14.190,0.00
119,74.0,301.60,-589.65,13.600,0.00
119,75.0,301.60,-576.02,13.630,0.00
119,76.0,301.60,-562.12,13.900,0.00
119,77.0,301.60,-547.75,14.360,0.00
119,78.0,301.60,-533.09,14.660,0.00
119,79.0,301.60,-519.18,13.910,0.00
119,80.0,301.60,-504.97,14.210,0.00
119,81.0,301.60,-490.75,14.220,0.00
119,82.0,301.60,-476.53,14.220,0.00
119,83.0,301.60,-462.26,14.270,0.00
119,84.0,301.60,-447.63,14.630,0.00
119,85.0,301.60,-432.93,14.700,0.00
119,86.0,301.60,-418.51,14.420,0.00
119,87.0,301.60,-404.82,13.690,0.00
119,88.0,301.60,-390.26,14.550,0.00
119,89.0,301.60,-375.50,14.770,0.00
119,90.0,301.60,-361.18,14.310,0.00
119,91.0,301.60,-347.26,13.920,0.00
119,92.0,301.60,-332.58,14.680,0.00
119,93.0,301.60,-319.60,12.980,0.00
119,94.0,301.60,-309.66,9.940,0.00
119,95.0,301.18,-304.25,5.440,355.15
119,96.0,296.42,-298.92,7.560,308.63
119,97.0,289.05,-298.40,7.410,272.03
119,98.0,279.67,-298.40,9.380,270.00
119,99.0,268.90,-298.40,10.770,270.00
119,100.0,256.51,-298.40,12.390,270.00
119,101.0,242.49,-298.40,14.020,270.00
119,102.0,228.07,-298.40,14.430,270.00
119,103.0,214.29,-298.40,13.780,270.00
119,104.0,199.43,-298.40,14.860,270.00
119,105.0,185.44,-298.40,13.990,270.00
119,106.0,170.66,-298.40,14.770,270.00
12,0.0,887.70,301.60,0.000,270.00
12,1.0,886.36,301.60,1.340,270.00
12,2.0,882.96,301.60,3.400,270.00
12,3.0,877.96,301.60,5.000,270.00
12,4.0,871.11,301.60,6.860,270.00
12,5.0,861.72,301.60,9.390,270.00
12,6.0,850.57,301.60,11.150,270.00
12,7.0,837.65,301.60,12.920,270.00
12,8.0,823.83,301.60,13.820,270.00
12,9.0,809.44,301.60,14.400,270.00
12,10.0,795.54,301.60,13.900,270.00
12,11.0,781.50,301.60,14.030,270.00
12,12.0,767.59,301.60,13.920,270.00
12,13.0,754.23,301.60,13.360,270.00
12,14.0,740.95,301.60,13.280,270.00
12,15.0,726.69,301.60,14.260,270.00
12,16.0,712.54,301.60,14.150,270.00
12,17.0,698.49,301.60,14.050,270.00
12,18.0,685.10,301.60,13.390,270.00
12,19.0,670.99,301.60,14.110,270.00
12,20.0,657.26,301.60,13.730,270.00
12,21.0,643.40,301.60,13.860,270.00
12,22.0,629.68,301.60,13.720,270.00
12,23.0,618.52,301.60,11.160,270.00
12,24.0,611.20,301.60,7.320,270.00
12,25.0,601.91,301.60,9.290,270.00
12,26.0,590.37,301.60,11.540,270.00
12,27.0,576.73,301.60,13.640,270.00
12,28.0,563.17,301.60,13.560,270.00
12,29.0,548.87,301.60,14.290,270.00
12,30.0,534.67,301.60,14.210,270.00
12,31.0,520.89,301.60,13.770,270.00
12,32.0,506.46,301.60,14.440,270.00
12,33.0,493.09,301.60,13.370,270.00
12,34.0,478.95,301.60,14.130,270.00
12,35.0,465.19,301.60,13.770,270.00
12,36.0,450.92,301.60,14.270,270.00
12,37.0,437.20,301.60,13.720,270.00
12,38.0,423.12,301.60,14.080,270.00
12,39.0,408.58,301.60,14.540,270.00
12,40.0,395.24,301.60,13.340,270.00
12,41.0,381.52,301.60,13.720,270.00
12,42.0,368.24,301.60,13.280,270.00
12,43.0,354.64,301.60,13.600,270.00
12,44.0,341.19,301.60,13.440,270.00
12,45.0,326.77,301.60,14.420,270.00
12,46.0,316.70,301.60,10.070,270.00
12,47.0,310.80,301.60,5.910,270.00
12,48.0,302.79,300.71,8.140,259.67
12,49.0,298.63,294.40,8.030,200.61
12,50.0,298.40,286.41,8.010,180.00
12,51.0,298.40,277.10,9.310,180.00
12,52.0,298.40,266.13,10.970,180.00
12,53.0,298.40,253.19,12.940,180.00
12,54.0,298.40,239.34,13.850,180.00
12,55.0,298.40,225.85,13.490,180.00
12,56.0,298.40,212.28,13.560,180.00
12,57.0,298.40,197.92,14.360,180.00
12,58.0,298.40,183.89,14.030,180.00
12,59.0,298.40,170.55,13.340,180.00
12,60.0,298.40,156.32,14.220,180.00
12,61.0,298.40,142.69,13.630,180.00
12,62.0,298.40,128.72,13.970,180.00
12,63.0,298.40,114.99,13.740,180.00
12,64.0,298.40,101.05,13.940,180.00
12,65.0,298.40,87.39,13.660,180.00
12,66.0,298.40,73.52,13.870,180.00
12,67.0,298.40,59.57,13.940,180.00
12,68.0,298.40,45.41,14.160,180.00
12,69.0,298.40,31.05,14.360,180.00
12,70.0,298.40,17.20,13.850,180.00
12,71.0,298.40,7.57,9.630,180.00
12,72.0,295.63,2.18,6.480,213.73
12,73.0,289.05,1.60,6.660,267.96
12,74.0,280.61,1.60,8.440,270.00
12,75.0,269.67,1.60,10.940,270.00
12,76.0,256.92,1.60,12.750,270.00
12,77.0,243.43,1.60,13.490,270.00
12,78.0,229.34,1.60,14.090,270.00
12,79.0,216.09,1.60,13.250,270.00
12,80.0,202.03,1.60,14.060,270.00
12,81.0,187.97,1.60,14.050,270.00
12,82.0,174.07,1.60,13.900,270.00
12,83.0,160.10,1.60,13.970,270.00
12,84.0,146.81,1.60,13.290,270.00
12,85.0,133.05,1.60,13.760,270.00
12,86.0,119.14,1.60,13.900,270.00
12,87.0,105.56,1.60,13.580,270.00
12,88.0,92.26,1.60,13.300,270.00
12,89.0,78.62,1.60,13.640,270.00
12,90.0,64.43,1.60,14.200,270.00
12,91.0,51.18,1.60,13.250,270.00
12,92.0,37.47,1.60,13.710,270.00
12,93.0,23.41,1.60,14.060,270.00
12,94.0,13.85,1.60,9.560,270.00
12,95.0,8.49,1.60,5.360,270.00
12,96.0,7.54,1.60,0.940,270.00
12,97.0,7.36,1.60,0.190,270.00
12,98.0,5.95,1.60,1.400,270.00
12,99.0,2.78,1.60,3.170,270.00
12,100.0,-1.82,1.60,4.600,270.00
12,101.0,-8.94,1.60,7.120,270.00
12,102.0,-17.43,1.60,8.490,270.00
12,103.0,-28.45,1.60,11.020,270.00
12,104.0,-41.20,1.60,12.760,270.00
12,105.0,-54.78,1.60,13.580,270.00
12,106.0,-68.28,1.60,13.490,270.00
12,107.0,-82.52,1.60,14.250,270.00
12,108.0,-96.04,1.60,13.520,270.00
12,109.0,-109.59,1.60,13.560,270.00
12,110.0,-123.74,1.60,14.150,270.00
12,111.0,-137.72,1.60,13.980,270.00
12,112.0,-151.50,1.60,13.770,270.00
12,113.0,-165.97,1.60,14.480,270.00
12,114.0,-180.06,1.60,14.080,270.00
12,115.0,-193.99,1.60,13.930,270.00
12,116.0,-207.94,1.60,13.950,270.00
12,117.0,-221.47,1.60,13.530,270.00
12,118.0,-235.81,1.60,14.340,270.00
12,119.0,-249.49,1.60,13.670,270.00
12,120.0,-263.45,1.60,13.960,270.00
12,121.0,-276.98,1.60,13.530,270.00
12,122.0,-286.00,1.60,9.030,270.00
12,123.0,-291.04,1.60,5.030,270.00
12,124.0,-297.88,1.60,6.850,270.00
12,125.0,-307.06,1.60,9.180,270.00
12,126.0,-318.46,1.60,11.400,270.00
12,127.0,-331.51,1.60,13.050,270.00
12,128.0,-345.09,1.60,13.580,270.00
12,129.0,-358.92,1.60,13.830,270.00
12,130.0,-372.97,1.60,14.050,270.00
12,131.0,-387.37,1.60,14.400,270.00
12,132.0,-400.80,1.60,13.430,270.00
12,133.0,-414.91,1.60,14.120,270.00
12,134.0,-429.43,1.60,14.520,270.00
12,135.0,-442.79,1.60,13.360,270.00
12,136.0,-457.19,1.60,14.400,270.00
12,137.0,-471.05,1.60,13.870,270.00
12,138.0,-485.07,1.60,14.020,270.00
12,139.0,-499.42,1.60,14.350,270.00
12,140.0,-512.85,1.60,13.430,270.00
12,141.0,-526.71,1.60,13.860,270.00
12,142.0,-540.82,1.60,14.110,270.00
12,143.0,-554.58,1.60,13.760,270.00
12,144.0,-568.50,1.60,13.910,270.00
12,145.0,-581.98,1.60,13.480,270.00
120,0.0,-287.70,898.40,0.000,90.00
120,1.0,-285.64,898.40,2.060,90.00
120,2.0,-281.85,898.40,3.790,90.00
120,3.0,-276.24,898.40,5.620,90.00
120,4.0,-268.31,898.40,7.930,90.00
120,5.0,-258.91,898.40,9.400,90.00
120,6.0,-246.98,898.40,11.930,90.00
120,7.0,-233.95,898.40,13.030,90.00
120,8.0,-221.41,898.40,12.540,90.00
120,9.0,-209.32,898.40,12.090,90.00
120,10.0,-197.28,898.40,12.040,90.00
120,11.0,-185.31,898.40,11.980,90.00
120,12.0,-173.35,898.40,11.960,90.00
120,13.0,-160.38,898.40,12.960,90.00
120,14.0,-148.27,898.40,12.110,90.00
120,15.0,-135.29,898.40,12.980,90.00
120,16.0,-122.24,898.40,13.050,90.00
120,17.0,-109.53,898.40,12.710,90.00
120,18.0,-96.46,898.40,13.070,90.00
120,19.0,-84.30,898.40,12.150,90.00
120,20.0,-71.34,898.40,12.960,90.00
120,21.0,-58.58,898.40,12.760,90.00
120,22.0,-45.68,898.40,12.900,90.00
120,23.0,-32.80,898.40,12.880,90.00
120,24.0,-20.08,898.40,12.720,90.00
120,25.0,-7.52,898.40,12.560,90.00
120,26.0,5.05,898.40,12.570,90.00
120,27.0,17.95,898.40,12.910,90.00
120,28.0,29.75,898.40,11.800,90.00
120,29.0,42.21,898.40,12.460,90.00
120,30.0,54.83,898.40,12.620,90.00
120,31.0,67.36,898.40,12.530,90.00
120,32.0,79.96,898.40,12.600,90.00
120,33.0,91.86,898.40,11.900,90.00
120,34.0,104.76,898.40,12.900,90.00
120,35.0,116.66,898.40,11.900,90.00
120,36.0,128.87,898.40,12.210,90.00
120,37.0,141.12,898.40,12.250,90.00
120,38.0,154.16,898.40,13.040,90.00
120,39.0,166.31,898.40,12.150,90.00
120,40.0,178.21,898.40,11.900,90.00
120,41.0,190.45,898.40,12.240,90.00
120,42.0,202.63,898.40,12.180,90.00
120,43.0,214.63,898.40,12.000,90.00
120,44.0,227.70,898.40,13.070,90.00
120,45.0,240.14,898.40,12.440,90.00
120,46.0,252.12,898.40,11.980,90.00
120,47.0,263.90,898.40,11.780,90.00
120,48.0,276.02,898.40,12.110,90.00
120,49.0,285.93,898.40,9.910,90.00
120,50.0,292.59,898.40,6.660,90.00
120,51.0,297.28,896.54,5.270,112.77
120,52.0,298.40,890.99,5.780,171.62
120,53.0,298.40,882.94,8.050,180.00
120,54.0,298.40,872.64,10.300,180.00
120,55.0,298.40,861.00,11.640,180.00
120,56.0,298.40,848.55,12.460,180.00
120,57.0,298.40,836.49,12.060,180.00
120,58.0,298.40,823.79,12.700,180.00
120,59.0,298.40,810.94,12.850,180.00
120,60.0,298.40,798.34,12.600,180.00
120,61.0,298.40,786.28,12.060,180.00
120,62.0,298.40,774.37,11.910,180.00
120,63.0,298.40,761.62,12.750,180.00
120,64.0,298.40,749.10,12.520,180.00
120,65.0,298.40,736.99,12.110,180.00
120,66.0,298.40,724.62,12.380,180.00
120,67.0,298.40,712.26,12.350,180.00
120,68.0,298.40,699.33,12.940,180.00
120,69.0,298.40,687.14,12.180,180.00
120,70.0,298.40,675.33,11.820,180.00
120,71.0,298.40,662.71,12.610,180.00
120,72.0,298.40,650.92,11.790,180.00
120,73.0,298.40,639.08,11.850,180.00
120,74.0,298.40,626.43,12.640,180.00
120,75.0,298.40,614.37,12.060,180.00
120,76.0,298.40,601.45,12.920,180.00
120,77.0,298.40,589.02,12.430,180.00
120,78.0,298.40,576.85,12.180,180.00
120,79.0,298.40,564.05,12.800,180.00
120,80.0,298.40,551.86,12.190,180.00
120,81.0,298.40,539.36,12.500,180.00
120,82.0,298.40,527.49,11.860,180.00
120,83.0,298.40,515.08,12.410,180.00
120,84.0,298.40,503.14,11.940,180.00
120,85.0,298.40,490.31,12.830,180.00
120,86.0,298.40,477.81,12.500,180.00
120,87.0,298.40,465.06,12.750,180.00
120,88.0,298.40,452.63,12.430,180.00
120,89.0,298.40,440.05,12.580,180.00
120,90.0,298.40,427.96,12.080,180.00
120,91.0,298.40,415.11,12.850,180.00
120,92.0,298.40,402.66,12.450,180.00
120,93.0,298.40,390.10,12.560,180.00
120,94.0,298.40,377.82,12.280,180.00
120,95.0,298.40,365.12,12.700,180.00
120,96.0,298.40,352.97,12.150,180.00
120,97.0,298.40,339.94,13.030,180.00
120,98.0,298.40,326.96,12.980,180.00
120,99.0,298.40,315.07,11.880,180.00
120,100.0,298.40,302.64,12.440,180.00
120,101.0,298.40,289.62,13.020,180.00
120,102.0,298.40,277.20,12.420,180.00
120,103.0,298.40,265.07,12.130,180.00
120,104.0,298.40,252.06,13.010,180.00
120,105.0,298.40,239.11,12.950,180.00
121,0.0,-1.60,287.70,0.000,180.00
121,1.0,-1.60,285.48,2.220,180.00
121,2.0,-1.60,280.91,4.570,180.00
121,3.0,-1.60,274.43,6.480,180.00
121,4.0,-1.60,265.58,8.850,180.00
121,5.0,-1.60,254.83,10.750,180.00
121,6.0,-1.60,241.89,12.950,180.00
121,7.0,-1.60,227.54,14.350,180.00
121,8.0,-1.60,213.45,14.090,180.00
121,9.0,-1.60,199.19,14.260,180.00
121,10.0,-1.60,184.11,15.080,180.00
121,11.0,-1.60,169.80,14.310,180.00
121,12.0,-1.60,155.35,14.450,180.00
121,13.0,-1.60,140.17,15.180,180.00
121,14.0,-1.60,125.04,15.130,180.00
121,15.0,-1.60,109.92,15.130,180.00
121,16.0,-1.60,94.68,15.230,180.00
121,17.0,-1.60,79.63,15.050,180.00
121,18.0,-1.60,65.22,14.410,180.00
121,19.0,-1.60,49.93,15.290,180.00
121,20.0,-1.60,34.84,15.100,180.00
121,21.0,-1.60,20.55,14.290,180.00
121,22.0,-1.60,10.69,9.860,180.00
121,23.0,-1.30,5.09,5.620,176.53
121,24.0,2.59,-0.59,7.290,136.03
121,25.0,11.14,-1.60,8.720,91.72
121,26.0,22.26,-1.60,11.110,90.00
121,27.0,35.02,-1.60,12.770,90.00
121,28.0,49.27,-1.60,14.250,90.00
121,29.0,64.19,-1.60,14.920,90.00
121,30.0,78.73,-1.60,14.540,90.00
121,31.0,93.92,-1.60,15.190,90.00
121,32.0,108.80,-1.60,14.870,90.00
121,33.0,123.66,-1.60,14.860,90.00
121,34.0,138.79,-1.60,15.130,90.00
121,35.0,153.55,-1.60,14.760,90.00
121,36.0,167.85,-1.60,14.300,90.00
121,37.0,182.85,-1.60,15.000,90.00
121,38.0,197.18,-1.60,14.320,90.00
121,39.0,212.16,-1.60,14.980,90.00
121,40.0,226.86,-1.60,14.700,90.00
121,41.0,241.98,-1.60,15.120,90.00
121,42.0,257.18,-1.60,15.200,90.00
121,43.0,272.44,-1.60,15.260,90.00
121,44.0,283.20,-1.60,10.760,90.00
121,45.0,289.49,-1.60,6.290,90.00
121,46.0,292.54,-1.60,3.040,90.00
121,47.0,297.11,-1.60,4.570,90.00
121,48.0,304.08,-1.60,6.970,90.00
121,49.0,313.45,-1.60,9.370,90.00
121,50.0,325.32,-1.60,11.870,90.00
121,51.0,339.49,-1.60,14.170,90.00
121,52.0,354.31,-1.60,14.820,90.00
121,53.0,368.38,-1.60,14.070,90.00
121,54.0,383.04,-1.60,14.660,90.00
121,55.0,397.15,-1.60,14.110,90.00
121,56.0,411.63,-1.60,14.480,90.00
121,57.0,426.23,-1.60,14.600,90.00
121,58.0,441.38,-1.60,15.150,90.00
121,59.0,455.50,-1.60,14.120,90.00
121,60.0,470.23,-1.60,14.730,90.00
121,61.0,484.48,-1.60,14.250,90.00
121,62.0,499.21,-1.60,14.730,90.00
121,63.0,514.13,-1.60,14.920,90.00
121,64.0,529.42,-1.60,15.300,90.00
121,65.0,544.36,-1.60,14.930,90.00
121,66.0,559.05,-1.60,14.690,90.00
121,67.0,574.11,-1.60,15.060,90.00
121,68.0,584.67,-1.60,10.560,90.00
121,69.0,590.72,-1.60,6.060,90.00
121,70.0,599.25,-1.60,8.520,90.00
121,71.0,609.23,-1.60,9.980,90.00
121,72.0,621.02,-1.60,11.790,90.00
121,73.0,635.25,-1.60,14.230,90.00
121,74.0,649.95,-1.60,14.700,90.00
121,75.0,665.08,-1.60,15.130,90.00
121,76.0,679.34,-1.60,14.260,90.00
121,77.0,693.59,-1.60,14.250,90.00
121,78.0,708.03,-1.60,14.440,90.00
121,79.0,722.84,-1.60,14.810,90.00
121,80.0,738.15,-1.60,15.310,90.00
121,81.0,753.47,-1.60,15.320,90.00
121,82.0,767.83,-1.60,14.360,90.00
121,83.0,782.01,-1.60,14.180,90.00
121,84.0,796.10,-1.60,14.090,90.00
121,85.0,810.64,-1.60,14.540,90.00
121,86.0,824.92,-1.60,14.280,90.00
121,87.0,839.90,-1.60,14.980,90.00
121,88.0,854.31,-1.60,14.410,90.00
121,89.0,868.60,-1.60,14.290,90.00
121,90.0,880.66,-1.60,12.060,90.00
121,91.0,888.36,-1.60,7.700,90.00
121,92.0,892.45,-1.60,4.090,90.00
121,93.0,893.89,0.88,3.710,47.71
121,94.0,890.91,1.60,3.190,306.14
121,95.0,885.47,1.60,5.440,270.00
121,96.0,877.54,1.60,7.930,270.00
121,97.0,868.03,1.60,9.520,270.00
121,98.0,855.92,1.60,12.100,270.00
121,99.0,841.51,1.60,14.410,270.00
121,100.0,826.53,1.60,14.980,270.00
121,101.0,811.43,1.60,15.100,270.00
121,102.0,796.19,1.60,15.240,270.00
121,103.0,780.92,1.60,15.270,270.00
122,0.0,-612.30,301.60,0.000,270.00
122,1.0,-613.77,301.60,1.470,270.00
122,2.0,-617.73,301.60,3.960,270.00
122,3.0,-623.45,301.60,5.720,270.00
122,4.0,-630.76,301.60,7.310,270.00
122,5.0,-639.48,301.60,8.720,270.00
122,6.0,-649.83,301.60,10.350,270.00
122,7.0,-661.80,301.60,11.980,270.00
122,8.0,-675.15,301.60,13.350,270.00
122,9.0,-688.34,301.60,13.190,270.00
122,10.0,-701.52,301.60,13.170,270.00
122,11.0,-714.75,301.60,13.230,270.00
122,12.0,-728.87,301.60,14.120,270.00
122,13.0,-742.97,301.60,14.100,270.00
122,14.0,-756.42,301.60,13.460,270.00
122,15.0,-770.11,301.60,13.690,270.00
122,16.0,-783.94,301.60,13.830,270.00
122,17.0,-797.42,301.60,13.480,270.00
122,18.0,-811.09,301.60,13.670,270.00
122,19.0,-824.92,301.60,13.820,270.00
122,20.0,-839.10,301.60,14.180,270.00
122,21.0,-852.98,301.60,13.880,270.00
122,22.0,-866.22,301.60,13.250,270.00
122,23.0,-879.22,301.60,13.000,270.00
122,24.0,-887.72,301.60,8.500,270.00
122,25.0,-891.71,301.60,4.000,270.00
122,26.0,-897.41,303.69,6.410,295.45
122,27.0,-898.40,309.82,6.330,356.14
122,28.0,-898.40,317.63,7.810,0.00
122,29.0,-898.40,327.61,9.980,0.00
122,30.0,-898.40,339.09,11.480,0.00
122,31.0,-898.40,351.96,12.870,0.00
122,32.0,-898.40,365.64,13.680,0.00
122,33.0,-898.40,379.18,13.530,0.00
122,34.0,-898.40,393.14,13.960,0.00
122,35.0,-898.40,406.37,13.240,0.00
122,36.0,-898.40,419.92,13.550,0.00
122,37.0,-898.40,433.57,13.640,0.00
122,38.0,-898.40,447.59,14.020,0.00
122,39.0,-898.40,460.73,13.140,0.00
122,40.0,-898.40,473.90,13.170,0.00
122,41.0,-898.40,487.60,13.700,0.00
122,42.0,-898.40,501.76,14.160,0.00
122,43.0,-898.40,515.98,14.220,0.00
122,44.0,-898.40,529.68,13.700,0.00
122,45.0,-898.40,543.35,13.680,0.00
122,46.0,-898.40,557.21,13.860,0.00
122,47.0,-898.40,570.51,13.310,0.00
122,48.0,-898.40,584.83,14.320,0.00
122,49.0,-898.40,599.06,14.220,0.00
122,50.0,-898.40,612.24,13.180,0.00
122,51.0,-898.40,625.98,13.730,0.00
122,52.0,-898.40,639.44,13.470,0.00
122,53.0,-898.40,653.59,14.140,0.00
122,54.0,-898.40,666.87,13.280,0.00
122,55.0,-898.40,680.03,13.160,0.00
122,56.0,-898.40,694.06,14.030,0.00
122,57.0,-898.40,707.45,13.390,0.00
122,58.0,-898.40,721.55,14.100,0.00
122,59.0,-898.40,734.67,13.120,0.00
122,60.0,-898.40,747.86,13.180,0.00
122,61.0,-898.40,761.44,13.580,0.00
122,62.0,-898.40,774.98,13.540,0.00
122,63.0,-898.40,788.26,13.280,0.00
122,64.0,-898.40,801.83,13.570,0.00
122,65.0,-898.40,815.93,14.100,0.00
122,66.0,-898.40,829.90,13.970,0.00
122,67.0,-898.40,843.84,13.930,0.00
122,68.0,-898.40,857.81,13.970,0.00
122,69.0,-898.40,871.07,13.260,0.00
122,70.0,-898.40,882.94,11.870,0.00
122,71.0,-898.40,891.78,8.840,0.00
122,72.0,-898.40,896.74,4.960,0.00
122,73.0,-896.20,898.40,3.230,32.71
122,74.0,-890.98,898.40,5.220,90.00
122,75.0,-883.19,898.40,7.780,90.00
122,76.0,-872.92,898.40,10.270,90.00
122,77.0,-860.14,898.40,12.780,90.00
122,78.0,-846.63,898.40,13.520,90.00
122,79.0,-833.37,898.40,13.260,90.00
122,80.0,-819.95,898.40,13.410,90.00
122,81.0,-806.02,898.40,13.930,90.00
122,82.0,-792.82,898.40,13.200,90.00
122,83.0,-779.78,898.40,13.040,90.00
122,84.0,-765.96,898.40,13.820,90.00
122,85.0,-751.98,898.40,13.980,90.00
122,86.0,-737.98,898.40,14.010,90.00
122,87.0,-724.81,898.40,13.160,90.00
122,88.0,-711.32,898.40,13.490,90.00
122,89.0,-697.39,898.40,13.940,90.00
122,90.0,-683.26,898.40,14.130,90.00
122,91.0,-669.34,898.40,13.920,90.00
122,92.0,-656.15,898.40,13.180,90.00
122,93.0,-643.07,898.40,13.080,90.00
122,94.0,-629.21,898.40,13.860,90.00
122,95.0,-615.74,898.40,13.470,90.00
122,96.0,-602.38,898.40,13.360,90.00
122,97.0,-588.60,898.40,13.780,90.00
122,98.0,-575.13,898.40,13.470,90.00
122,99.0,-561.82,898.40,13.310,90.00
122,100.0,-547.59,898.40,14.230,90.00
122,101.0,-534.26,898.40,13.330,90.00
122,102.0,-520.57,898.40,13.690,90.00
123,0.0,-598.40,612.30,0.000,0.00
123,1.0,-598.40,614.24,1.940,0.00
123,2.0,-598.40,618.53,4.300,0.00
123,3.0,-598.40,625.03,6.490,0.00
123,4.0,-598.40,634.08,9.050,0.00
123,5.0,-598.40,644.75,10.670,0.00
123,6.0,-598.40,657.27,12.520,0.00
123,7.0,-598.40,671.20,13.930,0.00
123,8.0,-598.40,684.27,13.070,0.00
123,9.0,-598.40,698.47,14.200,0.00
123,10.0,-598.40,711.63,13.160,0.00
123,11.0,-598.40,725.19,13.570,0.00
123,12.0,-598.40,739.21,14.020,0.00
123,13.0,-598.40,753.33,14.120,0.00
123,14.0,-598.40,766.97,13.650,0.00
123,15.0,-598.40,780.92,13.950,0.00
123,16.0,-598.40,794.03,13.100,0.00
123,17.0,-598.40,807.47,13.450,0.00
123,18.0,-598.40,821.61,14.140,0.00
123,19.0,-598.40,835.31,13.700,0.00
123,20.0,-598.40,849.27,13.950,0.00
123,21.0,-598.40,862.63,13.360,0.00
123,22.0,-598.40,876.03,13.400,0.00
123,23.0,-598.40,886.04,10.020,0.00
123,24.0,-598.40,891.56,5.520,0.00
123,25.0,-596.99,897.01,5.760,16.75
123,26.0,-591.41,898.40,5.890,79.00
123,27.0,-582.98,898.40,8.440,90.00
123,28.0,-572.89,898.40,10.080,90.00
123,29.0,-560.90,898.40,11.990,90.00
123,30.0,-546.87,898.40,14.030,90.00
123,31.0,-533.26,898.40,13.610,90.00
123,32.0,-520.33,898.40,12.930,90.00
123,33.0,-507.33,898.40,13.000,90.00
123,34.0,-493.93,898.40,13.400,90.00
123,35.0,-480.11,898.40,13.810,90.00
123,36.0,-466.97,898.40,13.140,90.00
123,37.0,-453.27,898.40,13.700,90.00
123,38.0,-440.20,898.40,13.070,90.00
123,39.0,-427.18,898.40,13.020,90.00
123,40.0,-414.11,898.40,13.060,90.00
123,41.0,-399.91,898.40,14.210,90.00
123,42.0,-385.79,898.40,14.120,90.00
123,43.0,-372.02,898.40,13.770,90.00
123,44.0,-358.60,898.40,13.420,90.00
123,45.0,-345.22,898.40,13.380,90.00
123,46.0,-331.47,898.40,13.750,90.00
123,47.0,-317.92,898.40,13.550,90.00
123,48.0,-308.22,898.40,9.700,90.00
123,49.0,-302.73,896.54,6.070,112.66
123,50.0,-301.60,890.49,6.300,174.70
123,51.0,-301.60,882.14,8.340,180.00
123,52.0,-301.60,871.65,10.490,180.00
123,53.0,-301.60,858.76,12.900,180.00
123,54.0,-301.60,844.96,13.800,180.00
123,55.0,-301.60,831.25,13.720,180.00
123,56.0,-301.60,817.20,14.050,180.00
123,57.0,-301.60,803.80,13.400,180.00
123,58.0,-301.60,790.38,13.410,180.00
123,59.0,-301.60,776.79,13.590,180.00
123,60.0,-301.60,763.41,13.380,180.00
123,61.0,-301.60,749.95,13.450,180.00
123,62.0,-301.60,736.01,13.950,180.00
123,63.0,-301.60,721.88,14.130,180.00
123,64.0,-301.60,708.80,13.080,180.00
123,65.0,-301.60,695.19,13.610,180.00
123,66.0,-301.60,682.26,12.920,180.00
123,67.0,-301.60,668.36,13.900,180.00
123,68.0,-301.60,654.55,13.810,180.00
123,69.0,-301.60,640.91,13.640,180.00
123,70.0,-301.60,626.94,13.970,180.00
123,71.0,-301.60,616.11,10.830,180.00
123,72.0,-301.60,609.58,6.530,180.00
123,73.0,-300.85,606.07,3.740,171.06
123,74.0,-298.40,607.28,3.400,92.91
123,75.0,-298.40,612.89,5.610,0.00
123,76.0,-298.40,620.56,7.670,0.00
123,77.0,-298.40,630.75,10.200,0.00
123,78.0,-298.40,642.33,11.570,0.00
123,79.0,-298.40,655.97,13.640,0.00
123,80.0,-298.40,669.88,13.910,0.00
123,81.0,-298.40,683.01,13.140,0.00
123,82.0,-298.40,696.69,13.680,0.00
123,83.0,-298.40,710.03,13.340,0.00
123,84.0,-298.40,724.17,14.140,0.00
123,85.0,-298.40,737.87,13.710,0.00
123,86.0,-298.40,750.89,13.010,0.00
123,87.0,-298.40,764.34,13.450,0.00
123,88.0,-298.40,777.70,13.370,0.00
123,89.0,-298.40,791.19,13.490,0.00
123,90.0,-298.40,805.36,14.170,0.00
123,91.0,-298.40,819.43,14.060,0.00
123,92.0,-298.40,833.34,13.910,0.00
123,93.0,-298.40,846.77,13.430,0.00
123,94.0,-298.40,860.56,13.790,0.00
123,95.0,-298.40,873.52,12.960,0.00
123,96.0,-298.40,887.60,14.080,0.00
124,0.0,287.70,301.60,0.000,270.00
124,1.0,285.60,301.60,2.100,270.00
124,2.0,281.12,301.60,4.480,270.00
124,3.0,274.63,301.60,6.500,270.00
124,4.0,265.61,301.60,9.020,270.00
124,5.0,254.88,301.60,10.720,270.00
124,6.0,242.28,301.60,12.600,270.00
124,7.0,227.62,301.60,14.670,270.00
124,8.0,214.07,301.60,13.550,270.00
124,9.0,199.93,301.60,14.140,270.00
124,10.0,186.42,301.60,13.510,270.00
124,11.0,172.15,301.60,14.270,270.00
124,12.0,158.22,301.60,13.930,270.00
124,13.0,144.00,301.60,14.220,270.00
124,14.0,130.46,301.60,13.540,270.00
124,15.0,116.50,301.60,13.960,270.00
124,16.0,101.88,301.60,14.620,270.00
124,17.0,87.59,301.60,14.290,270.00
124,18.0,73.56,301.60,14.030,270.00
124,19.0,59.87,301.60,13.690,270.00
124,20.0,45.27,301.60,14.600,270.00
124,21.0,30.92,301.60,14.350,270.00
124,22.0,19.64,301.60,11.280,270.00
124,23.0,11.51,301.60,8.130,270.00
124,24.0,7.86,301.60,3.640,270.00
124,25.0,7.43,301.60,0.430,270.00
124,26.0,7.30,301.60,0.130,270.00
124,27.0,7.30,301.60,0.000,270.00
124,28.0,7.30,301.60,0.000,270.00
124,29.0,7.30,301.60,0.000,270.00
124,30.0,7.30,301.60,0.000,270.00
124,31.0,7.30,301.60,0.000,270.00
124,32.0,7.30,301.60,0.000,270.00
124,33.0,7.30,301.60,0.000,270.00
124,34.0,7.30,301.60,0.000,270.00
124,35.0,7.30,301.60,0.000,270.00
124,36.0,7.30,301.60,0.000,270.00
124,37.0,7.30,301.60,0.000,270.00
124,38.0,7.30,301.60,0.000,270.00
124,39.0,7.30,301.60,0.000,270.00
124,40.0,7.30,301.60,0.000,270.00
124,41.0,7.30,301.60,0.000,270.00
124,42.0,7.30,301.60,0.000,270.00
124,43.0,7.30,301.60,0.000,270.00
124,44.0,4.78,301.25,2.550,266.03
124,45.0,0.46,299.16,4.930,244.44
124,46.0,-1.60,292.55,7.070,191.57
124,47.0,-1.60,284.05,8.490,180.00
124,48.0,-1.60,274.15,9.900,180.00
124,49.0,-1.60,262.42,11.730,180.00
124,50.0,-1.60,248.43,13.990,180.00
124,51.0,-1.60,234.71,13.720,180.00
124,52.0,-1.60,220.07,14.640,180.00
124,53.0,-1.60,205.41,14.670,180.00
124,54.0,-1.60,191.05,14.360,180.00
124,55.0,-1.60,176.42,14.630,180.00
124,56.0,-1.60,162.19,14.230,180.00
124,57.0,-1.60,148.51,13.680,180.00
124,58.0,-1.60,134.14,14.360,180.00
124,59.0,-1.60,120.57,13.570,180.00
124,60.0,-1.60,106.09,14.480,180.00
124,61.0,-1.60,91.92,14.170,180.00
124,62.0,-1.60,78.51,13.420,180.00
124,63.0,-1.60,64.86,13.640,180.00
124,64.0,-1.60,52.39,12.470,180.00
124,65.0,-1.60,39.27,13.130,180.00
124,66.0,-1.60,26.48,12.790,180.00
124,67.0,-1.60,16.80,9.680,180.00
124,68.0,-1.60,10.27,6.530,180.00
124,69.0,-1.60,4.82,5.450,180.00
124,70.0,-1.60,-3.00,7.820,180.00
124,71.0,-1.60,-12.73,9.730,180.00
124,72.0,-1.60,-24.41,11.680,180.00
124,73.0,-1.60,-38.15,13.740,180.00
124,74.0,-1.60,-52.53,14.380,180.00
124,75.0,-1.60,-65.98,13.460,180.00
124,76.0,-1.60,-79.52,13.530,180.00
124,77.0,-1.60,-93.10,13.580,180.00
124,78.0,-1.60,-107.12,14.020,180.00
124,79.0,-1.60,-121.20,14.080,180.00
124,80.0,-1.60,-135.49,14.290,180.00
124,81.0,-1.60,-149.03,13.540,180.00
124,82.0,-1.60,-162.89,13.870,180.00
124,83.0,-1.60,-176.35,13.460,180.00
124,84.0,-1.60,-190.97,14.620,180.00
124,85.0,-1.60,-205.10,14.130,180.00
124,86.0,-1.60,-219.81,14.710,180.00
124,87.0,-1.60,-234.30,14.500,180.00
124,88.0,-1.60,-248.85,14.550,180.00
124,89.0,-1.60,-263.36,14.500,180.00
124,90.0,-1.60,-278.09,14.730,180.00
124,91.0,-1.60,-292.29,14.210,180.00
124,92.0,-1.60,-306.54,14.250,180.00
124,93.0,-1.60,-320.28,13.730,180.00
124,94.0,-1.60,-334.70,14.420,180.00
124,95.0,-1.60,-348.25,13.550,180.00
124,96.0,-1.60,-362.95,14.700,180.00
124,97.0,-1.60,-376.59,13.640,180.00
124,98.0,-1.60,-390.16,13.570,180.00
124,99.0,-1.60,-404.08,13.920,180.00
124,100.0,-1.60,-418.25,14.170,180.00
125,0.0,-301.60,-312.30,0.000,180.00
125,1.0,-301.60,-314.39,2.090,180.00
125,2.0,-301.60,-318.10,3.710,180.00
125,3.0,-301.60,-324.23,6.120,180.00
125,4.0,-301.60,-332.38,8.150,180.00
125,5.0,-301.60,-343.13,10.740,180.00
125,6.0,-301.60,-356.14,13.020,180.00
125,7.0,-301.60,-370.68,14.530,180.00
125,8.0,-301.60,-385.75,15.070,180.00
125,9.0,-301.60,-401.47,15.730,180.00
125,10.0,-301.60,-417.13,15.650,180.00
125,11.0,-301.60,-433.11,15.990,180.00
125,12.0,-301.60,-449.08,15.970,180.00
125,13.0,-301.60,-464.57,15.490,180.00
125,14.0,-301.60,-479.78,15.210,180.00
125,15.0,-301.60,-495.00,15.220,180.00
125,16.0,-301.60,-510.02,15.010,180.00
125,17.0,-301.60,-525.91,15.890,180.00
125,18.0,-301.60,-540.87,14.970,180.00
125,19.0,-301.60,-556.60,15.730,180.00
125,20.0,-301.60,-571.85,15.250,180.00
125,21.0,-301.60,-583.89,12.040,180.00
125,22.0,-301.60,-592.50,8.620,180.00
125,23.0,-298.21,-600.12,8.790,143.09
125,24.0,-289.55,-601.60,8.950,92.85
125,25.0,-278.57,-601.60,10.980,90.00
125,26.0,-265.31,-601.60,13.260,90.00
125,27.0,-249.60,-601.60,15.710,90.00
125,28.0,-233.76,-601.60,15.850,90.00
125,29.0,-217.78,-601.60,15.980,90.00
125,30.0,-202.34,-601.60,15.440,90.00
125,31.0,-187.30,-601.60,15.040,90.00
125,32.0,-172.11,-601.60,15.190,90.00
125,33.0,-156.42,-601.60,15.690,90.00
125,34.0,-141.40,-601.60,15.020,90.00
125,35.0,-125.60,-601.60,15.800,90.00
125,36.0,-110.61,-601.60,14.990,90.00
125,37.0,-95.69,-601.60,14.920,90.00
125,38.0,-79.83,-601.60,15.860,90.00
125,39.0,-64.92,-601.60,14.910,90.00
125,40.0,-50.07,-601.60,14.850,90.00
125,41.0,-34.96,-601.60,15.110,90.00
125,42.0,-22.43,-601.60,12.530,90.00
125,43.0,-13.02,-601.60,9.410,90.00
125,44.0,-8.10,-601.60,4.910,90.00
125,45.0,-1.37,-601.60,6.730,90.00
125,46.0,7.94,-601.60,9.320,90.00
125,47.0,18.71,-601.60,10.770,90.00
125,48.0,31.67,-601.60,12.960,90.00
125,49.0,46.29,-601.60,14.620,90.00
125,50.0,62.27,-601.60,15.970,90.00
125,51.0,77.06,-601.60,14.790,90.00
125,52.0,91.89,-601.60,14.830,90.00
125,53.0,107.77,-601.60,15.880,90.00
125,54.0,123.22,-601.60,15.450,90.00
125,55.0,139.00,-601.60,15.790,90.00
125,56.0,153.87,-601.60,14.870,90.00
125,57.0,169.51,-601.60,15.640,90.00
125,58.0,185.30,-601.60,15.800,90.00
125,59.0,200.62,-601.60,15.320,90.00
125,60.0,216.24,-601.60,15.620,90.00
125,61.0,230.96,-601.60,14.720,90.00
125,62.0,246.00,-601.60,15.040,90.00
125,63.0,261.34,-601.60,15.340,90.00
125,64.0,275.26,-601.60,13.910,90.00
125,65.0,285.26,-601.60,10.000,90.00
125,66.0,290.76,-601.60,5.500,90.00
125,67.0,295.37,-601.60,4.610,90.00
125,68.0,301.75,-601.60,6.380,90.00
125,69.0,310.62,-601.60,8.880,90.00
125,70.0,321.13,-601.60,10.500,90.00
125,71.0,333.93,-601.60,12.800,90.00
125,72.0,348.32,-601.60,14.390,90.00
125,73.0,363.65,-601.60,15.330,90.00
125,74.0,378.79,-601.60,15.140,90.00
125,75.0,393.95,-601.60,15.160,90.00
125,76.0,409.53,-601.60,15.590,90.00
125,77.0,424.88,-601.60,15.350,90.00
125,78.0,440.78,-601.60,15.900,90.00
125,79.0,456.47,-601.60,15.690,90.00
125,80.0,472.17,-601.60,15.700,90.00
125,81.0,487.12,-601.60,14.950,90.00
125,82.0,501.91,-601.60,14.790,90.00
125,83.0,517.21,-601.60,15.300,90.00
125,84.0,532.67,-601.60,15.460,90.00
125,85.0,548.33,-601.60,15.660,90.00
125,86.0,563.82,-601.60,15.490,90.00
125,87.0,577.51,-601.60,13.700,90.00
125,88.0,586.71,-601.60,9.200,90.00
125,89.0,591.41,-601.60,4.700,90.00
125,90.0,594.24,-599.67,4.090,62.67
125,91.0,590.88,-598.40,3.880,305.50
125,92.0,584.44,-598.40,6.450,270.00
125,93.0,575.89,-598.40,8.540,270.00
125,94.0,565.27,-598.40,10.630,270.00
125,95.0,553.12,-598.40,12.140,270.00
125,96.0,539.53,-598.40,13.590,270.00
125,97.0,523.98,-598.40,15.560,270.00
125,98.0,508.66,-598.40,15.320,270.00
125,99.0,493.92,-598.40,14.740,270.00
126,0.0,-898.40,312.30,0.000,0.00
126,1.0,-898.40,314.85,2.550,0.00
126,2.0,-898.40,319.67,4.820,0.00
126,3.0,-898.40,326.03,6.360,0.00
126,4.0,-898.40,333.88,7.840,0.00
126,5.0,-898.40,343.14,9.270,0.00
126,6.0,-898.40,354.58,11.430,0.00
126,7.0,-898.40,367.40,12.820,0.00
126,8.0,-898.40,381.08,13.680,0.00
126,9.0,-898.40,395.02,13.940,0.00
126,10.0,-898.40,409.21,14.200,0.00
126,11.0,-898.40,422.60,13.390,0.00
126,12.0,-898.40,436.52,13.920,0.00
126,13.0,-898.40,449.66,13.140,0.00
126,14.0,-898.40,463.69,14.030,0.00
126,15.0,-898.40,477.40,13.710,0.00
126,16.0,-898.40,491.67,14.270,0.00
126,17.0,-898.40,505.82,14.150,0.00
126,18.0,-898.40,520.00,14.180,0.00
126,19.0,-898.40,533.29,13.290,0.00
126,20.0,-898.40,546.47,13.190,0.00
126,21.0,-898.40,560.44,13.960,0.00
126,22.0,-898.40,573.49,13.050,0.00
126,23.0,-898.40,584.32,10.830,0.00
126,24.0,-898.40,592.77,8.450,0.00
126,25.0,-896.19,597.49,5.490,26.86
126,26.0,-890.11,598.40,6.260,86.24
126,27.0,-881.51,598.40,8.600,90.00
126,28.0,-870.38,598.40,11.130,90.00
126,29.0,-857.45,598.40,12.930,90.00
126,30.0,-843.36,598.40,14.090,90.00
126,31.0,-830.01,598.40,13.340,90.00
126,32.0,-816.01,598.40,14.000,90.00
126,33.0,-802.34,598.40,13.670,90.00
126,34.0,-789.26,598.40,13.080,90.00
126,35.0,-776.08,598.40,13.180,90.00
126,36.0,-762.40,598.40,13.680,90.00
126,37.0,-749.07,598.40,13.340,90.00
126,38.0,-736.01,598.40,13.060,90.00
126,39.0,-721.75,598.40,14.260,90.00
126,40.0,-707.82,598.40,13.930,90.00
126,41.0,-694.65,598.40,13.170,90.00
126,42.0,-681.59,598.40,13.060,90.00
126,43.0,-667.79,598.40,13.800,90.00
126,44.0,-654.27,598.40,13.520,90.00
126,45.0,-640.92,598.40,13.360,90.00
126,46.0,-627.77,598.40,13.150,90.00
126,47.0,-616.93,598.40,10.840,90.00
126,48.0,-610.59,598.40,6.340,90.00
126,49.0,-602.26,598.40,8.340,90.00
126,50.0,-591.94,598.40,10.310,90.00
126,51.0,-579.91,598.40,12.030,90.00
126,52.0,-566.09,598.40,13.820,90.00
126,53.0,-552.68,598.40,13.410,90.00
126,54.0,-538.68,598.40,13.990,90.00
126,55.0,-524.40,598.40,14.290,90.00
126,56.0,-510.09,598.40,14.310,90.00
126,57.0,-496.04,598.40,14.050,90.00
126,58.0,-482.12,598.40,13.920,90.00
126,59.0,-468.74,598.40,13.380,90.00
126,60.0,-454.48,598.40,14.260,90.00
126,61.0,-441.44,598.40,13.040,90.00
126,62.0,-427.97,598.40,13.470,90.00
126,63.0,-414.57,598.40,13.410,90.00
126,64.0,-400.48,598.40,14.090,90.00
126,65.0,-386.14,598.40,14.340,90.00
126,66.0,-372.02,598.40,14.120,90.00
126,67.0,-357.91,598.40,14.110,90.00
126,68.0,-343.74,598.40,14.160,90.00
126,69.0,-329.88,598.40,13.860,90.00
126,70.0,-318.80,598.40,11.080,90.00
126,71.0,-310.96,598.40,7.840,90.00
126,72.0,-300.56,598.40,10.400,90.00
126,73.0,-288.73,598.40,11.830,90.00
126,74.0,-274.88,598.40,13.850,90.00
126,75.0,-261.08,598.40,13.800,90.00
126,76.0,-247.84,598.40,13.240,90.00
126,77.0,-234.39,598.40,13.450,90.00
126,78.0,-221.29,598.40,13.100,90.00
126,79.0,-207.53,598.40,13.750,90.00
126,80.0,-193.78,598.40,13.760,90.00
126,81.0,-180.11,598.40,13.670,90.00
126,82.0,-166.86,598.40,13.250,90.00
126,83.0,-152.98,598.40,13.880,90.00
126,84.0,-139.74,598.40,13.240,90.00
126,85.0,-125.58,598.40,14.160,90.00
126,86.0,-111.98,598.40,13.610,90.00
126,87.0,-98.42,598.40,13.560,90.00
126,88.0,-85.22,598.40,13.200,90.00
126,89.0,-71.66,598.40,13.550,90.00
126,90.0,-58.17,598.40,13.490,90.00
126,91.0,-44.79,598.40,13.380,90.00
126,92.0,-31.53,598.40,13.250,90.00
126,93.0,-20.22,598.40,11.320,90.00
126,94.0,-11.55,598.40,8.660,90.00
126,95.0,-5.67,598.18,5.900,92.52
126,96.0,-1.80,594.23,6.040,142.85
126,97.0,-1.60,587.55,6.700,180.00
128,0.0,-898.40,312.30,0.000,0.00
128,1.0,-898.40,313.84,1.540,0.00
128,2.0,-898.40,317.62,3.780,0.00
128,3.0,-898.40,323.03,5.410,0.00
128,4.0,-898.40,329.85,6.820,0.00
128,5.0,-898.40,337.98,8.130,0.00
128,6.0,-898.40,348.11,10.120,0.00
128,7.0,-898.40,360.38,12.270,0.00
128,8.0,-898.40,374.52,14.150,0.00
128,9.0,-898.40,389.89,15.360,0.00
128,10.0,-898.40,404.89,15.000,0.00
128,11.0,-898.40,419.47,14.580,0.00
128,12.0,-898.40,434.93,15.460,0.00
128,13.0,-898.40,450.19,15.270,0.00
128,14.0,-898.40,464.91,14.720,0.00
128,15.0,-898.40,479.17,14.250,0.00
128,16.0,-898.40,493.62,14.450,0.00
128,17.0,-898.40,508.03,14.410,0.00
128,18.0,-898.40,523.03,15.000,0.00
128,19.0,-898.40,537.41,14.370,0.00
128,20.0,-898.40,551.80,14.400,0.00
128,21.0,-898.40,566.47,14.660,0.00
128,22.0,-898.40,577.58,11.110,0.00
128,23.0,-898.40,586.48,8.900,0.00
128,24.0,-898.35,593.18,6.700,0.62
128,25.0,-894.66,598.13,6.770,46.97
128,26.0,-887.78,598.40,6.900,90.00
128,27.0,-878.35,598.40,9.430,90.00
128,28.0,-866.63,598.40,11.720,90.00
128,29.0,-852.66,598.40,13.970,90.00
128,30.0,-837.45,598.40,15.210,90.00
128,31.0,-822.22,598.40,15.230,90.00
128,32.0,-807.23,598.40,14.990,90.00
128,33.0,-792.65,598.40,14.580,90.00
128,34.0,-777.27,598.40,15.380,90.00
128,35.0,-762.64,598.40,14.630,90.00
128,36.0,-749.14,598.40,13.500,90.00
128,37.0,-733.69,598.40,15.450,90.00
128,38.0,-719.15,598.40,14.540,90.00
128,39.0,-705.91,598.40,13.250,90.00
128,40.0,-692.65,598.40,13.250,90.00
128,41.0,-678.75,598.40,13.900,90.00
128,42.0,-664.46,598.40,14.290,90.00
128,43.0,-650.84,598.40,13.620,90.00
128,44.0,-638.12,598.40,12.730,90.00
128,45.0,-627.19,598.40,10.930,90.00
128,46.0,-619.55,598.40,7.630,90.00
128,47.0,-611.58,598.40,7.970,90.00
128,48.0,-604.96,598.08,6.640,93.67
128,49.0,-601.61,592.88,6.690,156.94
128,50.0,-601.60,586.56,6.320,180.00
128,51.0,-601.60,578.03,8.530,180.00
128,52.0,-601.60,566.94,11.090,180.00
128,53.0,-601.60,554.06,12.890,180.00
128,54.0,-601.60,539.40,14.650,180.00
128,55.0,-601.60,524.06,15.350,180.00
128,56.0,-601.60,508.89,15.160,180.00
128,57.0,-601.60,493.54,15.350,180.00
128,58.0,-601.60,478.05,15.490,180.00
128,59.0,-601.60,463.36,14.690,180.00
128,60.0,-601.60,447.99,15.370,180.00
128,61.0,-601.60,433.19,14.800,180.00
128,62.0,-601.60,417.79,15.400,180.00
128,63.0,-601.60,402.41,15.370,180.00
128,64.0,-601.60,387.07,15.340,180.00
128,65.0,-601.60,372.61,14.460,180.00
128,66.0,-601.60,357.09,15.530,180.00
128,67.0,-601.60,342.38,14.710,180.00
128,68.0,-601.60,327.75,14.630,180.00
128,69.0,-601.60,312.31,15.450,180.00
128,70.0,-601.60,297.11,15.200,180.00
128,71.0,-601.60,281.74,15.370,180.00
128,72.0,-601.60,267.24,14.500,180.00
128,73.0,-601.60,252.98,14.270,180.00
128,74.0,-601.60,237.54,15.430,180.00
128,75.0,-601.60,222.13,15.410,180.00
128,76.0,-601.60,207.28,14.850,180.00
128,77.0,-601.60,192.41,14.870,180.00
128,78.0,-601.60,176.95,15.460,180.00
128,79.0,-601.60,162.33,14.620,180.00
128,80.0,-601.60,147.57,14.760,180.00
128,81.0,-601.60,132.87,14.700,180.00
128,82.0,-601.60,117.44,15.430,180.00
128,83.0,-601.60,101.94,15.500,180.00
128,84.0,-601.60,87.20,14.750,180.00
128,85.0,-601.60,72.06,15.140,180.00
128,86.0,-601.60,57.04,15.020,180.00
128,87.0,-601.60,42.30,14.750,180.00
128,88.0,-601.60,27.03,15.260,180.00
128,89.0,-601.60,12.71,14.320,180.00
129,0.0,-587.70,898.40,0.000,90.00
129,1.0,-585.69,898.40,2.010,90.00
129,2.0,-582.24,898.40,3.450,90.00
129,3.0,-577.00,898.40,5.240,90.00
129,4.0,-570.34,898.40,6.650,90.00
129,5.0,-561.71,898.40,8.630,90.00
129,6.0,-550.88,898.40,10.830,90.00
129,7.0,-538.33,898.40,12.550,90.00
129,8.0,-525.06,898.40,13.260,90.00
129,9.0,-511.37,898.40,13.700,90.00
129,10.0,-498.27,898.40,13.100,90.00
129,11.0,-485.05,898.40,13.220,90.00
129,12.0,-472.26,898.40,12.790,90.00
129,13.0,-458.69,898.40,13.580,90.00
129,14.0,-444.71,898.40,13.980,90.00
129,15.0,-431.00,898.40,13.710,90.00
129,16.0,-417.96,898.40,13.040,90.00
129,17.0,-404.42,898.40,13.540,90.00
129,18.0,-391.00,898.40,13.430,90.00
129,19.0,-377.83,898.40,13.160,90.00
129,20.0,-364.22,898.40,13.610,90.00
129,21.0,-350.28,898.40,13.940,90.00
129,22.0,-336.41,898.40,13.870,90.00
129,23.0,-323.00,898.40,13.410,90.00
129,24.0,-309.34,898.40,13.660,90.00
129,25.0,-296.60,898.40,12.730,90.00
129,26.0,-282.92,898.40,13.680,90.00
129,27.0,-269.59,898.40,13.330,90.00
129,28.0,-255.85,898.40,13.740,90.00
129,29.0,-242.67,898.40,13.180,90.00
129,30.0,-228.72,898.40,13.950,90.00
129,31.0,-215.28,898.40,13.440,90.00
129,32.0,-201.41,898.40,13.870,90.00
129,33.0,-188.20,898.40,13.210,90.00
129,34.0,-175.38,898.40,12.820,90.00
129,35.0,-161.96,898.40,13.420,90.00
129,36.0,-148.19,898.40,13.770,90.00
129,37.0,-134.71,898.40,13.480,90.00
129,38.0,-121.58,898.40,13.130,90.00
129,39.0,-108.81,898.40,12.780,90.00
129,40.0,-95.59,898.40,13.210,90.00
129,41.0,-82.65,898.40,12.940,90.00
129,42.0,-69.44,898.40,13.210,90.00
129,43.0,-56.71,898.40,12.730,90.00
129,44.0,-43.57,898.40,13.130,90.00
129,45.0,-30.52,898.40,13.060,90.00
129,46.0,-17.23,898.40,13.290,90.00
129,47.0,-3.78,898.40,13.450,90.00
129,48.0,9.73,898.40,13.510,90.00
129,49.0,23.54,898.40,13.810,90.00
129,50.0,36.67,898.40,13.120,90.00
129,51.0,50.00,898.40,13.330,90.00
129,52.0,63.50,898.40,13.500,90.00
129,53.0,77.37,898.40,13.870,90.00
129,54.0,90.84,898.40,13.470,90.00
129,55.0,104.61,898.40,13.780,90.00
129,56.0,118.56,898.40,13.950,90.00
129,57.0,132.10,898.40,13.540,90.00
129,58.0,145.86,898.40,13.760,90.00
129,59.0,159.12,898.40,13.250,90.00
129,60.0,172.82,898.40,13.710,90.00
129,61.0,186.03,898.40,13.210,90.00
129,62.0,199.16,898.40,13.130,90.00
129,63.0,211.93,898.40,12.760,90.00
129,64.0,225.89,898.40,13.960,90.00
129,65.0,239.84,898.40,13.960,90.00
129,66.0,253.69,898.40,13.850,90.00
129,67.0,267.69,898.40,14.000,90.00
129,68.0,281.67,898.40,13.970,90.00
129,69.0,295.24,898.40,13.570,90.00
129,70.0,308.57,898.40,13.330,90.00
129,71.0,322.37,898.40,13.800,90.00
129,72.0,335.97,898.40,13.600,90.00
129,73.0,349.18,898.40,13.210,90.00
129,74.0,362.22,898.40,13.050,90.00
129,75.0,376.00,898.40,13.780,90.00
129,76.0,389.84,898.40,13.840,90.00
129,77.0,403.56,898.40,13.720,90.00
129,78.0,416.57,898.40,13.000,90.00
129,79.0,430.21,898.40,13.640,90.00
129,80.0,443.01,898.40,12.810,90.00
129,81.0,456.36,898.40,13.350,90.00
129,82.0,469.57,898.40,13.200,90.00
129,83.0,483.22,898.40,13.650,90.00
129,84.0,496.96,898.40,13.740,90.00
129,85.0,509.88,898.40,12.920,90.00
129,86.0,522.87,898.40,12.990,90.00
129,87.0,535.79,898.40,12.920,90.00
129,88.0,548.96,898.40,13.160,90.00
129,89.0,562.12,898.40,13.170,90.00
129,90.0,575.38,898.40,13.250,90.00
129,91.0,588.41,898.40,13.030,90.00
129,92.0,602.07,898.40,13.660,90.00
129,93.0,615.24,898.40,13.170,90.00
129,94.0,627.98,898.40,12.740,90.00
13,0.0,-898.40,612.30,0.000,0.00
13,1.0,-898.40,614.28,1.980,0.00
13,2.0,-898.40,617.95,3.670,0.00
13,3.0,-898.40,622.94,5.000,0.00
13,4.0,-898.40,630.45,7.510,0.00
13,5.0,-898.40,640.03,9.580,0.00
13,6.0,-898.40,651.12,11.090,0.00
13,7.0,-898.40,664.07,12.950,0.00
13,8.0,-898.40,678.77,14.700,0.00
13,9.0,-898.40,693.82,15.050,0.00
13,10.0,-898.40,708.70,14.880,0.00
13,11.0,-898.40,723.55,14.860,0.00
13,12.0,-898.40,737.88,14.330,0.00
13,13.0,-898.40,752.78,14.900,0.00
13,14.0,-898.40,768.14,15.360,0.00
13,15.0,-898.40,782.60,14.470,0.00
13,16.0,-898.40,797.00,14.400,0.00
13,17.0,-898.40,812.20,15.200,0.00
13,18.0,-898.40,826.57,14.370,0.00
13,19.0,-898.40,842.14,15.570,0.00
13,20.0,-898.40,856.55,14.410,0.00
13,21.0,-898.40,870.88,14.330,0.00
13,22.0,-898.40,883.23,12.350,0.00
13,23.0,-898.40,891.41,8.170,0.00
13,24.0,-898.40,896.45,5.040,0.00
13,25.0,-896.43,898.40,3.300,28.37
13,26.0,-891.37,898.40,5.050,90.00
13,27.0,-884.10,898.40,7.270,90.00
13,28.0,-875.15,898.40,8.950,90.00
13,29.0,-864.14,898.40,11.010,90.00
13,30.0,-851.35,898.40,12.800,90.00
13,31.0,-837.08,898.40,14.260,90.00
13,32.0,-822.31,898.40,14.770,90.00
13,33.0,-807.62,898.40,14.690,90.00
13,34.0,-792.14,898.40,15.480,90.00
13,35.0,-776.56,898.40,15.580,90.00
13,36.0,-760.96,898.40,15.590,90.00
13,37.0,-745.88,898.40,15.080,90.00
13,38.0,-731.56,898.40,14.330,90.00
13,39.0,-716.13,898.40,15.430,90.00
13,40.0,-700.90,898.40,15.230,90.00
13,41.0,-685.48,898.40,15.420,90.00
13,42.0,-670.47,898.40,15.020,90.00
13,43.0,-655.61,898.40,14.860,90.00
13,44.0,-640.41,898.40,15.190,90.00
13,45.0,-625.99,898.40,14.430,90.00
13,46.0,-614.71,898.40,11.270,90.00
13,47.0,-607.62,898.40,7.090,90.00
13,48.0,-602.11,895.51,6.680,125.15
13,49.0,-601.60,888.53,7.040,178.81
13,50.0,-601.60,879.29,9.240,180.00
13,51.0,-601.60,867.91,11.380,180.00
13,52.0,-601.60,854.52,13.390,180.00
13,53.0,-601.60,839.33,15.180,180.00
13,54.0,-601.60,824.57,14.770,180.00
13,55.0,-601.60,809.33,15.240,180.00
13,56.0,-601.60,794.77,14.560,180.00
13,57.0,-601.60,779.51,15.260,180.00
13,58.0,-601.60,764.77,14.740,180.00
13,59.0,-601.60,749.51,15.260,180.00
13,60.0,-601.60,734.27,15.240,180.00
13,61.0,-601.60,719.20,15.070,180.00
13,62.0,-601.60,704.16,15.040,180.00
13,63.0,-601.60,689.58,14.580,180.00
13,64.0,-601.60,674.37,15.210,180.00
13,65.0,-601.60,659.04,15.320,180.00
13,66.0,-601.60,644.06,14.980,180.00
13,67.0,-601.60,629.39,14.670,180.00
13,68.0,-601.60,616.65,12.740,180.00
13,69.0,-601.60,607.31,9.340,180.00
13,70.0,-605.26,601.88,7.180,225.82
13,71.0,-612.38,601.60,7.140,270.00
13,72.0,-622.00,601.60,9.610,270.00
13,73.0,-634.14,601.60,12.140,270.00
13,74.0,-648.37,601.60,14.230,270.00
13,75.0,-662.81,601.60,14.450,270.00
13,76.0,-678.03,601.60,15.220,270.00
13,77.0,-693.57,601.60,15.540,270.00
13,78.0,-708.57,601.60,15.000,270.00
13,79.0,-723.76,601.60,15.190,270.00
13,80.0,-738.54,601.60,14.780,270.00
13,81.0,-753.68,601.60,15.150,270.00
13,82.0,-769.19,601.60,15.510,270.00
13,83.0,-784.66,601.60,15.470,270.00
13,84.0,-799.75,601.60,15.090,270.00
13,85.0,-814.75,601.60,15.000,270.00
13,86.0,-829.26,601.60,14.510,270.00
13,87.0,-843.59,601.60,14.330,270.00
13,88.0,-859.02,601.60,15.430,270.00
13,89.0,-873.74,601.60,14.720,270.00
13,90.0,-883.96,601.60,10.220,270.00
13,91.0,-889.68,601.60,5.720,270.00
13,92.0,-893.10,601.40,3.480,267.71
13,93.0,-893.54,598.89,3.430,215.78
13,94.0,-890.18,598.40,3.500,111.37
13,95.0,-884.23,598.40,5.950,90.00
13,96.0,-875.69,598.40,8.540,90.00
13,97.0,-864.61,598.40,11.070,90.00
13,98.0,-851.33,598.40,13.280,90.00
13,99.0,-836.35,598.40,14.990,90.00
13,100.0,-821.73,598.40,14.620,90.00
13,101.0,-806.86,598.40,14.870,90.00
13,102.0,-792.50,598.40,14.370,90.00
13,103.0,-777.99,598.40,14.510,90.00
13,104.0,-762.77,598.40,15.210,90.00
13,105.0,-747.22,598.40,15.550,90.00
13,106.0,-732.35,598.40,14.870,90.00
13,107.0,-717.22,598.40,15.140,90.00
13,108.0,-702.36,598.40,14.860,90.00
13,109.0,-688.06,598.40,14.300,90.00
13,110.0,-673.61,598.40,14.440,90.00
13,111.0,-658.30,598.40,15.310,90.00
13,112.0,-643.23,598.40,15.070,90.00
13,113.0,-627.74,598.40,15.500,90.00
13,114.0,-612.46,598.40,15.280,90.00
131,0.0,-298.40,312.30,0.000,0.00
131,1.0,-298.40,314.05,1.750,0.00
131,2.0,-298.40,317.85,3.800,0.00
131,3.0,-298.40,322.97,5.120,0.00
131,4.0,-298.40,330.63,7.670,0.00
131,5.0,-298.40,340.03,9.390,0.00
131,6.0,-298.40,350.90,10.870,0.00
131,7.0,-298.40,364.08,13.190,0.00
131,8.0,-298.40,378.33,14.250,0.00
131,9.0,-298.40,393.05,14.720,0.00
131,10.0,-298.40,407.59,14.540,0.00
131,11.0,-298.40,421.65,14.060,0.00
131,12.0,-298.40,435.31,13.660,0.00
131,13.0,-298.40,448.99,13.680,0.00
131,14.0,-298.40,463.56,14.570,0.00
131,15.0,-298.40,478.32,14.760,0.00
131,16.0,-298.40,492.23,13.910,0.00
131,17.0,-298.40,506.56,14.330,0.00
131,18.0,-298.40,521.18,14.620,0.00
131,19.0,-298.40,535.51,14.330,0.00
131,20.0,-298.40,549.07,13.560,0.00
131,21.0,-298.40,562.83,13.760,0.00
131,22.0,-298.40,577.28,14.450,0.00
131,23.0,-298.40,587.23,9.950,0.00
131,24.0,-298.40,592.73,5.500,0.00
131,25.0,-300.86,593.90,3.420,318.20
131,26.0,-301.60,591.09,3.040,220.30
131,27.0,-301.60,586.57,4.510,180.00
131,28.0,-301.60,579.48,7.100,180.00
131,29.0,-301.60,571.05,8.430,180.00
131,30.0,-301.60,561.20,9.850,180.00
131,31.0,-301.60,548.79,12.410,180.00
131,32.0,-301.60,533.98,14.810,180.00
131,33.0,-301.60,519.17,14.810,180.00
131,34.0,-301.60,504.52,14.650,180.00
131,35.0,-301.60,489.93,14.600,180.00
131,36.0,-301.60,475.51,14.420,180.00
131,37.0,-301.60,461.74,13.770,180.00
131,38.0,-301.60,447.93,13.810,180.00
131,39.0,-301.60,434.24,13.690,180.00
131,40.0,-301.60,419.46,14.780,180.00
131,41.0,-301.60,405.60,13.860,180.00
131,42.0,-301.60,392.87,12.730,180.00
131,43.0,-301.60,380.88,11.990,180.00
131,44.0,-301.60,368.77,12.110,180.00
131,45.0,-301.60,357.38,11.390,180.00
131,46.0,-301.60,346.97,10.410,180.00
131,47.0,-301.60,335.56,11.400,180.00
131,48.0,-301.60,323.38,12.180,180.00
131,49.0,-301.60,311.63,11.760,180.00
131,50.0,-301.60,301.33,10.290,180.00
131,51.0,-301.60,290.14,11.200,180.00
131,52.0,-301.60,279.52,10.610,180.00
131,53.0,-301.60,268.93,10.590,180.00
131,54.0,-301.60,257.66,11.270,180.00
131,55.0,-301.60,247.18,10.480,180.00
131,56.0,-301.60,235.89,11.290,180.00
131,57.0,-301.60,224.93,10.960,180.00
131,58.0,-301.60,213.10,11.830,180.00
131,59.0,-301.60,202.18,10.920,180.00
131,60.0,-301.60,190.81,11.370,180.00
131,61.0,-301.60,180.23,10.580,180.00
131,62.0,-301.60,169.11,11.130,180.00
131,63.0,-301.60,157.64,11.460,180.00
131,64.0,-301.60,147.13,10.510,180.00
131,65.0,-301.60,136.05,11.080,180.00
131,66.0,-301.60,125.37,10.680,180.00
131,67.0,-301.60,114.08,11.290,180.00
131,68.0,-301.60,103.41,10.670,180.00
131,69.0,-301.60,92.62,10.790,180.00
131,70.0,-301.60,82.33,10.300,180.00
131,71.0,-301.60,70.20,12.130,180.00
131,72.0,-301.60,58.59,11.610,180.00
131,73.0,-301.60,47.46,11.130,180.00
131,74.0,-301.60,36.94,10.520,180.00
131,75.0,-301.60,26.70,10.250,180.00
131,76.0,-301.60,15.62,11.080,180.00
131,77.0,-301.60,5.01,10.610,180.00
131,78.0,-301.60,-6.00,11.010,180.00
131,79.0,-301.60,-17.33,11.330,180.00
131,80.0,-301.60,-28.05,10.720,180.00
131,81.0,-301.60,-37.87,9.820,180.00
131,82.0,-301.60,-47.90,10.020,180.00
131,83.0,-301.60,-58.54,10.650,180.00
131,84.0,-301.60,-69.48,10.930,180.00
131,85.0,-301.60,-80.71,11.230,180.00
131,86.0,-301.60,-92.17,11.460,180.00
131,87.0,-301.60,-103.02,10.850,180.00
131,88.0,-301.60,-114.63,11.600,180.00
131,89.0,-301.60,-124.67,10.040,180.00
131,90.0,-301.60,-135.06,10.400,180.00
131,91.0,-301.60,-147.04,11.970,180.00
132,0.0,601.60,312.30,0.000,0.00
132,1.0,601.60,314.06,1.760,0.00
132,2.0,601.60,317.66,3.600,0.00
132,3.0,601.60,322.87,5.210,0.00
132,4.0,601.60,330.22,7.350,0.00
132,5.0,601.60,338.90,8.680,0.00
132,6.0,601.60,349.58,10.680,0.00
132,7.0,601.60,361.75,12.170,0.00
132,8.0,601.60,373.91,12.160,0.00
132,9.0,601.60,386.85,12.940,0.00
132,10.0,601.60,400.10,13.250,0.00
132,11.0,601.60,413.03,12.930,0.00
132,12.0,601.60,425.12,12.090,0.00
132,13.0,601.60,438.07,12.950,0.00
132,14.0,601.60,450.60,12.530,0.00
132,15.0,601.60,463.10,12.500,0.00
132,16.0,601.60,476.23,13.130,0.00
132,17.0,601.60,488.39,12.160,0.00
132,18.0,601.60,501.06,12.670,0.00
132,19.0,601.60,513.69,12.630,0.00
132,20.0,601.60,526.44,12.760,0.00
132,21.0,601.60,538.48,12.030,0.00
132,22.0,601.60,550.78,12.310,0.00
132,23.0,601.60,563.10,12.320,0.00
132,24.0,601.60,575.35,12.250,0.00
132,25.0,601.60,585.75,10.400,0.00
132,26.0,601.60,592.48,6.730,0.00
132,27.0,599.53,599.18,7.170,338.33
132,28.0,592.50,601.60,7.650,281.30
132,29.0,582.80,601.60,9.700,270.00
132,30.0,571.56,601.60,11.250,270.00
132,31.0,559.39,601.60,12.160,270.00
132,32.0,546.14,601.60,13.250,270.00
132,33.0,533.24,601.60,12.910,270.00
132,34.0,521.15,601.60,12.090,270.00
132,35.0,508.30,601.60,12.850,270.00
132,36.0,495.21,601.60,13.090,270.00
132,37.0,482.19,601.60,13.010,270.00
132,38.0,469.21,601.60,12.980,270.00
132,39.0,457.16,601.60,12.050,270.00
132,40.0,444.01,601.60,13.150,270.00
132,41.0,431.96,601.60,12.050,270.00
132,42.0,419.22,601.60,12.740,270.00
132,43.0,406.69,601.60,12.530,270.00
132,44.0,393.65,601.60,13.040,270.00
132,45.0,380.69,601.60,12.960,270.00
132,46.0,368.06,601.60,12.640,270.00
132,47.0,354.97,601.60,13.080,270.00
132,48.0,341.88,601.60,13.100,270.00
132,49.0,328.92,601.60,12.950,270.00
132,50.0,317.41,601.60,11.510,270.00
132,51.0,310.41,601.60,7.010,270.00
132,52.0,305.21,601.88,5.210,273.26
132,53.0,301.83,605.58,5.390,320.57
132,54.0,301.60,611.53,5.970,358.92
132,55.0,301.60,619.47,7.940,0.00
132,56.0,301.60,629.47,10.000,0.00
132,57.0,301.60,640.80,11.320,0.00
132,58.0,301.60,654.05,13.260,0.00
132,59.0,301.60,666.91,12.850,0.00
132,60.0,301.60,679.49,12.580,0.00
132,61.0,301.60,692.52,13.040,0.00
132,62.0,301.60,705.17,12.650,0.00
132,63.0,301.60,718.06,12.890,0.00
132,64.0,301.60,730.40,12.340,0.00
132,65.0,301.60,743.04,12.640,0.00
132,66.0,301.60,755.41,12.370,0.00
132,67.0,301.60,768.33,12.920,0.00
132,68.0,301.60,781.19,12.850,0.00
132,69.0,301.60,793.86,12.680,0.00
132,70.0,301.60,806.08,12.210,0.00
132,71.0,301.60,818.93,12.860,0.00
132,72.0,301.60,831.73,12.790,0.00
132,73.0,301.60,843.86,12.140,0.00
132,74.0,301.60,856.91,13.040,0.00
132,75.0,301.60,868.95,12.040,0.00
132,76.0,301.60,881.02,12.070,0.00
133,0.0,301.60,-587.70,0.000,0.00
133,1.0,301.60,-585.16,2.540,0.00
133,2.0,301.60,-580.66,4.500,0.00
133,3.0,301.60,-573.63,7.030,0.00
133,4.0,301.60,-565.18,8.450,0.00
133,5.0,301.60,-554.24,10.950,0.00
133,6.0,301.60,-541.85,12.380,0.00
133,7.0,301.60,-527.59,14.260,0.00
133,8.0,301.60,-513.68,13.910,0.00
133,9.0,301.60,-500.22,13.460,0.00
133,10.0,301.60,-486.36,13.860,0.00
133,11.0,301.60,-472.08,14.280,0.00
133,12.0,301.60,-458.33,13.750,0.00
133,13.0,301.60,-444.96,13.380,0.00
133,14.0,301.60,-430.75,14.200,0.00
133,15.0,301.60,-416.99,13.770,0.00
133,16.0,301.60,-403.84,13.150,0.00
133,17.0,301.60,-389.57,14.270,0.00
133,18.0,301.60,-376.39,13.190,0.00
133,19.0,301.60,-363.13,13.260,0.00
133,20.0,301.60,-348.96,14.170,0.00
133,21.0,301.60,-335.36,13.600,0.00
133,22.0,301.60,-321.84,13.520,0.00
133,23.0,301.60,-308.60,13.240,0.00
133,24.0,301.60,-295.26,13.340,0.00
133,25.0,301.60,-281.42,13.840,0.00
133,26.0,301.60,-268.23,13.180,0.00
133,27.0,301.60,-254.93,13.300,0.00
133,28.0,301.60,-240.69,14.240,0.00
133,29.0,301.60,-227.15,13.540,0.00
133,30.0,301.60,-213.56,13.590,0.00
133,31.0,301.60,-200.04,13.520,0.00
133,32.0,301.60,-186.34,13.700,0.00
133,33.0,301.60,-173.09,13.260,0.00
133,34.0,301.60,-159.04,14.050,0.00
133,35.0,301.60,-144.97,14.060,0.00
133,36.0,301.60,-130.84,14.130,0.00
133,37.0,301.60,-116.48,14.370,0.00
133,38.0,301.60,-103.08,13.400,0.00
133,39.0,301.60,-88.78,14.300,0.00
133,40.0,301.60,-74.98,13.790,0.00
133,41.0,301.60,-60.73,14.250,0.00
133,42.0,301.60,-46.70,14.030,0.00
133,43.0,301.60,-32.32,14.390,0.00
133,44.0,301.60,-18.25,14.070,0.00
133,45.0,301.60,-4.36,13.890,0.00
133,46.0,301.60,9.24,13.600,0.00
133,47.0,301.60,22.86,13.620,0.00
133,48.0,301.60,37.08,14.230,0.00
133,49.0,301.60,51.46,14.380,0.00
133,50.0,301.60,65.76,14.300,0.00
133,51.0,301.60,79.51,13.750,0.00
133,52.0,301.60,93.69,14.180,0.00
133,53.0,301.60,106.89,13.200,0.00
133,54.0,301.60,120.43,13.540,0.00
133,55.0,301.60,133.56,13.130,0.00
133,56.0,301.60,147.65,14.090,0.00
133,57.0,301.60,161.16,13.510,0.00
133,58.0,301.60,174.83,13.670,0.00
133,59.0,301.60,189.01,14.180,0.00
133,60.0,301.60,203.19,14.180,0.00
133,61.0,301.60,216.64,13.460,0.00
133,62.0,301.60,230.58,13.940,0.00
133,63.0,301.60,244.35,13.770,0.00
133,64.0,301.60,258.76,14.400,0.00
133,65.0,301.60,272.83,14.070,0.00
133,66.0,301.60,284.63,11.800,0.00
133,67.0,301.60,292.31,7.690,0.00
133,68.0,303.74,297.44,5.860,26.03
133,69.0,309.32,298.40,5.780,83.54
133,70.0,316.98,298.40,7.660,90.00
133,71.0,326.04,298.40,9.070,90.00
133,72.0,336.76,298.40,10.710,90.00
133,73.0,349.99,298.40,13.230,90.00
133,74.0,363.91,298.40,13.920,90.00
133,75.0,377.42,298.40,13.510,90.00
133,76.0,391.47,298.40,14.040,90.00
133,77.0,404.66,298.40,13.190,90.00
133,78.0,418.91,298.40,14.250,90.00
133,79.0,432.19,298.40,13.280,90.00
133,80.0,446.52,298.40,14.330,90.00
133,81.0,459.81,298.40,13.290,90.00
133,82.0,473.36,298.40,13.550,90.00
133,83.0,487.63,298.40,14.270,90.00
133,84.0,501.27,298.40,13.640,90.00
133,85.0,515.02,298.40,13.750,90.00
133,86.0,528.23,298.40,13.210,90.00
133,87.0,542.18,298.40,13.950,90.00
133,88.0,556.12,298.40,13.940,90.00
133,89.0,570.24,298.40,14.120,90.00
134,0.0,298.40,-12.30,0.000,180.00
134,1.0,298.40,-14.68,2.380,180.00
134,2.0,298.40,-18.81,4.130,180.00
134,3.0,298.40,-25.42,6.610,180.00
134,4.0,298.40,-33.84,8.420,180.00
134,5.0,298.40,-44.23,10.390,180.00
134,6.0,298.40,-56.22,11.990,180.00
134,7.0,298.40,-70.09,13.860,180.00
134,8.0,298.40,-86.43,16.340,180.00
134,9.0,298.40,-102.65,16.220,180.00
134,10.0,298.40,-119.13,16.480,180.00
134,11.0,298.40,-135.20,16.080,180.00
134,12.0,298.40,-151.11,15.910,180.00
134,13.0,298.40,-167.62,16.510,180.00
134,14.0,298.40,-184.00,16.380,180.00
134,15.0,298.40,-200.54,16.540,180.00
134,16.0,298.40,-217.00,16.470,180.00
134,17.0,298.40,-234.01,17.010,180.00
134,18.0,298.40,-250.34,16.330,180.00
134,19.0,298.40,-267.15,16.810,180.00
134,20.0,298.40,-282.18,15.020,180.00
134,21.0,298.40,-292.70,10.520,180.00
134,22.0,294.93,-298.10,6.980,222.95
134,23.0,286.98,-298.40,7.970,270.00
134,24.0,277.46,-298.40,9.530,270.00
134,25.0,266.07,-298.40,11.390,270.00
134,26.0,253.25,-298.40,12.810,270.00
134,27.0,238.91,-298.40,14.340,270.00
134,28.0,223.14,-298.40,15.770,270.00
134,29.0,206.81,-298.40,16.330,270.00
134,30.0,190.83,-298.40,15.990,270.00
134,31.0,174.18,-298.40,16.650,270.00
134,32.0,157.37,-298.40,16.810,270.00
134,33.0,140.62,-298.40,16.750,270.00
134,34.0,123.87,-298.40,16.750,270.00
134,35.0,108.14,-298.40,15.740,270.00
134,36.0,91.20,-298.40,16.940,270.00
134,37.0,75.08,-298.40,16.120,270.00
134,38.0,58.76,-298.40,16.320,270.00
134,39.0,42.80,-298.40,15.960,270.00
134,40.0,27.30,-298.40,15.500,270.00
134,41.0,16.15,-298.40,11.160,270.00
134,42.0,9.49,-298.40,6.660,270.00
134,43.0,0.24,-298.40,9.250,270.00
134,44.0,-11.03,-298.40,11.270,270.00
134,45.0,-24.53,-298.40,13.500,270.00
134,46.0,-40.30,-298.40,15.770,270.00
134,47.0,-57.01,-298.40,16.710,270.00
134,48.0,-72.78,-298.40,15.770,270.00
134,49.0,-89.10,-298.40,16.320,270.00
134,50.0,-104.88,-298.40,15.790,270.00
134,51.0,-121.15,-298.40,16.260,270.00
134,52.0,-138.14,-298.40,17.000,270.00
134,53.0,-154.36,-298.40,16.210,270.00
134,54.0,-170.98,-298.40,16.620,270.00
134,55.0,-187.98,-298.40,17.000,270.00
134,56.0,-204.36,-298.40,16.370,270.00
134,57.0,-221.11,-298.40,16.750,270.00
134,58.0,-238.00,-298.40,16.900,270.00
134,59.0,-254.48,-298.40,16.480,270.00
134,60.0,-270.43,-298.40,15.950,270.00
134,61.0,-281.88,-298.40,11.450,270.00
134,62.0,-288.83,-298.40,6.950,270.00
134,63.0,-297.52,-298.40,8.690,270.00
134,64.0,-307.92,-298.40,10.390,270.00
134,65.0,-320.67,-298.40,12.750,270.00
134,66.0,-335.19,-298.40,14.520,270.00
134,67.0,-352.04,-298.40,16.850,270.00
134,68.0,-368.83,-298.40,16.790,270.00
134,69.0,-385.50,-298.40,16.670,270.00
134,70.0,-401.59,-298.40,16.090,270.00
134,71.0,-418.26,-298.40,16.660,270.00
134,72.0,-434.38,-298.40,16.130,270.00
134,73.0,-450.85,-298.40,16.470,270.00
134,74.0,-466.85,-298.40,16.000,270.00
134,75.0,-483.56,-298.40,16.710,270.00
134,76.0,-499.72,-298.40,16.160,270.00
134,77.0,-516.13,-298.40,16.400,270.00
134,78.0,-532.82,-298.40,16.690,270.00
134,79.0,-549.76,-298.40,16.940,270.00
134,80.0,-566.01,-298.40,16.250,270.00
134,81.0,-578.73,-298.40,12.720,270.00
134,82.0,-587.64,-298.40,8.910,270.00
134,83.0,-592.05,-298.40,4.410,270.00
134,84.0,-597.95,-298.40,5.890,270.00
134,85.0,-605.33,-298.40,7.380,270.00
134,86.0,-614.52,-298.40,9.190,270.00
134,87.0,-625.92,-298.40,11.400,270.00
134,88.0,-639.03,-298.40,13.110,270.00
135,0.0,612.30,-1.60,0.000,90.00
135,1.0,614.65,-1.60,2.350,90.00
135,2.0,619.13,-1.60,4.480,90.00
135,3.0,625.82,-1.60,6.690,90.00
135,4.0,634.15,-1.60,8.330,90.00
135,5.0,644.87,-1.60,10.720,90.00
135,6.0,656.97,-1.60,12.110,90.00
135,7.0,670.19,-1.60,13.220,90.00
135,8.0,683.24,-1.60,13.050,90.00
135,9.0,696.63,-1.60,13.380,90.00
135,10.0,710.20,-1.60,13.570,90.00
135,11.0,722.96,-1.60,12.760,90.00
135,12.0,736.49,-1.60,13.540,90.00
135,13.0,749.36,-1.60,12.870,90.00
135,14.0,762.27,-1.60,12.910,90.00
135,15.0,775.78,-1.60,13.500,90.00
135,16.0,789.35,-1.60,13.570,90.00
135,17.0,802.14,-1.60,12.800,90.00
135,18.0,814.95,-1.60,12.800,90.00
135,19.0,828.62,-1.60,13.670,90.00
135,20.0,841.74,-1.60,13.120,90.00
135,21.0,855.14,-1.60,13.400,90.00
135,22.0,869.12,-1.60,13.980,90.00
135,23.0,878.60,-1.60,9.480,90.00
135,24.0,886.02,-1.60,7.420,90.00
135,25.0,890.48,-1.60,4.460,90.00
135,26.0,892.16,-1.60,1.680,90.00
135,27.0,892.48,-1.60,0.330,90.00
135,28.0,892.66,-1.60,0.170,90.00
135,29.0,892.68,-1.60,0.030,90.00
135,30.0,892.70,-1.60,0.010,90.00
135,31.0,892.70,-1.60,0.000,90.00
135,32.0,892.70,-1.60,0.000,90.00
135,33.0,892.70,-1.60,0.000,90.00
135,34.0,892.70,-1.60,0.000,90.00
135,35.0,892.70,-1.60,0.000,90.00
135,36.0,892.70,-1.60,0.000,90.00
135,37.0,892.70,-1.60,0.000,90.00
135,38.0,892.70,-1.60,0.000,90.00
135,39.0,892.70,-1.60,0.000,90.00
135,40.0,892.70,-1.60,0.000,90.00
135,41.0,892.70,-1.60,0.000,90.00
135,42.0,892.70,-1.60,0.000,90.00
135,43.0,892.70,-1.60,0.000,90.00
135,44.0,892.70,-1.60,0.000,90.00
135,45.0,892.70,-1.60,0.000,90.00
135,46.0,892.70,-1.60,0.000,90.00
135,47.0,892.70,-1.60,0.000,90.00
135,48.0,892.70,-1.60,0.000,90.00
135,49.0,892.70,-1.60,0.000,90.00
135,50.0,892.70,-1.60,0.000,90.00
135,51.0,892.70,-1.60,0.000,90.00
135,52.0,894.51,-1.84,1.830,92.81
135,53.0,897.82,-4.37,4.380,123.65
135,54.0,898.40,-9.58,5.300,175.07
135,55.0,898.40,-16.38,6.810,180.00
135,56.0,898.40,-24.53,8.150,180.00
135,57.0,898.40,-34.45,9.920,180.00
135,58.0,898.40,-45.73,11.280,180.00
135,59.0,898.40,-59.34,13.610,180.00
135,60.0,898.40,-72.30,12.960,180.00
135,61.0,898.40,-85.64,13.340,180.00
135,62.0,898.40,-98.52,12.880,180.00
135,63.0,898.40,-112.27,13.750,180.00
135,64.0,898.40,-125.59,13.320,180.00
135,65.0,898.40,-139.05,13.470,180.00
135,66.0,898.40,-152.37,13.320,180.00
135,67.0,898.40,-165.82,13.450,180.00
135,68.0,898.40,-179.51,13.690,180.00
135,69.0,898.40,-192.54,13.030,180.00
135,70.0,898.40,-206.51,13.970,180.00
135,71.0,898.40,-220.21,13.690,180.00
135,72.0,898.40,-234.08,13.880,180.00
135,73.0,898.40,-247.57,13.490,180.00
135,74.0,898.40,-261.35,13.780,180.00
135,75.0,898.40,-274.38,13.020,180.00
135,76.0,898.40,-288.03,13.650,180.00
135,77.0,898.40,-301.56,13.530,180.00
135,78.0,898.40,-315.32,13.760,180.00
135,79.0,898.40,-328.50,13.180,180.00
135,80.0,898.40,-341.39,12.890,180.00
135,81.0,898.40,-355.14,13.750,180.00
135,82.0,898.40,-368.52,13.380,180.00
135,83.0,898.40,-381.21,12.690,180.00
135,84.0,898.40,-394.83,13.620,180.00
135,85.0,898.40,-408.54,13.710,180.00
135,86.0,898.40,-421.54,13.000,180.00
135,87.0,898.40,-434.90,13.360,180.00
136,0.0,312.30,-1.60,0.000,90.00
136,1.0,313.64,-1.60,1.340,90.00
136,2.0,316.52,-1.60,2.880,90.00
136,3.0,321.71,-1.60,5.190,90.00
136,4.0,329.26,-1.60,7.550,90.00
136,5.0,338.92,-1.60,9.660,90.00
136,6.0,350.70,-1.60,11.790,90.00
136,7.0,364.22,-1.60,13.510,90.00
136,8.0,378.77,-1.60,14.550,90.00
136,9.0,393.05,-1.60,14.290,90.00
136,10.0,407.79,-1.60,14.730,90.00
136,11.0,422.71,-1.60,14.920,90.00
136,12.0,437.66,-1.60,14.960,90.00
136,13.0,452.09,-1.60,14.430,90.00
136,14.0,466.49,-1.60,14.400,90.00
136,15.0,481.58,-1.60,15.100,90.00
136,16.0,496.25,-1.60,14.660,90.00
136,17.0,511.65,-1.60,15.400,90.00
136,18.0,526.97,-1.60,15.330,90.00
136,19.0,541.41,-1.60,14.440,90.00
136,20.0,556.23,-1.60,14.820,90.00
136,21.0,570.77,-1.60,14.550,90.00
136,22.0,582.15,-1.60,11.380,90.00
136,23.0,589.03,-1.60,6.880,90.00
136,24.0,597.45,-1.60,8.430,90.00
136,25.0,607.85,-1.60,10.400,90.00
136,26.0,620.53,-1.60,12.680,90.00
136,27.0,634.94,-1.60,14.410,90.00
136,28.0,650.09,-1.60,15.150,90.00
136,29.0,664.46,-1.60,14.370,90.00
136,30.0,679.18,-1.60,14.720,90.00
136,31.0,694.12,-1.60,14.940,90.00
136,32.0,709.67,-1.60,15.550,90.00
136,33.0,724.78,-1.60,15.100,90.00
136,34.0,739.04,-1.60,14.260,90.00
136,35.0,753.48,-1.60,14.440,90.00
136,36.0,768.13,-1.60,14.650,90.00
136,37.0,782.58,-1.60,14.450,90.00
136,38.0,797.80,-1.60,15.220,90.00
136,39.0,812.36,-1.60,14.550,90.00
136,40.0,827.08,-1.60,14.720,90.00
136,41.0,842.30,-1.60,15.220,90.00
136,42.0,857.26,-1.60,14.960,90.00
136,43.0,867.71,-1.60,10.460,90.00
136,44.0,874.40,-1.60,6.690,90.00
136,45.0,876.93,-1.60,2.530,90.00
136,46.0,877.59,-1.60,0.670,90.00
136,47.0,877.66,-1.60,0.060,90.00
136,48.0,877.68,-1.60,0.020,90.00
136,49.0,877.69,-1.60,0.010,90.00
136,50.0,877.70,-1.60,0.010,90.00
136,51.0,877.70,-1.60,0.000,90.00
136,52.0,878.93,-1.60,1.230,90.00
136,53.0,882.18,-1.60,3.250,90.00
136,54.0,887.00,-1.60,4.820,90.00
136,55.0,891.00,-1.60,3.990,90.00
136,56.0,893.84,-0.90,3.060,81.73
136,57.0,892.48,1.60,3.740,354.45
136,58.0,886.48,1.60,6.000,270.00
136,59.0,878.03,1.60,8.440,270.00
136,60.0,867.92,1.60,10.120,270.00
136,61.0,855.92,1.60,12.000,270.00
136,62.0,841.82,1.60,14.090,270.00
136,63.0,827.11,1.60,14.710,270.00
136,64.0,812.03,1.60,15.080,270.00
136,65.0,796.98,1.60,15.050,270.00
136,66.0,781.64,1.60,15.340,270.00
136,67.0,766.25,1.60,15.400,270.00
136,68.0,751.07,1.60,15.170,270.00
136,69.0,736.41,1.60,14.660,270.00
136,70.0,721.47,1.60,14.940,270.00
136,71.0,706.44,1.60,15.040,270.00
136,72.0,691.91,1.60,14.520,270.00
136,73.0,676.77,1.60,15.140,270.00
136,74.0,661.60,1.60,15.170,270.00
136,75.0,646.18,1.60,15.430,270.00
136,76.0,631.38,1.60,14.800,270.00
136,77.0,616.79,1.60,14.580,270.00
137,0.0,-612.30,-598.40,0.000,270.00
137,1.0,-613.63,-598.40,1.330,270.00
137,2.0,-617.16,-598.40,3.520,270.00
137,3.0,-622.61,-598.40,5.450,270.00
137,4.0,-629.66,-598.40,7.050,270.00
137,5.0,-639.20,-598.40,9.540,270.00
137,6.0,-650.92,-598.40,11.720,270.00
137,7.0,-664.06,-598.40,13.140,270.00
137,8.0,-678.08,-598.40,14.020,270.00
137,9.0,-692.17,-598.40,14.100,270.00
137,10.0,-705.35,-598.40,13.180,270.00
137,11.0,-718.70,-598.40,13.350,270.00
137,12.0,-731.73,-598.40,13.030,270.00
137,13.0,-744.89,-598.40,13.160,270.00
137,14.0,-758.33,-598.40,13.430,270.00
137,15.0,-772.30,-598.40,13.970,270.00
137,16.0,-786.15,-598.40,13.850,270.00
137,17.0,-799.65,-598.40,13.500,270.00
137,18.0,-812.98,-598.40,13.330,270.00
137,19.0,-826.62,-598.40,13.650,270.00
137,20.0,-840.62,-598.40,14.000,270.00
137,21.0,-853.50,-598.40,12.890,270.00
137,22.0,-866.77,-598.40,13.270,270.00
137,23.0,-879.06,-598.40,12.290,270.00
137,24.0,-887.91,-598.40,8.850,270.00
137,25.0,-892.26,-598.40,4.350,270.00
137,26.0,-894.20,-599.60,2.430,255.09
137,27.0,-893.11,-601.40,2.410,198.56
137,28.0,-890.65,-601.60,2.520,120.34
137,29.0,-885.68,-601.60,4.970,90.00
137,30.0,-879.24,-601.60,6.430,90.00
137,31.0,-870.24,-601.60,9.010,90.00
137,32.0,-858.84,-601.60,11.400,90.00
137,33.0,-845.78,-601.60,13.060,90.00
137,34.0,-832.93,-601.60,12.850,90.00
137,35.0,-819.92,-601.60,13.010,90.00
137,36.0,-806.71,-601.60,13.200,90.00
137,37.0,-793.31,-601.60,13.410,90.00
137,38.0,-779.30,-601.60,14.010,90.00
137,39.0,-766.49,-601.60,12.800,90.00
137,40.0,-752.74,-601.60,13.760,90.00
137,41.0,-738.77,-601.60,13.970,90.00
137,42.0,-724.84,-601.60,13.930,90.00
137,43.0,-711.42,-601.60,13.410,90.00
137,44.0,-697.70,-601.60,13.720,90.00
137,45.0,-684.38,-601.60,13.320,90.00
137,46.0,-671.05,-601.60,13.330,90.00
137,47.0,-657.56,-601.60,13.490,90.00
137,48.0,-643.78,-601.60,13.780,90.00
137,49.0,-630.09,-601.60,13.680,90.00
137,50.0,-618.51,-601.60,11.590,90.00
137,51.0,-611.42,-601.60,7.090,90.00
137,52.0,-605.16,-601.89,6.280,93.35
137,53.0,-601.83,-605.56,5.310,140.26
137,54.0,-601.60,-612.01,6.460,179.69
137,55.0,-601.60,-620.76,8.750,180.00
137,56.0,-601.60,-631.41,10.650,180.00
137,57.0,-601.60,-644.66,13.240,180.00
137,58.0,-601.60,-658.67,14.010,180.00
137,59.0,-601.60,-671.85,13.180,180.00
137,60.0,-601.60,-685.76,13.910,180.00
137,61.0,-601.60,-699.21,13.450,180.00
137,62.0,-601.60,-713.00,13.790,180.00
137,63.0,-601.60,-726.13,13.130,180.00
137,64.0,-601.60,-738.96,12.830,180.00
137,65.0,-601.60,-752.69,13.720,180.00
137,66.0,-601.60,-765.67,12.990,180.00
137,67.0,-601.60,-778.72,13.050,180.00
137,68.0,-601.60,-792.40,13.680,180.00
137,69.0,-601.60,-806.32,13.920,180.00
137,70.0,-601.60,-820.14,13.810,180.00
137,71.0,-601.60,-833.09,12.960,180.00
137,72.0,-601.60,-846.68,13.590,180.00
137,73.0,-601.60,-860.23,13.550,180.00
137,74.0,-601.60,-873.92,13.690,180.00
137,75.0,-601.60,-884.60,10.680,180.00
137,76.0,-601.60,-890.87,6.260,180.00
137,77.0,-602.85,-896.75,6.160,194.85
137,78.0,-608.71,-898.40,6.310,259.77
137,79.0,-616.37,-898.40,7.660,270.00
137,80.0,-626.54,-898.40,10.180,270.00
137,81.0,-639.16,-898.40,12.620,270.00
137,82.0,-652.35,-898.40,13.180,270.00
137,83.0,-665.66,-898.40,13.320,270.00
138,0.0,-901.60,891.70,0.000,180.00
138,1.0,-901.60,889.84,1.860,180.00
138,2.0,-901.60,886.35,3.490,180.00
138,3.0,-901.60,880.66,5.690,180.00
138,4.0,-901.60,873.26,7.400,180.00
138,5.0,-901.60,863.74,9.520,180.00
138,6.0,-901.60,852.80,10.940,180.00
138,7.0,-901.60,840.45,12.350,180.00
138,8.0,-901.60,827.00,13.450,180.00
138,9.0,-901.60,813.52,13.480,180.00
138,10.0,-901.60,800.27,13.250,180.00
138,11.0,-901.60,786.90,13.370,180.00
138,12.0,-901.60,773.49,13.400,180.00
138,13.0,-901.60,759.86,13.640,180.00
138,14.0,-901.60,746.14,13.710,180.00
138,15.0,-901.60,732.31,13.830,180.00
138,16.0,-901.60,719.01,13.300,180.00
138,17.0,-901.60,706.02,12.990,180.00
138,18.0,-901.60,692.39,13.630,180.00
138,19.0,-901.60,678.58,13.810,180.00
138,20.0,-901.60,665.78,12.800,180.00
138,21.0,-901.60,652.07,13.710,180.00
138,22.0,-901.60,638.71,13.360,180.00
138,23.0,-901.60,625.30,13.420,180.00
138,24.0,-901.60,614.33,10.970,180.00
138,25.0,-901.54,606.80,7.530,179.34
138,26.0,-898.30,599.94,7.980,144.18
138,27.0,-891.09,598.40,7.520,95.36
138,28.0,-881.63,598.40,9.470,90.00
138,29.0,-870.69,598.40,10.940,90.00
138,30.0,-858.44,598.40,12.250,90.00
138,31.0,-845.76,598.40,12.680,90.00
138,32.0,-832.79,598.40,12.970,90.00
138,33.0,-819.22,598.40,13.570,90.00
138,34.0,-806.38,598.40,12.840,90.00
138,35.0,-793.06,598.40,13.320,90.00
138,36.0,-779.57,598.40,13.490,90.00
138,37.0,-766.30,598.40,13.280,90.00
138,38.0,-753.44,598.40,12.860,90.00
138,39.0,-740.36,598.40,13.070,90.00
138,40.0,-727.02,598.40,13.340,90.00
138,41.0,-714.20,598.40,12.820,90.00
138,42.0,-701.34,598.40,12.870,90.00
138,43.0,-688.25,598.40,13.090,90.00
138,44.0,-674.71,598.40,13.540,90.00
138,45.0,-661.50,598.40,13.200,90.00
138,46.0,-647.56,598.40,13.940,90.00
138,47.0,-633.81,598.40,13.760,90.00
138,48.0,-620.99,598.40,12.810,90.00
138,49.0,-612.24,598.40,8.760,90.00
138,50.0,-607.94,598.40,4.300,90.00
138,51.0,-602.34,598.40,5.600,90.00
138,52.0,-594.31,598.40,8.030,90.00
138,53.0,-583.88,598.40,10.430,90.00
138,54.0,-571.34,598.40,12.540,90.00
138,55.0,-557.47,598.40,13.870,90.00
138,56.0,-544.68,598.40,12.790,90.00
138,57.0,-531.39,598.40,13.290,90.00
138,58.0,-518.35,598.40,13.040,90.00
138,59.0,-504.92,598.40,13.430,90.00
138,60.0,-491.23,598.40,13.690,90.00
138,61.0,-478.41,598.40,12.820,90.00
138,62.0,-464.52,598.40,13.890,90.00
138,63.0,-451.07,598.40,13.450,90.00
138,64.0,-437.60,598.40,13.470,90.00
138,65.0,-424.90,598.40,12.700,90.00
138,66.0,-412.10,598.40,12.790,90.00
138,67.0,-398.27,598.40,13.830,90.00
138,68.0,-384.88,598.40,13.390,90.00
138,69.0,-370.98,598.40,13.890,90.00
138,70.0,-357.66,598.40,13.330,90.00
138,71.0,-344.25,598.40,13.410,90.00
138,72.0,-330.73,598.40,13.510,90.00
138,73.0,-319.46,598.40,11.280,90.00
138,74.0,-311.84,598.40,7.620,90.00
138,75.0,-307.56,598.40,4.280,90.00
138,76.0,-301.61,598.40,5.950,90.00
138,77.0,-293.43,598.40,8.180,90.00
138,78.0,-283.87,598.40,9.560,90.00
138,79.0,-272.53,598.40,11.340,90.00
138,80.0,-259.26,598.40,13.270,90.00
138,81.0,-245.68,598.40,13.580,90.00
138,82.0,-231.90,598.40,13.780,90.00
138,83.0,-219.15,598.40,12.750,90.00
139,0.0,-312.30,-898.40,0.000,270.00
139,1.0,-314.67,-898.40,2.370,270.00
139,2.0,-319.18,-898.40,4.510,270.00
139,3.0,-325.30,-898.40,6.120,270.00
139,4.0,-333.77,-898.40,8.480,270.00
139,5.0,-344.54,-898.40,10.770,270.00
139,6.0,-356.60,-898.40,12.060,270.00
139,7.0,-369.50,-898.40,12.890,270.00
139,8.0,-382.15,-898.40,12.650,270.00
139,9.0,-395.30,-898.40,13.160,270.00
139,10.0,-407.65,-898.40,12.350,270.00
139,11.0,-420.07,-898.40,12.410,270.00
139,12.0,-433.26,-898.40,13.190,270.00
139,13.0,-445.96,-898.40,12.700,270.00
139,14.0,-458.60,-898.40,12.640,270.00
139,15.0,-470.77,-898.40,12.180,270.00
139,16.0,-482.96,-898.40,12.190,270.00
139,17.0,-495.63,-898.40,12.670,270.00
139,18.0,-507.89,-898.40,12.250,270.00
139,19.0,-519.97,-898.40,12.080,270.00
139,20.0,-532.61,-898.40,12.650,270.00
139,21.0,-545.12,-898.40,12.510,270.00
139,22.0,-557.60,-898.40,12.480,270.00
139,23.0,-569.83,-898.40,12.230,270.00
139,24.0,-582.38,-898.40,12.550,270.00
139,25.0,-592.10,-898.40,9.730,270.00
139,26.0,-597.01,-896.99,5.230,286.81
139,27.0,-598.40,-891.97,5.330,345.55
139,28.0,-598.40,-885.19,6.770,0.00
139,29.0,-598.40,-875.88,9.310,0.00
139,30.0,-598.40,-864.94,10.950,0.00
139,31.0,-598.40,-852.16,12.780,0.00
139,32.0,-598.40,-839.92,12.240,0.00
139,33.0,-598.40,-827.71,12.210,0.00
139,34.0,-598.40,-815.22,12.490,0.00
139,35.0,-598.40,-802.49,12.730,0.00
139,36.0,-598.40,-789.48,13.010,0.00
139,37.0,-598.40,-776.93,12.560,0.00
139,38.0,-598.40,-764.78,12.150,0.00
139,39.0,-598.40,-752.74,12.040,0.00
139,40.0,-598.40,-740.66,12.080,0.00
139,41.0,-598.40,-727.94,12.720,0.00
139,42.0,-598.40,-715.87,12.070,0.00
139,43.0,-598.40,-703.37,12.500,0.00
139,44.0,-598.40,-691.31,12.060,0.00
139,45.0,-598.40,-678.08,13.220,0.00
139,46.0,-598.40,-666.00,12.090,0.00
139,47.0,-598.40,-653.86,12.140,0.00
139,48.0,-598.40,-641.90,11.960,0.00
139,49.0,-598.40,-628.73,13.170,0.00
139,50.0,-598.40,-615.77,12.960,0.00
139,51.0,-598.40,-607.31,8.460,0.00
139,52.0,-596.49,-602.70,5.220,23.26
139,53.0,-591.11,-601.60,5.620,80.90
139,54.0,-583.40,-601.60,7.700,90.00
139,55.0,-573.78,-601.60,9.620,90.00
139,56.0,-561.94,-601.60,11.850,90.00
139,57.0,-548.90,-601.60,13.040,90.00
139,58.0,-536.87,-601.60,12.030,90.00
139,59.0,-523.76,-601.60,13.110,90.00
139,60.0,-511.31,-601.60,12.450,90.00
139,61.0,-499.21,-601.60,12.110,90.00
139,62.0,-486.23,-601.60,12.980,90.00
139,63.0,-473.98,-601.60,12.250,90.00
139,64.0,-462.00,-601.60,11.980,90.00
139,65.0,-449.68,-601.60,12.320,90.00
139,66.0,-436.69,-601.60,12.990,90.00
139,67.0,-423.54,-601.60,13.150,90.00
139,68.0,-411.00,-601.60,12.540,90.00
139,69.0,-398.75,-601.60,12.250,90.00
139,70.0,-386.68,-601.60,12.080,90.00
139,71.0,-374.12,-601.60,12.550,90.00
139,72.0,-361.94,-601.60,12.190,90.00
139,73.0,-349.23,-601.60,12.710,90.00
139,74.0,-336.50,-601.60,12.730,90.00
139,75.0,-324.08,-601.60,12.420,90.00
139,76.0,-315.24,-601.60,8.830,90.00
139,77.0,-309.67,-601.60,5.570,90.00
139,78.0,-307.88,-601.60,1.790,90.00
139,79.0,-305.79,-601.60,2.090,90.00
139,80.0,-301.90,-601.60,3.890,90.00
139,81.0,-296.13,-601.60,5.770,90.00
139,82.0,-288.98,-601.60,7.150,90.00
14,0.0,587.70,601.60,0.000,270.00
14,1.0,585.32,601.60,2.380,270.00
14,2.0,581.06,601.60,4.270,270.00
14,3.0,574.72,601.60,6.340,270.00
14,4.0,566.88,601.60,7.840,270.00
14,5.0,557.44,601.60,9.440,270.00
14,6.0,546.24,601.60,11.200,270.00
14,7.0,533.65,601.60,12.590,270.00
14,8.0,520.78,601.60,12.870,270.00
14,9.0,508.18,601.60,12.600,270.00
14,10.0,495.05,601.60,13.120,270.00
14,11.0,481.62,601.60,13.430,270.00
14,12.0,468.58,601.60,13.040,270.00
14,13.0,454.96,601.60,13.620,270.00
14,14.0,441.64,601.60,13.330,270.00
14,15.0,429.08,601.60,12.560,270.00
14,16.0,416.57,601.60,12.510,270.00
14,17.0,403.07,601.60,13.490,270.00
14,18.0,390.36,601.60,12.710,270.00
14,19.0,377.80,601.60,12.560,270.00
14,20.0,364.19,601.60,13.610,270.00
14,21.0,351.51,601.60,12.680,270.00
14,22.0,338.05,601.60,13.460,270.00
14,23.0,324.53,601.60,13.520,270.00
14,24.0,314.30,601.60,10.230,270.00
14,25.0,308.57,601.60,5.730,270.00
14,26.0,301.35,599.85,7.590,251.23
14,27.0,298.59,594.10,6.660,199.18
14,28.0,298.40,587.33,6.770,180.00
14,29.0,298.40,578.38,8.960,180.00
14,30.0,298.40,566.98,11.400,180.00
14,31.0,298.40,553.64,13.340,180.00
14,32.0,298.40,541.08,12.560,180.00
14,33.0,298.40,528.51,12.560,180.00
14,34.0,298.40,515.15,13.360,180.00
14,35.0,298.40,501.88,13.270,180.00
14,36.0,298.40,488.33,13.560,180.00
14,37.0,298.40,475.58,12.750,180.00
14,38.0,298.40,462.28,13.290,180.00
14,39.0,298.40,449.44,12.840,180.00
14,40.0,298.40,436.36,13.080,180.00
14,41.0,298.40,423.78,12.580,180.00
14,42.0,298.40,411.04,12.740,180.00
14,43.0,298.40,397.76,13.280,180.00
14,44.0,298.40,384.17,13.590,180.00
14,45.0,298.40,371.22,12.940,180.00
14,46.0,298.40,357.64,13.590,180.00
14,47.0,298.40,345.16,12.480,180.00
14,48.0,298.40,332.45,12.710,180.00
14,49.0,298.40,318.73,13.710,180.00
14,50.0,298.40,305.23,13.500,180.00
14,51.0,298.40,292.51,12.720,180.00
14,52.0,298.40,278.88,13.640,180.00
14,53.0,298.40,265.48,13.390,180.00
14,54.0,298.40,252.03,13.450,180.00
14,55.0,298.40,238.28,13.750,180.00
14,56.0,298.40,225.32,12.960,180.00
14,57.0,298.40,211.70,13.620,180.00
14,58.0,298.40,198.14,13.550,180.00
14,59.0,298.40,185.06,13.080,180.00
14,60.0,298.40,172.43,12.640,180.00
14,61.0,298.40,158.71,13.710,180.00
14,62.0,298.40,145.63,13.080,180.00
14,63.0,298.40,132.61,13.030,180.00
14,64.0,298.40,119.53,13.080,180.00
14,65.0,298.40,106.13,13.390,180.00
14,66.0,298.40,92.98,13.150,180.00
14,67.0,298.40,80.05,12.930,180.00
14,68.0,298.40,67.05,13.000,180.00
14,69.0,298.40,53.32,13.730,180.00
14,70.0,298.40,40.16,13.160,180.00
14,71.0,298.40,26.92,13.240,180.00
14,72.0,298.40,14.00,12.910,180.00
14,73.0,298.40,2.78,11.230,180.00
14,74.0,298.40,-6.73,9.500,180.00
14,75.0,298.40,-17.76,11.030,180.00
14,76.0,298.40,-30.66,12.900,180.00
14,77.0,298.40,-43.25,12.600,180.00
14,78.0,298.40,-55.74,12.490,180.00
14,79.0,298.40,-68.48,12.730,180.00
14,80.0,298.40,-81.59,13.110,180.00
14,81.0,298.40,-95.02,13.430,180.00
14,82.0,298.40,-108.30,13.280,180.00
14,83.0,298.40,-120.77,12.470,180.00
14,84.0,298.40,-134.26,13.480,180.00
14,85.0,298.40,-147.19,12.930,180.00
14,86.0,298.40,-160.02,12.830,180.00
14,87.0,298.40,-172.99,12.970,180.00
14,88.0,298.40,-185.83,12.840,180.00
14,89.0,298.40,-198.71,12.880,180.00
14,90.0,298.40,-211.35,12.640,180.00
14,91.0,298.40,-224.61,13.260,180.00
14,92.0,298.40,-236.41,11.800,180.00
14,93.0,298.40,-249.20,12.790,180.00
14,94.0,298.40,-262.65,13.450,180.00
14,95.0,298.40,-275.28,12.630,180.00
14,96.0,298.40,-288.43,13.150,180.00
14,97.0,298.40,-301.49,13.060,180.00
14,98.0,298.40,-314.19,12.700,180.00
14,99.0,298.40,-325.99,11.800,180.00
14,100.0,298.40,-338.36,12.370,180.00
14,101.0,298.40,-351.22,12.860,180.00
14,102.0,298.40,-363.72,12.510,180.00
14,103.0,298.40,-376.68,12.950,180.00
14,104.0,298.40,-389.03,12.350,180.00
14,105.0,298.40,-401.55,12.520,180.00
14,106.0,298.40,-413.64,12.100,180.00
14,107.0,298.40,-425.74,12.100,180.00
14,108.0,298.40,-437.60,11.850,180.00
14,109.0,298.40,-449.87,12.270,180.00
14,110.0,298.40,-463.21,13.340,180.00
14,111.0,298.40,-475.44,12.230,180.00
14,112.0,298.40,-488.14,12.700,180.00
14,113.0,298.40,-501.15,13.000,180.00
14,114.0,298.40,-514.55,13.400,180.00
14,115.0,298.40,-527.55,13.010,180.00
14,116.0,298.40,-540.50,12.940,180.00
14,117.0,298.40,-553.46,12.960,180.00
14,118.0,298.40,-565.88,12.420,180.00
14,119.0,298.40,-575.64,9.760,180.00
14,120.0,298.40,-581.89,6.240,180.00
14,121.0,298.40,-586.39,4.500,180.00
14,122.0,298.40,-589.55,3.160,180.00
14,123.0,298.40,-595.20,5.650,180.00
14,124.0,298.40,-602.86,7.670,180.00
14,125.0,298.40,-612.71,9.840,180.00
14,126.0,298.40,-624.45,11.740,180.00
14,127.0,298.40,-637.99,13.540,180.00
14,128.0,298.40,-650.70,12.710,180.00
14,129.0,298.40,-664.16,13.460,180.00
14,130.0,298.40,-677.12,12.960,180.00
14,131.0,298.40,-690.57,13.440,180.00
14,132.0,298.40,-703.80,13.230,180.00
14,133.0,298.40,-716.52,12.730,180.00
14,134.0,298.40,-729.07,12.540,180.00
14,135.0,298.40,-742.41,13.350,180.00
14,136.0,298.40,-755.64,13.230,180.00
14,137.0,298.40,-769.20,13.560,180.00
14,138.0,298.40,-782.14,12.940,180.00
14,139.0,298.40,-795.69,13.550,180.00
14,140.0,298.40,-809.06,13.380,180.00
14,141.0,298.40,-822.77,13.700,180.00
14,142.0,298.40,-836.23,13.460,180.00
14,143.0,298.40,-849.76,13.530,180.00
14,144.0,298.40,-862.43,12.670,180.00
14,145.0,298.40,-874.94,12.510,180.00
14,146.0,298.40,-888.67,13.730,180.00
140,0.0,287.70,901.60,0.000,270.00
140,1.0,286.37,901.60,1.330,270.00
140,2.0,283.04,901.60,3.330,270.00
140,3.0,277.86,901.60,5.190,270.00
140,4.0,271.33,901.60,6.530,270.00
140,5.0,263.26,901.60,8.070,270.00
140,6.0,252.98,901.60,10.270,270.00
140,7.0,241.32,901.60,11.670,270.00
140,8.0,228.34,901.60,12.970,270.00
140,9.0,213.71,901.60,14.640,270.00
140,10.0,198.53,901.60,15.180,270.00
140,11.0,183.81,901.60,14.720,270.00
140,12.0,168.60,901.60,15.210,270.00
140,13.0,153.77,901.60,14.830,270.00
140,14.0,138.63,901.60,15.140,270.00
140,15.0,123.21,901.60,15.420,270.00
140,16.0,107.76,901.60,15.450,270.00
140,17.0,92.35,901.60,15.410,270.00
140,18.0,77.20,901.60,15.160,270.00
140,19.0,62.84,901.60,14.350,270.00
140,20.0,48.54,901.60,14.300,270.00
140,21.0,35.48,901.60,13.060,270.00
140,22.0,21.74,901.60,13.740,270.00
140,23.0,10.05,901.60,11.680,270.00
140,24.0,-2.88,901.60,12.930,270.00
140,25.0,-14.87,901.60,12.000,270.00
140,26.0,-26.86,901.60,11.990,270.00
140,27.0,-39.41,901.60,12.550,270.00
140,28.0,-51.64,901.60,12.230,270.00
140,29.0,-63.80,901.60,12.160,270.00
140,30.0,-76.88,901.60,13.080,270.00
140,31.0,-87.99,901.60,11.110,270.00
140,32.0,-100.95,901.60,12.970,270.00
140,33.0,-113.86,901.60,12.910,270.00
140,34.0,-125.47,901.60,11.610,270.00
140,35.0,-138.25,901.60,12.770,270.00
140,36.0,-149.20,901.60,10.960,270.00
140,37.0,-161.06,901.60,11.850,270.00
140,38.0,-172.52,901.60,11.460,270.00
140,39.0,-185.21,901.60,12.690,270.00
140,40.0,-197.04,901.60,11.830,270.00
140,41.0,-210.12,901.60,13.090,270.00
140,42.0,-222.18,901.60,12.060,270.00
140,43.0,-235.29,901.60,13.110,270.00
140,44.0,-247.14,901.60,11.850,270.00
140,45.0,-259.83,901.60,12.690,270.00
140,46.0,-271.64,901.60,11.820,270.00
140,47.0,-280.79,901.60,9.140,270.00
140,48.0,-286.00,901.60,5.210,270.00
140,49.0,-292.63,901.60,6.630,270.00
140,50.0,-301.03,901.60,8.400,270.00
140,51.0,-310.99,901.60,9.960,270.00
140,52.0,-322.93,901.60,11.940,270.00
140,53.0,-337.15,901.60,14.220,270.00
140,54.0,-351.91,901.60,14.750,270.00
140,55.0,-367.06,901.60,15.150,270.00
140,56.0,-381.32,901.60,14.260,270.00
140,57.0,-395.79,901.60,14.470,270.00
140,58.0,-410.61,901.60,14.820,270.00
140,59.0,-425.60,901.60,15.000,270.00
140,60.0,-440.22,901.60,14.620,270.00
140,61.0,-454.89,901.60,14.670,270.00
140,62.0,-470.18,901.60,15.280,270.00
140,63.0,-484.46,901.60,14.280,270.00
140,64.0,-498.85,901.60,14.390,270.00
140,65.0,-514.28,901.60,15.420,270.00
140,66.0,-528.88,901.60,14.610,270.00
140,67.0,-544.26,901.60,15.370,270.00
140,68.0,-558.87,901.60,14.620,270.00
140,69.0,-573.39,901.60,14.520,270.00
140,70.0,-584.58,901.60,11.190,270.00
140,71.0,-592.77,901.60,8.180,270.00
140,72.0,-600.04,898.33,8.390,234.51
140,73.0,-601.60,890.01,8.640,183.59
140,74.0,-601.60,879.45,10.560,180.00
140,75.0,-601.60,866.71,12.740,180.00
140,76.0,-601.60,851.49,15.220,180.00
140,77.0,-601.60,836.84,14.640,180.00
140,78.0,-601.60,822.11,14.730,180.00
140,79.0,-601.60,807.81,14.310,180.00
140,80.0,-601.60,792.95,14.860,180.00
140,81.0,-601.60,778.74,14.210,180.00
141,0.0,301.60,-287.70,0.000,0.00
141,1.0,301.60,-285.86,1.840,0.00
141,2.0,301.60,-282.44,3.430,0.00
141,3.0,301.60,-277.18,5.260,0.00
141,4.0,301.60,-270.25,6.920,0.00
141,5.0,301.60,-261.25,9.000,0.00
141,6.0,301.60,-250.27,10.990,0.00
141,7.0,301.60,-237.31,12.960,0.00
141,8.0,301.60,-222.15,15.150,0.00
141,9.0,301.60,-207.17,14.980,0.00
141,10.0,301.60,-191.72,15.450,0.00
141,11.0,301.60,-176.52,15.200,0.00
141,12.0,301.60,-161.04,15.480,0.00
141,13.0,301.60,-145.54,15.500,0.00
141,14.0,301.60,-129.66,15.880,0.00
141,15.0,301.60,-113.96,15.700,0.00
141,16.0,301.60,-98.82,15.140,0.00
141,17.0,301.60,-82.86,15.960,0.00
141,18.0,301.60,-67.60,15.260,0.00
141,19.0,301.60,-52.33,15.270,0.00
141,20.0,301.60,-36.58,15.750,0.00
141,21.0,301.60,-20.95,15.630,0.00
141,22.0,301.60,-4.84,16.110,0.00
141,23.0,301.60,10.68,15.520,0.00
141,24.0,301.60,26.25,15.580,0.00
141,25.0,301.60,41.82,15.570,0.00
141,26.0,301.60,56.97,15.150,0.00
141,27.0,301.60,72.71,15.740,0.00
141,28.0,301.60,88.56,15.860,0.00
141,29.0,301.60,103.98,15.420,0.00
141,30.0,301.60,119.73,15.750,0.00
141,31.0,301.60,134.82,15.090,0.00
141,32.0,301.60,150.06,15.240,0.00
141,33.0,301.60,165.93,15.870,0.00
141,34.0,301.60,181.79,15.860,0.00
141,35.0,301.60,197.81,16.020,0.00
141,36.0,301.60,213.80,16.000,0.00
141,37.0,301.60,229.28,15.470,0.00
141,38.0,301.60,244.84,15.560,0.00
141,39.0,301.60,260.80,15.960,0.00
141,40.0,301.60,275.77,14.970,0.00
141,41.0,301.60,291.68,15.910,0.00
141,42.0,301.60,307.34,15.670,0.00
141,43.0,301.60,322.63,15.290,0.00
141,44.0,301.60,338.33,15.700,0.00
141,45.0,301.60,353.54,15.210,0.00
141,46.0,301.60,368.94,15.400,0.00
141,47.0,301.60,383.98,15.040,0.00
141,48.0,301.60,399.55,15.570,0.00
141,49.0,301.60,415.64,16.100,0.00
141,50.0,301.60,431.74,16.090,0.00
141,51.0,301.60,447.45,15.710,0.00
141,52.0,301.60,462.56,15.110,0.00
141,53.0,301.60,478.34,15.780,0.00
141,54.0,301.60,493.92,15.580,0.00
141,55.0,301.60,509.31,15.390,0.00
141,56.0,301.60,524.98,15.680,0.00
141,57.0,301.60,540.03,15.050,0.00
141,58.0,301.60,555.17,15.140,0.00
141,59.0,301.60,571.15,15.980,0.00
141,60.0,301.60,586.46,15.300,0.00
141,61.0,301.60,601.85,15.390,0.00
141,62.0,301.60,616.77,14.930,0.00
141,63.0,301.60,632.74,15.970,0.00
141,64.0,301.60,648.41,15.670,0.00
141,65.0,301.60,664.05,15.640,0.00
141,66.0,301.60,679.52,15.480,0.00
141,67.0,301.60,695.08,15.550,0.00
141,68.0,301.60,710.53,15.460,0.00
141,69.0,301.60,726.19,15.660,0.00
141,70.0,301.60,742.04,15.850,0.00
141,71.0,301.60,757.52,15.480,0.00
141,72.0,301.60,772.72,15.200,0.00
141,73.0,301.60,788.84,16.120,0.00
141,74.0,301.60,803.88,15.040,0.00
141,75.0,301.60,819.81,15.920,0.00
141,76.0,301.60,835.01,15.200,0.00
141,77.0,301.60,851.14,16.130,0.00
141,78.0,301.60,866.84,15.690,0.00
141,79.0,301.60,879.17,12.340,0.00
142,0.0,-12.30,1.60,0.000,270.00
142,1.0,-14.51,1.60,2.210,270.00
142,2.0,-18.11,1.60,3.600,270.00
142,3.0,-24.20,1.60,6.090,270.00
142,4.0,-32.24,1.60,8.040,270.00
142,5.0,-41.84,1.60,9.600,270.00
142,6.0,-53.74,1.60,11.900,270.00
142,7.0,-66.30,1.60,12.560,270.00
142,8.0,-78.18,1.60,11.880,270.00
142,9.0,-89.93,1.60,11.750,270.00
142,10.0,-101.84,1.60,11.920,270.00
142,11.0,-114.77,1.60,12.930,270.00
142,12.0,-127.42,1.60,12.650,270.00
142,13.0,-139.83,1.60,12.410,270.00
142,14.0,-151.69,1.60,11.860,270.00
142,15.0,-163.80,1.60,12.110,270.00
142,16.0,-175.62,1.60,11.820,270.00
142,17.0,-187.68,1.60,12.060,270.00
142,18.0,-200.45,1.60,12.770,270.00
142,19.0,-212.63,1.60,12.180,270.00
142,20.0,-224.60,1.60,11.970,270.00
142,21.0,-237.47,1.60,12.870,270.00
142,22.0,-249.66,1.60,12.190,270.00
142,23.0,-261.43,1.60,11.770,270.00
142,24.0,-273.86,1.60,12.430,270.00
142,25.0,-283.73,1.60,9.870,270.00
142,26.0,-290.43,1.60,6.700,270.00
142,27.0,-293.61,1.06,3.340,263.62
142,28.0,-293.94,-0.84,2.330,229.21
142,29.0,-291.50,-1.60,2.660,141.76
142,30.0,-286.64,-1.60,4.870,90.00
142,31.0,-279.59,-1.60,7.040,90.00
142,32.0,-270.92,-1.60,8.670,90.00
142,33.0,-260.21,-1.60,10.710,90.00
142,34.0,-247.32,-1.60,12.890,90.00
142,35.0,-235.25,-1.60,12.070,90.00
142,36.0,-222.97,-1.60,12.280,90.00
142,37.0,-210.25,-1.60,12.720,90.00
142,38.0,-198.30,-1.60,11.950,90.00
142,39.0,-185.64,-1.60,12.670,90.00
142,40.0,-172.65,-1.60,12.990,90.00
142,41.0,-159.68,-1.60,12.960,90.00
142,42.0,-147.77,-1.60,11.910,90.00
142,43.0,-135.05,-1.60,12.720,90.00
142,44.0,-122.33,-1.60,12.720,90.00
142,45.0,-109.42,-1.60,12.910,90.00
142,46.0,-97.28,-1.60,12.140,90.00
142,47.0,-84.73,-1.60,12.550,90.00
142,48.0,-71.74,-1.60,12.990,90.00
142,49.0,-59.20,-1.60,12.540,90.00
142,50.0,-47.01,-1.60,12.190,90.00
142,51.0,-34.10,-1.60,12.910,90.00
142,52.0,-22.15,-1.60,11.940,90.00
142,53.0,-13.33,-1.60,8.830,90.00
142,54.0,-8.44,-1.60,4.880,90.00
142,55.0,-1.42,-1.60,7.020,90.00
142,56.0,7.62,-1.60,9.050,90.00
142,57.0,18.61,-1.60,10.980,90.00
142,58.0,30.34,-1.60,11.730,90.00
142,59.0,43.27,-1.60,12.930,90.00
142,60.0,55.34,-1.60,12.070,90.00
142,61.0,67.70,-1.60,12.360,90.00
142,62.0,80.39,-1.60,12.690,90.00
142,63.0,93.16,-1.60,12.770,90.00
142,64.0,105.21,-1.60,12.050,90.00
142,65.0,117.37,-1.60,12.160,90.00
142,66.0,129.27,-1.60,11.900,90.00
142,67.0,141.27,-1.60,12.000,90.00
142,68.0,154.03,-1.60,12.770,90.00
142,69.0,166.30,-1.60,12.260,90.00
142,70.0,179.10,-1.60,12.800,90.00
142,71.0,191.12,-1.60,12.030,90.00
142,72.0,203.35,-1.60,12.230,90.00
142,73.0,215.39,-1.60,12.040,90.00
142,74.0,227.71,-1.60,12.320,90.00
142,75.0,240.71,-1.60,13.010,90.00
142,76.0,253.52,-1.60,12.810,90.00
142,77.0,265.77,-1.60,12.250,90.00
142,78.0,277.53,-1.60,11.760,90.00
143,0.0,587.70,601.60,0.000,270.00
143,1.0,585.59,601.60,2.110,270.00
143,2.0,581.27,601.60,4.330,270.00
143,3.0,575.20,601.60,6.070,270.00
143,4.0,566.68,601.60,8.520,270.00
143,5.0,556.62,601.60,10.060,270.00
143,6.0,545.11,601.60,11.510,270.00
143,7.0,531.90,601.60,13.210,270.00
143,8.0,517.27,601.60,14.630,270.00
143,9.0,502.52,601.60,14.750,270.00
143,10.0,487.77,601.60,14.750,270.00
143,11.0,473.06,601.60,14.710,270.00
143,12.0,457.71,601.60,15.350,270.00
143,13.0,442.54,601.60,15.170,270.00
143,14.0,427.28,601.60,15.260,270.00
143,15.0,411.91,601.60,15.370,270.00
143,16.0,397.47,601.60,14.440,270.00
143,17.0,382.47,601.60,15.010,270.00
143,18.0,367.42,601.60,15.050,270.00
143,19.0,352.98,601.60,14.440,270.00
143,20.0,337.81,601.60,15.170,270.00
143,21.0,324.30,601.60,13.510,270.00
143,22.0,314.47,601.60,9.830,270.00
143,23.0,309.14,601.60,5.330,270.00
143,24.0,301.70,601.60,7.450,270.00
143,25.0,292.07,601.60,9.630,270.00
143,26.0,280.19,601.60,11.870,270.00
143,27.0,266.29,601.60,13.900,270.00
143,28.0,251.39,601.60,14.900,270.00
143,29.0,236.88,601.60,14.510,270.00
143,30.0,222.47,601.60,14.410,270.00
143,31.0,207.29,601.60,15.180,270.00
143,32.0,191.64,601.60,15.650,270.00
143,33.0,176.61,601.60,15.020,270.00
143,34.0,161.15,601.60,15.470,270.00
143,35.0,146.65,601.60,14.490,270.00
143,36.0,131.50,601.60,15.150,270.00
143,37.0,117.05,601.60,14.450,270.00
143,38.0,102.04,601.60,15.010,270.00
143,39.0,86.65,601.60,15.390,270.00
143,40.0,71.50,601.60,15.150,270.00
143,41.0,56.92,601.60,14.580,270.00
143,42.0,41.35,601.60,15.570,270.00
143,43.0,26.86,601.60,14.500,270.00
143,44.0,16.81,601.60,10.050,270.00
143,45.0,10.18,601.60,6.630,270.00
143,46.0,2.03,601.60,8.150,270.00
143,47.0,-8.40,601.60,10.430,270.00
143,48.0,-20.36,601.60,11.960,270.00
143,49.0,-34.81,601.60,14.440,270.00
143,50.0,-49.53,601.60,14.730,270.00
143,51.0,-64.85,601.60,15.320,270.00
143,52.0,-80.20,601.60,15.350,270.00
143,53.0,-94.88,601.60,14.680,270.00
143,54.0,-110.38,601.60,15.510,270.00
143,55.0,-124.84,601.60,14.450,270.00
143,56.0,-139.24,601.60,14.410,270.00
143,57.0,-153.67,601.60,14.430,270.00
143,58.0,-168.45,601.60,14.780,270.00
143,59.0,-184.02,601.60,15.570,270.00
143,60.0,-199.05,601.60,15.040,270.00
143,61.0,-214.71,601.60,15.660,270.00
143,62.0,-229.91,601.60,15.200,270.00
143,63.0,-245.49,601.60,15.580,270.00
143,64.0,-260.38,601.60,14.900,270.00
143,65.0,-274.07,601.60,13.690,270.00
143,66.0,-284.31,601.60,10.240,270.00
143,67.0,-290.06,601.60,5.740,270.00
143,68.0,-291.49,601.60,1.430,270.00
143,69.0,-292.42,601.60,0.940,270.00
143,70.0,-292.64,601.60,0.220,270.00
143,71.0,-294.22,601.60,1.580,270.00
143,72.0,-297.66,601.60,3.440,270.00
143,73.0,-302.84,601.60,5.180,270.00
143,74.0,-309.75,601.60,6.910,270.00
143,75.0,-319.11,601.60,9.360,270.00
143,76.0,-330.21,601.60,11.100,270.00
143,77.0,-343.61,601.60,13.400,270.00
144,0.0,-12.30,-898.40,0.000,270.00
144,1.0,-14.00,-898.40,1.700,270.00
144,2.0,-17.21,-898.40,3.220,270.00
144,3.0,-22.37,-898.40,5.150,270.00
144,4.0,-29.79,-898.40,7.420,270.00
144,5.0,-39.09,-898.40,9.300,270.00
144,6.0,-49.24,-898.40,10.150,270.00
144,7.0,-59.20,-898.40,9.960,270.00
144,8.0,-69.22,-898.40,10.020,270.00
144,9.0,-78.21,-898.40,8.990,270.00
144,10.0,-87.89,-898.40,9.680,270.00
144,11.0,-97.97,-898.40,10.080,270.00
144,12.0,-107.58,-898.40,9.610,270.00
144,13.0,-117.64,-898.40,10.060,270.00
144,14.0,-127.29,-898.40,9.650,270.00
144,15.0,-136.93,-898.40,9.640,270.00
144,16.0,-147.06,-898.40,10.130,270.00
144,17.0,-156.23,-898.40,9.170,270.00
144,18.0,-165.45,-898.40,9.220,270.00
144,19.0,-174.57,-898.40,9.120,270.00
144,20.0,-184.68,-898.40,10.110,270.00
144,21.0,-194.75,-898.40,10.070,270.00
144,22.0,-204.12,-898.40,9.370,270.00
144,23.0,-214.21,-898.40,10.100,270.00
144,24.0,-224.02,-898.40,9.800,270.00
144,25.0,-233.06,-898.40,9.040,270.00
144,26.0,-242.26,-898.40,9.200,270.00
144,27.0,-251.85,-898.40,9.590,270.00
144,28.0,-261.00,-898.40,9.150,270.00
144,29.0,-271.01,-898.40,10.010,270.00
144,30.0,-281.00,-898.40,9.990,270.00
144,31.0,-290.07,-898.40,9.070,270.00
144,32.0,-294.63,-898.14,4.570,273.00
144,33.0,-297.63,-895.95,3.890,299.77
144,34.0,-298.40,-891.43,4.660,348.88
144,35.0,-298.40,-885.21,6.220,0.00
144,36.0,-298.40,-877.65,7.560,0.00
144,37.0,-298.40,-868.32,9.330,0.00
144,38.0,-298.40,-858.77,9.550,0.00
144,39.0,-298.40,-848.68,10.090,0.00
144,40.0,-298.40,-839.01,9.660,0.00
144,41.0,-298.40,-830.01,9.000,0.00
144,42.0,-298.40,-820.27,9.740,0.00
144,43.0,-298.40,-811.12,9.150,0.00
144,44.0,-298.40,-802.03,9.090,0.00
144,45.0,-298.40,-792.47,9.560,0.00
144,46.0,-298.40,-783.32,9.150,0.00
144,47.0,-298.40,-773.20,10.120,0.00
144,48.0,-298.40,-763.27,9.930,0.00
144,49.0,-298.40,-754.27,9.000,0.00
144,50.0,-298.40,-745.21,9.050,0.00
144,51.0,-298.40,-735.87,9.350,0.00
144,52.0,-298.40,-726.69,9.180,0.00
144,53.0,-298.40,-717.06,9.630,0.00
144,54.0,-298.40,-707.79,9.260,0.00
144,55.0,-298.40,-698.17,9.620,0.00
144,56.0,-298.40,-688.55,9.620,0.00
144,57.0,-298.40,-678.39,10.160,0.00
144,58.0,-298.40,-669.27,9.120,0.00
144,59.0,-298.40,-659.31,9.960,0.00
144,60.0,-298.40,-649.40,9.910,0.00
144,61.0,-298.40,-639.70,9.710,0.00
144,62.0,-298.40,-630.18,9.510,0.00
144,63.0,-298.40,-621.01,9.170,0.00
144,64.0,-298.40,-611.10,9.910,0.00
145,0.0,-898.40,-891.70,0.000,0.00
145,1.0,-898.40,-890.00,1.700,0.00
145,2.0,-898.40,-886.13,3.870,0.00
145,3.0,-898.40,-880.59,5.540,0.00
145,4.0,-898.40,-873.61,6.980,0.00
145,5.0,-898.40,-864.69,8.920,0.00
145,6.0,-898.40,-853.81,10.870,0.00
145,7.0,-898.40,-840.90,12.910,0.00
145,8.0,-898.40,-826.02,14.890,0.00
145,9.0,-898.40,-810.32,15.690,0.00
145,10.0,-898.40,-794.73,15.600,0.00
145,11.0,-898.40,-779.01,15.720,0.00
145,12.0,-898.40,-763.89,15.120,0.00
145,13.0,-898.40,-748.56,15.330,0.00
145,14.0,-898.40,-733.50,15.060,0.00
145,15.0,-898.40,-717.87,15.630,0.00
145,16.0,-898.40,-702.16,15.710,0.00
145,17.0,-898.40,-687.05,15.110,0.00
145,18.0,-898.40,-671.90,15.150,0.00
145,19.0,-898.40,-656.17,15.740,0.00
145,20.0,-898.40,-641.18,14.980,0.00
145,21.0,-898.40,-625.40,15.780,0.00
145,22.0,-898.40,-614.12,11.280,0.00
145,23.0,-898.38,-607.06,7.070,0.23
145,24.0,-894.27,-601.81,7.400,52.43
145,25.0,-887.74,-601.60,6.540,90.00
145,26.0,-879.29,-601.60,8.450,90.00
145,27.0,-869.20,-601.60,10.090,90.00
145,28.0,-857.39,-601.60,11.810,90.00
145,29.0,-843.95,-601.60,13.450,90.00
145,30.0,-828.83,-601.60,15.110,90.00
145,31.0,-813.34,-601.60,15.500,90.00
145,32.0,-798.39,-601.60,14.940,90.00
145,33.0,-782.85,-601.60,15.550,90.00
145,34.0,-767.98,-601.60,14.870,90.00
145,35.0,-752.42,-601.60,15.560,90.00
145,36.0,-736.74,-601.60,15.680,90.00
145,37.0,-721.18,-601.60,15.560,90.00
145,38.0,-706.45,-601.60,14.730,90.00
145,39.0,-691.57,-601.60,14.880,90.00
145,40.0,-676.26,-601.60,15.310,90.00
145,41.0,-661.65,-601.60,14.610,90.00
145,42.0,-646.66,-601.60,14.990,90.00
145,43.0,-633.21,-601.60,13.450,90.00
145,44.0,-624.10,-601.60,9.110,90.00
145,45.0,-615.54,-601.60,8.560,90.00
145,46.0,-609.26,-601.60,6.280,90.00
145,47.0,-602.37,-601.60,6.890,90.00
145,48.0,-593.94,-601.60,8.430,90.00
145,49.0,-584.48,-601.60,9.460,90.00
145,50.0,-572.43,-601.60,12.050,90.00
145,51.0,-559.01,-601.60,13.420,90.00
145,52.0,-546.90,-601.60,12.110,90.00
145,53.0,-533.63,-601.60,13.280,90.00
145,54.0,-520.67,-601.60,12.960,90.00
145,55.0,-508.12,-601.60,12.540,90.00
145,56.0,-495.97,-601.60,12.150,90.00
145,57.0,-483.68,-601.60,12.300,90.00
145,58.0,-471.75,-601.60,11.920,90.00
145,59.0,-459.74,-601.60,12.010,90.00
145,60.0,-446.07,-601.60,13.670,90.00
145,61.0,-432.60,-601.60,13.470,90.00
145,62.0,-419.89,-601.60,12.710,90.00
145,63.0,-408.43,-601.60,11.460,90.00
145,64.0,-396.06,-601.60,12.370,90.00
145,65.0,-383.54,-601.60,12.520,90.00
145,66.0,-371.20,-601.60,12.350,90.00
145,67.0,-358.52,-601.60,12.670,90.00
145,68.0,-346.19,-601.60,12.340,90.00
145,69.0,-333.33,-601.60,12.860,90.00
145,70.0,-324.58,-601.60,8.750,90.00
145,71.0,-318.20,-601.60,6.370,90.00
145,72.0,-315.87,-601.60,2.340,90.00
145,73.0,-313.34,-601.60,2.530,90.00
145,74.0,-310.20,-601.60,3.140,90.00
145,75.0,-305.04,-601.60,5.150,90.00
146,0.0,312.30,-301.60,0.000,90.00
146,1.0,314.82,-301.60,2.520,90.00
146,2.0,319.55,-301.60,4.730,90.00
146,3.0,326.62,-301.60,7.080,90.00
146,4.0,335.25,-301.60,8.630,90.00
146,5.0,346.15,-301.60,10.890,90.00
146,6.0,357.84,-301.60,11.690,90.00
146,7.0,369.46,-301.60,11.630,90.00
146,8.0,380.77,-301.60,11.310,90.00
146,9.0,392.30,-301.60,11.530,90.00
146,10.0,404.26,-301.60,11.960,90.00
146,11.0,416.49,-301.60,12.230,90.00
146,12.0,427.55,-301.60,11.060,90.00
146,13.0,439.37,-301.60,11.820,90.00
146,14.0,450.87,-301.60,11.490,90.00
146,15.0,462.64,-301.60,11.770,90.00
146,16.0,474.26,-301.60,11.630,90.00
146,17.0,486.18,-301.60,11.920,90.00
146,18.0,497.43,-301.60,11.250,90.00
146,19.0,509.50,-301.60,12.070,90.00
146,20.0,521.71,-301.60,12.200,90.00
146,21.0,533.00,-301.60,11.300,90.00
146,22.0,545.03,-301.60,12.030,90.00
146,23.0,557.29,-301.60,12.260,90.00
146,24.0,568.39,-301.60,11.090,90.00
146,25.0,580.11,-301.60,11.730,90.00
146,26.0,588.05,-301.60,7.940,90.00
146,27.0,591.98,-301.60,3.930,90.00
146,28.0,597.50,-300.54,5.700,77.57
146,29.0,601.27,-295.10,6.980,25.08
146,30.0,601.60,-288.33,6.790,0.86
146,31.0,601.60,-278.99,9.350,0.00
146,32.0,601.60,-267.28,11.710,0.00
146,33.0,601.60,-255.25,12.030,0.00
146,34.0,601.60,-243.44,11.810,0.00
146,35.0,601.60,-231.58,11.860,0.00
146,36.0,601.60,-220.10,11.480,0.00
146,37.0,601.60,-207.93,12.170,0.00
146,38.0,601.60,-196.38,11.550,0.00
146,39.0,601.60,-184.53,11.850,0.00
146,40.0,601.60,-172.99,11.550,0.00
146,41.0,601.60,-161.83,11.160,0.00
146,42.0,601.60,-150.57,11.250,0.00
146,43.0,601.60,-138.40,12.170,0.00
146,44.0,601.60,-126.85,11.550,0.00
146,45.0,601.60,-115.00,11.840,0.00
146,46.0,601.60,-103.37,11.630,0.00
146,47.0,601.60,-91.93,11.440,0.00
146,48.0,601.60,-79.81,12.110,0.00
146,49.0,601.60,-67.65,12.170,0.00
146,50.0,601.60,-56.56,11.090,0.00
146,51.0,601.60,-44.68,11.880,0.00
146,52.0,601.60,-32.41,12.270,0.00
146,53.0,601.60,-21.00,11.410,0.00
146,54.0,601.60,-9.86,11.130,0.00
146,55.0,601.60,2.30,12.160,0.00
146,56.0,601.60,14.59,12.290,0.00
146,57.0,601.60,26.85,12.260,0.00
146,58.0,601.60,38.91,12.060,0.00
146,59.0,601.60,50.00,11.090,0.00
146,60.0,601.60,62.06,12.060,0.00
146,61.0,601.60,73.27,11.210,0.00
146,62.0,601.60,85.48,12.210,0.00
146,63.0,601.60,97.34,11.870,0.00
146,64.0,601.60,109.53,12.190,0.00
146,65.0,601.60,120.67,11.140,0.00
146,66.0,601.60,132.69,12.020,0.00
146,67.0,601.60,143.88,11.180,0.00
146,68.0,601.60,156.07,12.190,0.00
146,69.0,601.60,168.16,12.090,0.00
146,70.0,601.60,179.67,11.510,0.00
146,71.0,601.60,191.97,12.300,0.00
146,72.0,601.60,203.66,11.690,0.00
146,73.0,601.60,214.88,11.220,0.00
147,0.0,601.60,-887.70,0.000,0.00
147,1.0,601.60,-886.37,1.330,0.00
147,2.0,601.60,-883.42,2.950,0.00
147,3.0,601.60,-878.55,4.870,0.00
147,4.0,601.60,-871.79,6.750,0.00
147,5.0,601.60,-863.07,8.720,0.00
147,6.0,601.60,-852.67,10.410,0.00
147,7.0,601.60,-840.15,12.520,0.00
147,8.0,601.60,-827.13,13.020,0.00
147,9.0,601.60,-813.72,13.410,0.00
147,10.0,601.60,-800.38,13.330,0.00
147,11.0,601.60,-787.73,12.660,0.00
147,12.0,601.60,-774.08,13.650,0.00
147,13.0,601.60,-760.17,13.910,0.00
147,14.0,601.60,-747.23,12.940,0.00
147,15.0,601.60,-734.07,13.160,0.00
147,16.0,601.60,-720.91,13.160,0.00
147,17.0,601.60,-707.59,13.310,0.00
147,18.0,601.60,-694.00,13.590,0.00
147,19.0,601.60,-680.46,13.540,0.00
147,20.0,601.60,-667.46,13.000,0.00
147,21.0,601.60,-654.25,13.210,0.00
147,22.0,601.60,-641.41,12.840,0.00
147,23.0,601.60,-628.67,12.740,0.00
147,24.0,601.60,-616.00,12.670,0.00
147,25.0,601.60,-602.28,13.710,0.00
147,26.0,601.60,-589.55,12.730,0.00
147,27.0,601.60,-575.81,13.740,0.00
147,28.0,601.60,-562.56,13.250,0.00
147,29.0,601.60,-548.77,13.790,0.00
147,30.0,601.60,-535.11,13.650,0.00
147,31.0,601.60,-522.11,13.010,0.00
147,32.0,601.60,-509.35,12.760,0.00
147,33.0,601.60,-496.54,12.810,0.00
147,34.0,601.60,-482.66,13.880,0.00
147,35.0,601.60,-469.59,13.060,0.00
147,36.0,601.60,-456.55,13.050,0.00
147,37.0,601.60,-443.62,12.920,0.00
147,38.0,601.60,-430.74,12.890,0.00
147,39.0,601.60,-417.76,12.970,0.00
147,40.0,601.60,-404.65,13.110,0.00
147,41.0,601.60,-390.83,13.820,0.00
147,42.0,601.60,-377.44,13.390,0.00
147,43.0,601.60,-363.94,13.500,0.00
147,44.0,601.60,-350.86,13.080,0.00
147,45.0,601.60,-337.09,13.770,0.00
147,46.0,601.60,-323.65,13.430,0.00
147,47.0,601.60,-310.29,13.360,0.00
147,48.0,601.60,-296.95,13.340,0.00
147,49.0,601.60,-283.22,13.740,0.00
147,50.0,601.60,-269.81,13.400,0.00
147,51.0,601.60,-256.79,13.030,0.00
147,52.0,601.60,-243.73,13.060,0.00
147,53.0,601.60,-230.15,13.580,0.00
147,54.0,601.60,-217.36,12.790,0.00
147,55.0,601.60,-204.22,13.150,0.00
147,56.0,601.60,-190.60,13.620,0.00
147,57.0,601.60,-177.04,13.560,0.00
147,58.0,601.60,-163.24,13.800,0.00
147,59.0,601.60,-150.14,13.100,0.00
147,60.0,601.60,-137.31,12.830,0.00
147,61.0,601.60,-123.99,13.320,0.00
147,62.0,601.60,-110.45,13.540,0.00
147,63.0,601.60,-96.75,13.700,0.00
147,64.0,601.60,-83.07,13.680,0.00
147,65.0,601.60,-69.58,13.490,0.00
147,66.0,601.60,-56.50,13.090,0.00
147,67.0,601.60,-43.50,13.000,0.00
147,68.0,601.60,-30.42,13.080,0.00
147,69.0,601.60,-17.61,12.810,0.00
147,70.0,601.60,-4.37,13.240,0.00
147,71.0,601.60,9.46,13.830,0.00
147,72.0,601.60,22.44,12.980,0.00
148,0.0,-12.30,-898.40,0.000,270.00
148,1.0,-14.23,-898.40,1.930,270.00
148,2.0,-18.16,-898.40,3.930,270.00
148,3.0,-23.76,-898.40,5.590,270.00
148,4.0,-31.00,-898.40,7.240,270.00
148,5.0,-39.79,-898.40,8.800,270.00
148,6.0,-50.61,-898.40,10.820,270.00
148,7.0,-62.90,-898.40,12.290,270.00
148,8.0,-75.92,-898.40,13.010,270.00
148,9.0,-88.73,-898.40,12.810,270.00
148,10.0,-102.09,-898.40,13.370,270.00
148,11.0,-115.16,-898.40,13.060,270.00
148,12.0,-128.03,-898.40,12.880,270.00
148,13.0,-140.03,-898.40,11.990,270.00
148,14.0,-151.57,-898.40,11.550,270.00
148,15.0,-161.65,-898.40,10.080,270.00
148,16.0,-172.68,-898.40,11.030,270.00
148,17.0,-183.27,-898.40,10.590,270.00
148,18.0,-193.89,-898.40,10.620,270.00
148,19.0,-203.66,-898.40,9.770,270.00
148,20.0,-213.83,-898.40,10.170,270.00
148,21.0,-222.61,-898.40,8.780,270.00
148,22.0,-231.87,-898.40,9.260,270.00
148,23.0,-241.56,-898.40,9.680,270.00
148,24.0,-250.45,-898.40,8.890,270.00
148,25.0,-260.78,-898.40,10.330,270.00
148,26.0,-271.51,-898.40,10.730,270.00
148,27.0,-280.43,-898.40,8.920,270.00
148,28.0,-285.42,-898.40,4.990,270.00
148,29.0,-289.80,-898.40,4.380,270.00
148,30.0,-294.25,-898.40,4.450,270.00
148,31.0,-300.40,-898.40,6.150,270.00
148,32.0,-307.88,-898.40,7.480,270.00
148,33.0,-317.26,-898.40,9.380,270.00
148,34.0,-328.96,-898.40,11.700,270.00
148,35.0,-341.67,-898.40,12.710,270.00
148,36.0,-354.70,-898.40,13.030,270.00
148,37.0,-367.61,-898.40,12.910,270.00
148,38.0,-380.94,-898.40,13.330,270.00
148,39.0,-393.99,-898.40,13.050,270.00
148,40.0,-406.96,-898.40,12.970,270.00
148,41.0,-419.84,-898.40,12.880,270.00
148,42.0,-432.35,-898.40,12.520,270.00
148,43.0,-444.52,-898.40,12.170,270.00
148,44.0,-457.12,-898.40,12.590,270.00
148,45.0,-470.42,-898.40,13.310,270.00
148,46.0,-482.81,-898.40,12.380,270.00
148,47.0,-495.55,-898.40,12.750,270.00
148,48.0,-508.08,-898.40,12.530,270.00
148,49.0,-520.39,-898.40,12.310,270.00
148,50.0,-532.98,-898.40,12.590,270.00
148,51.0,-546.00,-898.40,13.020,270.00
148,52.0,-558.34,-898.40,12.340,270.00
148,53.0,-571.73,-898.40,13.390,270.00
148,54.0,-584.27,-898.40,12.550,270.00
148,55.0,-597.49,-898.40,13.220,270.00
148,56.0,-610.46,-898.40,12.970,270.00
148,57.0,-623.06,-898.40,12.600,270.00
148,58.0,-635.75,-898.40,12.690,270.00
148,59.0,-649.17,-898.40,13.420,270.00
148,60.0,-662.27,-898.40,13.110,270.00
148,61.0,-674.97,-898.40,12.700,270.00
148,62.0,-687.83,-898.40,12.860,270.00
148,63.0,-700.51,-898.40,12.680,270.00
148,64.0,-713.74,-898.40,13.230,270.00
148,65.0,-725.96,-898.40,12.210,270.00
148,66.0,-739.25,-898.40,13.290,270.00
148,67.0,-752.65,-898.40,13.410,270.00
148,68.0,-764.84,-898.40,12.190,270.00
148,69.0,-778.06,-898.40,13.220,270.00
148,70.0,-791.42,-898.40,13.360,270.00
148,71.0,-804.00,-898.40,12.580,270.00
149,0.0,-898.40,312.30,0.000,0.00
149,1.0,-898.40,314.53,2.230,0.00
149,2.0,-898.40,318.35,3.820,0.00
149,3.0,-898.40,323.97,5.620,0.00
149,4.0,-898.40,331.13,7.160,0.00
149,5.0,-898.40,339.84,8.710,0.00
149,6.0,-898.40,350.32,10.480,0.00
149,7.0,-898.40,362.92,12.600,0.00
149,8.0,-898.40,376.36,13.440,0.00
149,9.0,-898.40,390.66,14.300,0.00
149,10.0,-898.40,404.58,13.920,0.00
149,11.0,-898.40,418.98,14.390,0.00
149,12.0,-898.40,432.85,13.870,0.00
149,13.0,-898.40,446.69,13.840,0.00
149,14.0,-898.40,459.85,13.160,0.00
149,15.0,-898.40,473.73,13.880,0.00
149,16.0,-898.40,487.93,14.200,0.00
149,17.0,-898.40,502.07,14.140,0.00
149,18.0,-898.40,515.60,13.540,0.00
149,19.0,-898.40,529.16,13.560,0.00
149,20.0,-898.40,543.45,14.280,0.00
149,21.0,-898.40,557.37,13.930,0.00
149,22.0,-898.40,571.49,14.110,0.00
149,23.0,-898.40,584.66,13.180,0.00
149,24.0,-898.40,598.72,14.060,0.00
149,25.0,-898.40,612.86,14.140,0.00
149,26.0,-898.40,626.18,13.310,0.00
149,27.0,-898.40,639.34,13.170,0.00
149,28.0,-898.40,653.44,14.100,0.00
149,29.0,-898.40,667.69,14.240,0.00
149,30.0,-898.40,682.12,14.430,0.00
149,31.0,-898.40,695.39,13.270,0.00
149,32.0,-898.40,709.08,13.700,0.00
149,33.0,-898.40,723.00,13.920,0.00
149,34.0,-898.40,736.81,13.810,0.00
149,35.0,-898.40,750.08,13.270,0.00
149,36.0,-898.40,763.93,13.850,0.00
149,37.0,-898.40,777.50,13.570,0.00
149,38.0,-898.40,791.69,14.190,0.00
149,39.0,-898.40,805.53,13.840,0.00
149,40.0,-898.40,819.36,13.830,0.00
149,41.0,-898.40,833.35,13.990,0.00
149,42.0,-898.40,846.91,13.560,0.00
149,43.0,-898.40,860.42,13.510,0.00
149,44.0,-898.40,874.77,14.350,0.00
149,45.0,-898.40,887.11,12.340,0.00
149,46.0,-898.40,894.95,7.840,0.00
149,47.0,-897.83,898.10,3.340,6.76
149,48.0,-894.64,898.40,3.250,63.69
149,49.0,-888.91,898.40,5.730,90.00
149,50.0,-881.31,898.40,7.600,90.00
149,51.0,-871.75,898.40,9.560,90.00
149,52.0,-860.82,898.40,10.930,90.00
149,53.0,-847.73,898.40,13.090,90.00
149,54.0,-833.35,898.40,14.380,90.00
149,55.0,-820.06,898.40,13.280,90.00
149,56.0,-806.07,898.40,14.000,90.00
149,57.0,-791.71,898.40,14.360,90.00
149,58.0,-777.52,898.40,14.190,90.00
149,59.0,-763.54,898.40,13.980,90.00
149,60.0,-749.92,898.40,13.620,90.00
149,61.0,-736.02,898.40,13.900,90.00
149,62.0,-721.65,898.40,14.370,90.00
149,63.0,-707.87,898.40,13.780,90.00
149,64.0,-694.40,898.40,13.470,90.00
149,65.0,-680.27,898.40,14.130,90.00
149,66.0,-666.59,898.40,13.680,90.00
149,67.0,-653.20,898.40,13.390,90.00
149,68.0,-638.78,898.40,14.420,90.00
149,69.0,-625.56,898.40,13.220,90.00
149,70.0,-611.43,898.40,14.140,90.00
15,0.0,598.40,-12.30,0.000,180.00
15,1.0,598.40,-14.22,1.920,180.00
15,2.0,598.40,-18.00,3.780,180.00
15,3.0,598.40,-24.37,6.370,180.00
15,4.0,598.40,-32.10,7.730,180.00
15,5.0,598.40,-41.90,9.800,180.00
15,6.0,598.40,-53.08,11.180,180.00
15,7.0,598.40,-64.67,11.590,180.00
15,8.0,598.40,-77.30,12.630,180.00
15,9.0,598.40,-88.92,11.620,180.00
15,10.0,598.40,-101.46,12.540,180.00
15,11.0,598.40,-114.25,12.790,180.00
15,12.0,598.40,-127.01,12.760,180.00
15,13.0,598.40,-138.75,11.740,180.00
15,14.0,598.40,-150.72,11.980,180.00
15,15.0,598.40,-163.56,12.840,180.00
15,16.0,598.40,-175.25,11.690,180.00
15,17.0,598.40,-187.42,12.170,180.00
15,18.0,598.40,-199.82,12.400,180.00
15,19.0,598.40,-211.76,11.940,180.00
15,20.0,598.40,-224.53,12.760,180.00
15,21.0,598.40,-237.25,12.720,180.00
15,22.0,598.40,-248.94,11.690,180.00
15,23.0,598.40,-260.96,12.020,180.00
15,24.0,598.40,-272.55,11.590,180.00
15,25.0,598.40,-284.82,12.270,180.00
15,26.0,598.40,-292.58,7.770,180.00
15,27.0,596.90,-297.06,4.850,198.01
15,28.0,591.35,-298.40,5.840,259.37
15,29.0,584.18,-298.40,7.170,270.00
15,30.0,575.51,-298.40,8.670,270.00
15,31.0,564.35,-298.40,11.150,270.00
15,32.0,552.62,-298.40,11.730,270.00
15,33.0,539.98,-298.40,12.640,270.00
15,34.0,528.29,-298.40,11.700,270.00
15,35.0,516.56,-298.40,11.730,270.00
15,36.0,504.22,-298.40,12.340,270.00
15,37.0,492.18,-298.40,12.040,270.00
15,38.0,480.20,-298.40,11.980,270.00
15,39.0,467.63,-298.40,12.570,270.00
15,40.0,455.41,-298.40,12.230,270.00
15,41.0,443.21,-298.40,12.190,270.00
15,42.0,431.47,-298.40,11.740,270.00
15,43.0,418.82,-298.40,12.650,270.00
15,44.0,406.18,-298.40,12.640,270.00
15,45.0,394.59,-298.40,11.580,270.00
15,46.0,382.30,-298.40,12.290,270.00
15,47.0,369.64,-298.40,12.670,270.00
15,48.0,357.67,-298.40,11.970,270.00
15,49.0,346.00,-298.40,11.670,270.00
15,50.0,333.94,-298.40,12.060,270.00
15,51.0,321.99,-298.40,11.950,270.00
15,52.0,313.16,-298.40,8.830,270.00
15,53.0,308.70,-298.40,4.460,270.00
15,54.0,307.34,-298.40,1.360,270.00
15,55.0,307.32,-298.40,0.020,270.00
15,56.0,307.30,-298.40,0.010,270.00
15,57.0,307.30,-298.40,0.000,270.00
15,58.0,305.50,-298.16,1.820,272.79
15,59.0,302.58,-296.30,3.620,295.56
15,60.0,301.60,-290.96,5.540,351.83
15,61.0,301.60,-283.26,7.700,0.00
15,62.0,301.60,-273.05,10.200,0.00
15,63.0,301.60,-260.44,12.620,0.00
15,64.0,301.60,-247.79,12.650,0.00
15,65.0,301.60,-235.99,11.800,0.00
15,66.0,301.60,-224.02,11.970,0.00
15,67.0,301.60,-211.56,12.460,0.00
15,68.0,301.60,-199.51,12.050,0.00
15,69.0,301.60,-187.45,12.060,0.00
15,70.0,301.60,-175.39,12.060,0.00
15,71.0,301.60,-163.50,11.890,0.00
15,72.0,301.60,-151.28,12.230,0.00
15,73.0,301.60,-139.46,11.810,0.00
15,74.0,301.60,-126.74,12.720,0.00
15,75.0,301.60,-115.13,11.610,0.00
15,76.0,301.60,-102.83,12.300,0.00
15,77.0,301.60,-90.41,12.430,0.00
15,78.0,301.60,-77.80,12.610,0.00
15,79.0,301.60,-65.73,12.070,0.00
15,80.0,301.60,-53.38,12.360,0.00
15,81.0,301.60,-40.90,12.470,0.00
15,82.0,301.60,-29.09,11.810,0.00
15,83.0,301.60,-17.25,11.840,0.00
15,84.0,301.60,-4.97,12.280,0.00
15,85.0,301.60,6.82,11.790,0.00
15,86.0,301.60,19.12,12.290,0.00
15,87.0,301.60,31.22,12.100,0.00
15,88.0,301.60,44.02,12.810,0.00
15,89.0,301.60,56.78,12.750,0.00
15,90.0,301.60,69.28,12.500,0.00
15,91.0,301.60,81.06,11.780,0.00
15,92.0,301.60,93.06,12.000,0.00
15,93.0,301.60,105.46,12.400,0.00
15,94.0,301.60,117.06,11.600,0.00
15,95.0,301.60,129.89,12.830,0.00
15,96.0,301.60,142.73,12.840,0.00
15,97.0,301.60,154.35,11.620,0.00
15,98.0,301.60,166.13,11.780,0.00
15,99.0,301.60,178.47,12.340,0.00
15,100.0,301.60,190.34,11.860,0.00
15,101.0,301.60,202.61,12.270,0.00
15,102.0,301.60,214.73,12.120,0.00
15,103.0,301.60,226.99,12.260,0.00
15,104.0,301.60,239.00,12.010,0.00
15,105.0,301.60,251.80,12.800,0.00
15,106.0,301.60,263.91,12.110,0.00
15,107.0,301.60,276.78,12.870,0.00
15,108.0,301.60,289.14,12.370,0.00
15,109.0,301.60,301.24,12.100,0.00
15,110.0,301.60,313.93,12.690,0.00
15,111.0,301.60,326.12,12.200,0.00
15,112.0,301.60,337.94,11.810,0.00
15,113.0,301.60,349.66,11.720,0.00
15,114.0,301.60,361.55,11.890,0.00
15,115.0,301.60,373.33,11.780,0.00
15,116.0,301.60,385.46,12.120,0.00
15,117.0,301.60,397.71,12.250,0.00
15,118.0,301.60,410.55,12.840,0.00
15,119.0,301.60,422.32,11.760,0.00
15,120.0,301.60,434.47,12.150,0.00
15,121.0,301.60,447.19,12.720,0.00
15,122.0,301.60,459.96,12.770,0.00
15,123.0,301.60,471.81,11.840,0.00
15,124.0,301.60,483.39,11.580,0.00
15,125.0,301.60,495.89,12.500,0.00
15,126.0,301.60,508.68,12.790,0.00
15,127.0,301.60,520.29,11.620,0.00
15,128.0,301.60,531.90,11.610,0.00
15,129.0,301.60,544.03,12.130,0.00
15,130.0,301.60,556.35,12.320,0.00
15,131.0,301.60,569.21,12.860,0.00
15,132.0,301.60,582.00,12.800,0.00
15,133.0,301.60,594.80,12.800,0.00
15,134.0,301.60,607.58,12.780,0.00
15,135.0,301.60,619.43,11.840,0.00
15,136.0,301.60,632.07,12.640,0.00
15,137.0,301.60,644.71,12.650,0.00
15,138.0,301.60,656.44,11.730,0.00
15,139.0,301.60,668.33,11.880,0.00
15,140.0,301.60,680.92,12.600,0.00
15,141.0,301.60,693.53,12.600,0.00
15,142.0,301.60,705.43,11.900,0.00
15,143.0,301.60,718.17,12.750,0.00
15,144.0,301.60,730.21,12.030,0.00
15,145.0,301.60,741.98,11.770,0.00
15,146.0,301.60,754.20,12.220,0.00
15,147.0,301.60,766.54,12.340,0.00
15,148.0,301.60,778.19,11.650,0.00
15,149.0,301.60,790.55,12.360,0.00
15,150.0,301.60,802.54,11.990,0.00
15,151.0,301.60,815.38,12.840,0.00
15,152.0,301.60,827.22,11.840,0.00
15,153.0,301.60,839.72,12.490,0.00
15,154.0,301.60,852.03,12.310,0.00
15,155.0,301.60,864.14,12.110,0.00
15,156.0,301.60,876.15,12.010,0.00
15,157.0,301.60,885.18,9.030,0.00
15,158.0,301.60,890.44,5.260,0.00
15,159.0,301.60,892.49,2.050,0.00
15,160.0,301.60,892.64,0.150,0.00
15,161.0,301.60,892.68,0.050,0.00
15,162.0,301.60,892.70,0.010,0.00
15,163.0,301.60,892.70,0.000,0.00
15,164.0,301.60,892.70,0.000,0.00
15,165.0,301.60,892.70,0.000,0.00
15,166.0,301.60,892.70,0.000,0.00
15,167.0,301.60,892.70,0.000,0.00
15,168.0,301.60,892.70,0.000,0.00
15,169.0,301.60,892.70,0.000,0.00
15,170.0,301.60,892.70,0.000,0.00
15,171.0,301.60,892.70,0.000,0.00
15,172.0,301.60,892.70,0.000,0.00
15,173.0,301.60,892.70,0.000,0.00
15,174.0,301.60,892.70,0.000,0.00
15,175.0,301.60,892.70,0.000,0.00
15,176.0,301.60,892.70,0.000,0.00
15,177.0,301.60,892.70,0.000,0.00
15,178.0,301.60,892.70,0.000,0.00
15,179.0,301.60,892.70,0.000,0.00
15,180.0,301.60,892.70,0.000,0.00
15,181.0,301.60,892.70,0.000,0.00
15,182.0,301.60,892.70,0.000,0.00
15,183.0,301.81,894.26,1.580,2.40
15,184.0,303.26,897.16,3.340,20.15
15,185.0,308.57,898.40,5.580,78.89
15,186.0,316.29,898.40,7.720,90.00
15,187.0,325.78,898.40,9.500,90.00
15,188.0,336.72,898.40,10.940,90.00
15,189.0,349.33,898.40,12.610,90.00
15,190.0,361.87,898.40,12.540,90.00
15,191.0,374.14,898.40,12.270,90.00
15,192.0,385.84,898.40,11.700,90.00
15,193.0,398.42,898.40,12.580,90.00
15,194.0,410.22,898.40,11.800,90.00
15,195.0,422.76,898.40,12.540,90.00
15,196.0,435.48,898.40,12.710,90.00
15,197.0,447.12,898.40,11.650,90.00
15,198.0,459.48,898.40,12.350,90.00
15,199.0,471.80,898.40,12.330,90.00
15,200.0,483.70,898.40,11.890,90.00
15,201.0,496.27,898.40,12.580,90.00
15,202.0,507.97,898.40,11.690,90.00
15,203.0,519.82,898.40,11.860,90.00
15,204.0,532.18,898.40,12.360,90.00
15,205.0,544.63,898.40,12.450,90.00
15,206.0,557.42,898.40,12.790,90.00
15,207.0,569.53,898.40,12.110,90.00
15,208.0,581.76,898.40,12.230,90.00
150,0.0,887.70,-598.40,0.000,270.00
150,1.0,885.60,-598.40,2.100,270.00
150,2.0,880.90,-598.40,4.700,270.00
150,3.0,874.02,-598.40,6.880,270.00
150,4.0,865.14,-598.40,8.880,270.00
150,5.0,853.97,-598.40,11.170,270.00
150,6.0,841.65,-598.40,12.320,270.00
150,7.0,828.93,-598.40,12.720,270.00
150,8.0,816.37,-598.40,12.560,270.00
150,9.0,803.99,-598.40,12.370,270.00
150,10.0,791.86,-598.40,12.130,270.00
150,11.0,779.47,-598.40,12.400,270.00
150,12.0,767.02,-598.40,12.450,270.00
150,13.0,754.90,-598.40,12.110,270.00
150,14.0,742.26,-598.40,12.640,270.00
150,15.0,729.13,-598.40,13.130,270.00
150,16.0,716.46,-598.40,12.670,270.00
150,17.0,703.52,-598.40,12.940,270.00
150,18.0,690.23,-598.40,13.290,270.00
150,19.0,677.70,-598.40,12.530,270.00
150,20.0,664.75,-598.40,12.950,270.00
150,21.0,651.53,-598.40,13.220,270.00
150,22.0,639.01,-598.40,12.520,270.00
150,23.0,626.54,-598.40,12.470,270.00
150,24.0,616.08,-598.40,10.460,270.00
150,25.0,610.12,-598.40,5.960,270.00
150,26.0,602.48,-598.40,7.630,270.00
150,27.0,593.06,-598.40,9.420,270.00
150,28.0,581.54,-598.40,11.530,270.00
150,29.0,568.98,-598.40,12.560,270.00
150,30.0,556.71,-598.40,12.270,270.00
150,31.0,544.45,-598.40,12.260,270.00
150,32.0,532.05,-598.40,12.400,270.00
150,33.0,519.01,-598.40,13.040,270.00
150,34.0,506.20,-598.40,12.810,270.00
150,35.0,494.05,-598.40,12.150,270.00
150,36.0,481.24,-598.40,12.800,270.00
150,37.0,467.97,-598.40,13.270,270.00
150,38.0,454.99,-598.40,12.980,270.00
150,39.0,441.78,-598.40,13.210,270.00
150,40.0,428.41,-598.40,13.370,270.00
150,41.0,415.23,-598.40,13.180,270.00
150,42.0,402.33,-598.40,12.910,270.00
150,43.0,389.24,-598.40,13.080,270.00
150,44.0,376.39,-598.40,12.860,270.00
150,45.0,363.43,-598.40,12.960,270.00
150,46.0,350.20,-598.40,13.230,270.00
150,47.0,337.85,-598.40,12.350,270.00
150,48.0,325.63,-598.40,12.220,270.00
150,49.0,315.44,-598.40,10.190,270.00
150,50.0,309.76,-598.40,5.690,270.00
150,51.0,302.00,-598.40,7.760,270.00
150,52.0,291.73,-598.40,10.270,270.00
150,53.0,279.66,-598.40,12.070,270.00
150,54.0,267.56,-598.40,12.100,270.00
150,55.0,255.08,-598.40,12.480,270.00
150,56.0,242.35,-598.40,12.730,270.00
150,57.0,229.73,-598.40,12.620,270.00
150,58.0,216.80,-598.40,12.940,270.00
150,59.0,204.07,-598.40,12.730,270.00
150,60.0,191.20,-598.40,12.870,270.00
150,61.0,178.89,-598.40,12.310,270.00
150,62.0,165.92,-598.40,12.970,270.00
150,63.0,152.90,-598.40,13.020,270.00
150,64.0,140.75,-598.40,12.150,270.00
150,65.0,127.64,-598.40,13.110,270.00
150,66.0,115.00,-598.40,12.640,270.00
150,67.0,101.64,-598.40,13.360,270.00
150,68.0,89.47,-598.40,12.180,270.00
150,69.0,76.87,-598.40,12.590,270.00
151,0.0,601.60,312.30,0.000,0.00
151,1.0,601.60,313.66,1.360,0.00
151,2.0,601.60,317.40,3.740,0.00
151,3.0,601.60,323.48,6.080,0.00
151,4.0,601.60,331.47,7.990,0.00
151,5.0,601.60,341.63,10.160,0.00
151,6.0,601.60,354.05,12.420,0.00
151,7.0,601.60,367.25,13.200,0.00
151,8.0,601.60,380.63,13.380,0.00
151,9.0,601.60,394.02,13.390,0.00
151,10.0,601.60,407.75,13.730,0.00
151,11.0,601.60,421.37,13.610,0.00
151,12.0,601.60,434.55,13.180,0.00
151,13.0,601.60,448.30,13.750,0.00
151,14.0,601.60,461.99,13.680,0.00
151,15.0,601.60,474.67,12.680,0.00
151,16.0,601.60,487.83,13.160,0.00
151,17.0,601.60,500.56,12.730,0.00
151,18.0,601.60,514.15,13.590,0.00
151,19.0,601.60,526.90,12.750,0.00
151,20.0,601.60,540.61,13.710,0.00
151,21.0,601.60,553.27,12.660,0.00
151,22.0,601.60,566.06,12.790,0.00
151,23.0,601.60,579.07,13.010,0.00
151,24.0,601.60,587.57,8.510,0.00
151,25.0,601.60,592.77,5.190,0.00
151,26.0,599.64,594.22,2.760,332.09
151,27.0,598.40,591.20,3.540,223.09
151,28.0,598.40,585.07,6.130,180.00
151,29.0,598.40,576.82,8.250,180.00
151,30.0,598.40,566.51,10.310,180.00
151,31.0,598.40,554.29,12.210,180.00
151,32.0,598.40,541.39,12.910,180.00
151,33.0,598.40,528.09,13.290,180.00
151,34.0,598.40,514.28,13.810,180.00
151,35.0,598.40,500.58,13.700,180.00
151,36.0,598.40,487.43,13.140,180.00
151,37.0,598.40,474.15,13.280,180.00
151,38.0,598.40,461.14,13.020,180.00
151,39.0,598.40,447.26,13.880,180.00
151,40.0,598.40,434.25,13.010,180.00
151,41.0,598.40,420.99,13.260,180.00
151,42.0,598.40,408.16,12.830,180.00
151,43.0,598.40,395.33,12.830,180.00
151,44.0,598.40,382.44,12.890,180.00
151,45.0,598.40,369.26,13.190,180.00
151,46.0,598.40,355.50,13.750,180.00
151,47.0,598.40,342.73,12.770,180.00
151,48.0,598.40,329.57,13.160,180.00
151,49.0,598.40,316.73,12.840,180.00
151,50.0,598.40,303.45,13.280,180.00
151,51.0,598.40,290.17,13.280,180.00
151,52.0,598.40,276.30,13.870,180.00
151,53.0,598.40,263.55,12.750,180.00
151,54.0,598.40,250.43,13.120,180.00
151,55.0,598.40,237.16,13.260,180.00
151,56.0,598.40,224.25,12.920,180.00
151,57.0,598.40,211.39,12.850,180.00
151,58.0,598.40,198.58,12.820,180.00
151,59.0,598.40,185.50,13.070,180.00
151,60.0,598.40,171.61,13.900,180.00
151,61.0,598.40,158.14,13.470,180.00
151,62.0,598.40,144.82,13.320,180.00
151,63.0,598.40,131.23,13.590,180.00
151,64.0,598.40,117.89,13.340,180.00
151,65.0,598.40,104.60,13.300,180.00
151,66.0,598.40,90.67,13.920,180.00
151,67.0,598.40,77.44,13.240,180.00
152,0.0,-598.40,-587.70,0.000,0.00
152,1.0,-598.40,-586.17,1.530,0.00
152,2.0,-598.40,-583.07,3.100,0.00
152,3.0,-598.40,-578.26,4.810,0.00
152,4.0,-598.40,-571.48,6.780,0.00
152,5.0,-598.40,-563.10,8.380,0.00
152,6.0,-598.40,-553.40,9.700,0.00
152,7.0,-598.40,-541.65,11.750,0.00
152,8.0,-598.40,-528.40,13.250,0.00
152,9.0,-598.40,-513.87,14.530,0.00
152,10.0,-598.40,-499.32,14.550,0.00
152,11.0,-598.40,-484.73,14.600,0.00
152,12.0,-598.40,-471.11,13.620,0.00
152,13.0,-598.40,-456.26,14.850,0.00
152,14.0,-598.40,-441.43,14.840,0.00
152,15.0,-598.40,-427.67,13.750,0.00
152,16.0,-598.40,-413.64,14.030,0.00
152,17.0,-598.40,-399.23,14.410,0.00
152,18.0,-598.40,-385.11,14.120,0.00
152,19.0,-598.40,-370.62,14.490,0.00
152,20.0,-598.40,-356.42,14.200,0.00
152,21.0,-598.40,-342.03,14.390,0.00
152,22.0,-598.40,-328.43,13.600,0.00
152,23.0,-598.40,-316.79,11.640,0.00
152,24.0,-598.40,-309.16,7.620,0.00
152,25.0,-599.04,-306.24,3.120,352.38
152,26.0,-599.09,-306.16,0.090,351.75
152,27.0,-599.12,-306.12,0.050,351.42
152,28.0,-599.14,-306.09,0.030,351.20
152,29.0,-599.14,-306.09,0.010,351.16
152,30.0,-600.98,-306.27,2.220,312.59
152,31.0,-601.60,-309.15,3.070,214.68
152,32.0,-601.60,-313.69,4.540,180.00
152,33.0,-601.60,-320.29,6.600,180.00
152,34.0,-601.60,-329.14,8.850,180.00
152,35.0,-601.60,-340.34,11.200,180.00
152,36.0,-601.60,-353.86,13.530,180.00
152,37.0,-601.60,-367.64,13.780,180.00
152,38.0,-601.60,-381.91,14.270,180.00
152,39.0,-601.60,-396.38,14.460,180.00
152,40.0,-601.60,-410.43,14.050,180.00
152,41.0,-601.60,-424.91,14.480,180.00
152,42.0,-601.60,-438.78,13.870,180.00
152,43.0,-601.60,-453.38,14.600,180.00
152,44.0,-601.60,-467.26,13.880,180.00
152,45.0,-601.60,-481.70,14.440,180.00
152,46.0,-601.60,-496.14,14.440,180.00
152,47.0,-601.60,-510.09,13.950,180.00
152,48.0,-601.60,-524.03,13.940,180.00
152,49.0,-601.60,-538.33,14.300,180.00
152,50.0,-601.60,-552.75,14.420,180.00
152,51.0,-601.60,-566.45,13.700,180.00
152,52.0,-601.60,-580.48,14.040,180.00
152,53.0,-601.60,-594.28,13.790,180.00
152,54.0,-601.60,-608.02,13.740,180.00
152,55.0,-601.60,-621.98,13.960,180.00
152,56.0,-601.60,-635.74,13.750,180.00
152,57.0,-601.60,-649.52,13.790,180.00
152,58.0,-601.60,-663.77,14.250,180.00
152,59.0,-601.60,-677.93,14.160,180.00
152,60.0,-601.60,-692.66,14.730,180.00
152,61.0,-601.60,-706.80,14.140,180.00
152,62.0,-601.60,-720.96,14.170,180.00
152,63.0,-601.60,-735.85,14.880,180.00
152,64.0,-601.60,-750.52,14.670,180.00
152,65.0,-601.60,-765.17,14.650,180.00
152,66.0,-601.60,-779.75,14.580,180.00
153,0.0,-287.70,-601.60,0.000,90.00
153,1.0,-285.47,-601.60,2.230,90.00
153,2.0,-281.22,-601.60,4.250,90.00
153,3.0,-274.47,-601.60,6.750,90.00
153,4.0,-265.77,-601.60,8.700,90.00
153,5.0,-255.66,-601.60,10.120,90.00
153,6.0,-244.00,-601.60,11.660,90.00
153,7.0,-231.39,-601.60,12.600,90.00
153,8.0,-218.96,-601.60,12.440,90.00
153,9.0,-207.16,-601.60,11.800,90.00
153,10.0,-194.58,-601.60,12.580,90.00
153,11.0,-182.76,-601.60,11.820,90.00
153,12.0,-170.59,-601.60,12.170,90.00
153,13.0,-158.42,-601.60,12.170,90.00
153,14.0,-145.96,-601.60,12.460,90.00
153,15.0,-133.96,-601.60,12.000,90.00
153,16.0,-121.78,-601.60,12.180,90.00
153,17.0,-109.71,-601.60,12.070,90.00
153,18.0,-97.08,-601.60,12.630,90.00
153,19.0,-85.25,-601.60,11.830,90.00
153,20.0,-73.31,-601.60,11.940,90.00
153,21.0,-61.22,-601.60,12.090,90.00
153,22.0,-49.48,-601.60,11.740,90.00
153,23.0,-37.15,-601.60,12.330,90.00
153,24.0,-24.42,-601.60,12.730,90.00
153,25.0,-14.23,-601.60,10.180,90.00
153,26.0,-8.55,-601.60,5.680,90.00
153,27.0,-0.29,-601.60,8.260,90.00
153,28.0,9.28,-601.60,9.570,90.00
153,29.0,21.27,-601.60,11.990,90.00
153,30.0,33.00,-601.60,11.720,90.00
153,31.0,45.48,-601.60,12.480,90.00
153,32.0,57.25,-601.60,11.770,90.00
153,33.0,70.09,-601.60,12.840,90.00
153,34.0,82.95,-601.60,12.860,90.00
153,35.0,95.54,-601.60,12.590,90.00
153,36.0,108.03,-601.60,12.490,90.00
153,37.0,119.98,-601.60,11.950,90.00
153,38.0,132.00,-601.60,12.020,90.00
153,39.0,144.03,-601.60,12.030,90.00
153,40.0,156.40,-601.60,12.380,90.00
153,41.0,168.09,-601.60,11.680,90.00
153,42.0,179.69,-601.60,11.600,90.00
153,43.0,191.64,-601.60,11.950,90.00
153,44.0,203.44,-601.60,11.800,90.00
153,45.0,215.45,-601.60,12.020,90.00
153,46.0,228.13,-601.60,12.680,90.00
153,47.0,239.97,-601.60,11.840,90.00
153,48.0,251.92,-601.60,11.950,90.00
153,49.0,264.77,-601.60,12.850,90.00
153,50.0,276.50,-601.60,11.730,90.00
153,51.0,285.28,-601.60,8.780,90.00
153,52.0,290.75,-601.60,5.470,90.00
153,53.0,298.31,-601.60,7.560,90.00
153,54.0,307.86,-601.60,9.550,90.00
153,55.0,319.33,-601.60,11.470,90.00
153,56.0,331.63,-601.60,12.290,90.00
153,57.0,344.03,-601.60,12.400,90.00
153,58.0,355.64,-601.60,11.600,90.00
153,59.0,367.77,-601.60,12.140,90.00
153,60.0,379.52,-601.60,11.750,90.00
153,61.0,391.56,-601.60,12.040,90.00
153,62.0,403.49,-601.60,11.930,90.00
153,63.0,415.30,-601.60,11.810,90.00
153,64.0,427.79,-601.60,12.490,90.00
154,0.0,612.30,-301.60,0.000,90.00
154,1.0,613.84,-301.60,1.540,90.00
154,2.0,617.69,-301.60,3.850,90.00
154,3.0,623.32,-301.60,5.630,90.00
154,4.0,630.78,-301.60,7.450,90.00
154,5.0,640.47,-301.60,9.690,90.00
154,6.0,651.54,-301.60,11.080,90.00
154,7.0,664.67,-301.60,13.130,90.00
154,8.0,679.31,-301.60,14.640,90.00
154,9.0,692.90,-301.60,13.590,90.00
154,10.0,707.25,-301.60,14.350,90.00
154,11.0,721.80,-301.60,14.540,90.00
154,12.0,736.38,-301.60,14.580,90.00
154,13.0,750.73,-301.60,14.360,90.00
154,14.0,764.68,-301.60,13.950,90.00
154,15.0,779.29,-301.60,14.610,90.00
154,16.0,793.30,-301.60,14.010,90.00
154,17.0,807.21,-301.60,13.910,90.00
154,18.0,821.50,-301.60,14.290,90.00
154,19.0,835.51,-301.60,14.010,90.00
154,20.0,850.21,-301.60,14.690,90.00
154,21.0,864.94,-301.60,14.730,90.00
154,22.0,877.48,-301.60,12.540,90.00
154,23.0,885.88,-301.60,8.400,90.00
154,24.0,890.62,-301.60,4.730,90.00
154,25.0,894.07,-300.66,3.780,78.57
154,26.0,892.87,-298.45,2.980,8.75
154,27.0,889.84,-298.40,3.040,286.81
154,28.0,884.91,-298.40,4.930,270.00
154,29.0,877.93,-298.40,6.980,270.00
154,30.0,869.03,-298.40,8.900,270.00
154,31.0,857.76,-298.40,11.270,270.00
154,32.0,843.89,-298.40,13.870,270.00
154,33.0,829.48,-298.40,14.410,270.00
154,34.0,814.80,-298.40,14.680,270.00
154,35.0,800.18,-298.40,14.630,270.00
154,36.0,786.41,-298.40,13.760,270.00
154,37.0,771.73,-298.40,14.690,270.00
154,38.0,757.18,-298.40,14.540,270.00
154,39.0,743.26,-298.40,13.930,270.00
154,40.0,729.62,-298.40,13.640,270.00
154,41.0,715.00,-298.40,14.620,270.00
154,42.0,700.35,-298.40,14.650,270.00
154,43.0,686.21,-298.40,14.140,270.00
154,44.0,671.73,-298.40,14.480,270.00
154,45.0,657.91,-298.40,13.820,270.00
154,46.0,644.14,-298.40,13.780,270.00
154,47.0,630.59,-298.40,13.540,270.00
154,48.0,618.60,-298.40,11.990,270.00
154,49.0,610.98,-298.40,7.620,270.00
154,50.0,604.49,-297.90,6.560,275.84
154,51.0,601.63,-292.98,6.070,335.93
154,52.0,601.60,-286.71,6.280,0.00
154,53.0,601.60,-278.32,8.390,0.00
154,54.0,601.60,-268.48,9.840,0.00
154,55.0,601.60,-257.04,11.450,0.00
154,56.0,601.60,-243.52,13.520,0.00
154,57.0,601.60,-229.96,13.570,0.00
154,58.0,601.60,-216.16,13.790,0.00
154,59.0,601.60,-201.68,14.480,0.00
154,60.0,601.60,-187.41,14.270,0.00
154,61.0,601.60,-173.53,13.880,0.00
154,62.0,601.60,-158.79,14.730,0.00
154,63.0,601.60,-144.06,14.740,0.00
154,64.0,601.60,-130.47,13.590,0.00
155,0.0,887.70,-598.40,0.000,270.00
155,1.0,886.36,-598.40,1.340,270.00
155,2.0,883.69,-598.40,2.670,270.00
155,3.0,879.06,-598.40,4.630,270.00
155,4.0,871.98,-598.40,7.070,270.00
155,5.0,863.31,-598.40,8.680,270.00
155,6.0,852.37,-598.40,10.940,270.00
155,7.0,839.58,-598.40,12.790,270.00
155,8.0,824.24,-598.40,15.340,270.00
155,9.0,808.77,-598.40,15.470,270.00
155,10.0,793.88,-598.40,14.890,270.00
155,11.0,779.17,-598.40,14.710,270.00
155,12.0,764.45,-598.40,14.720,270.00
155,13.0,749.46,-598.40,14.990,270.00
155,14.0,734.78,-598.40,14.680,270.00
155,15.0,719.73,-598.40,15.050,270.00
155,16.0,704.59,-598.40,15.140,270.00
155,17.0,689.37,-598.40,15.220,270.00
155,18.0,674.18,-598.40,15.190,270.00
155,19.0,659.57,-598.40,14.610,270.00
155,20.0,644.59,-598.40,14.980,270.00
155,21.0,629.08,-598.40,15.510,270.00
155,22.0,617.33,-598.40,11.760,270.00
155,23.0,610.07,-598.40,7.260,270.00
155,24.0,601.48,-598.40,8.590,270.00
155,25.0,590.75,-598.40,10.730,270.00
155,26.0,578.23,-598.40,12.520,270.00
155,27.0,563.68,-598.40,14.550,270.00
155,28.0,548.55,-598.40,15.130,270.00
155,29.0,534.18,-598.40,14.370,270.00
155,30.0,518.88,-598.40,15.300,270.00
155,31.0,504.06,-598.40,14.820,270.00
155,32.0,489.49,-598.40,14.570,270.00
155,33.0,475.05,-598.40,14.440,270.00
155,34.0,459.94,-598.40,15.100,270.00
155,35.0,445.59,-598.40,14.350,270.00
155,36.0,430.32,-598.40,15.280,270.00
155,37.0,416.53,-598.40,13.790,270.00
155,38.0,401.88,-598.40,14.650,270.00
155,39.0,388.52,-598.40,13.360,270.00
155,40.0,374.44,-598.40,14.080,270.00
155,41.0,360.83,-598.40,13.610,270.00
155,42.0,347.92,-598.40,12.910,270.00
155,43.0,336.03,-598.40,11.890,270.00
155,44.0,325.92,-598.40,10.110,270.00
155,45.0,319.52,-598.40,6.400,270.00
155,46.0,311.76,-598.40,7.750,270.00
155,47.0,308.36,-598.40,3.410,270.00
155,48.0,303.14,-598.40,5.210,270.00
155,49.0,295.80,-598.40,7.340,270.00
155,50.0,286.52,-598.40,9.290,270.00
155,51.0,275.24,-598.40,11.280,270.00
155,52.0,261.56,-598.40,13.680,270.00
155,53.0,246.88,-598.40,14.680,270.00
155,54.0,231.58,-598.40,15.300,270.00
155,55.0,217.20,-598.40,14.380,270.00
155,56.0,202.66,-598.40,14.530,270.00
155,57.0,187.25,-598.40,15.420,270.00
155,58.0,172.44,-598.40,14.810,270.00
155,59.0,157.36,-598.40,15.070,270.00
155,60.0,142.96,-598.40,14.400,270.00
155,61.0,128.39,-598.40,14.570,270.00
155,62.0,113.57,-598.40,14.820,270.00
155,63.0,100.95,-598.40,12.620,270.00
156,0.0,-587.70,598.40,0.000,90.00
156,1.0,-586.08,598.40,1.620,90.00
156,2.0,-582.58,598.40,3.500,90.00
156,3.0,-576.90,598.40,5.680,90.00
156,4.0,-569.87,598.40,7.030,90.00
156,5.0,-561.17,598.40,8.700,90.00
156,6.0,-549.94,598.40,11.240,90.00
156,7.0,-536.22,598.40,13.710,90.00
156,8.0,-520.69,598.40,15.530,90.00
156,9.0,-505.49,598.40,15.200,90.00
156,10.0,-489.40,598.40,16.090,90.00
156,11.0,-474.09,598.40,15.310,90.00
156,12.0,-457.82,598.40,16.280,90.00
156,13.0,-442.34,598.40,15.470,90.00
156,14.0,-427.03,598.40,15.310,90.00
156,15.0,-410.74,598.40,16.290,90.00
156,16.0,-394.91,598.40,15.830,90.00
156,17.0,-379.15,598.40,15.760,90.00
156,18.0,-363.02,598.40,16.130,90.00
156,19.0,-346.87,598.40,16.140,90.00
156,20.0,-331.01,598.40,15.870,90.00
156,21.0,-319.33,598.40,11.670,90.00
156,22.0,-311.08,598.40,8.250,90.00
156,23.0,-302.40,599.52,8.880,76.88
156,24.0,-298.45,606.84,8.830,14.83
156,25.0,-298.40,616.22,9.390,0.00
156,26.0,-298.40,627.19,10.970,0.00
156,27.0,-298.40,640.11,12.930,0.00
156,28.0,-298.40,655.62,15.510,0.00
156,29.0,-298.40,671.93,16.310,0.00
156,30.0,-298.40,687.98,16.060,0.00
156,31.0,-298.40,704.01,16.020,0.00
156,32.0,-298.40,719.27,15.270,0.00
156,33.0,-298.40,735.43,16.150,0.00
156,34.0,-298.40,751.24,15.810,0.00
156,35.0,-298.40,766.72,15.480,0.00
156,36.0,-298.40,782.66,15.940,0.00
156,37.0,-298.40,798.84,16.180,0.00
156,38.0,-298.40,814.39,15.550,0.00
156,39.0,-298.40,829.64,15.250,0.00
156,40.0,-298.40,845.77,16.130,0.00
156,41.0,-298.40,862.01,16.240,0.00
156,42.0,-298.40,876.23,14.220,0.00
156,43.0,-298.40,885.95,9.720,0.00
156,44.0,-298.40,891.17,5.220,0.00
156,45.0,-299.66,897.83,6.890,345.66
156,46.0,-306.88,901.55,8.610,284.61
156,47.0,-316.28,901.60,9.400,270.00
156,48.0,-327.91,901.60,11.630,270.00
156,49.0,-341.23,901.60,13.310,270.00
156,50.0,-356.34,901.60,15.110,270.00
156,51.0,-371.70,901.60,15.360,270.00
156,52.0,-386.84,901.60,15.140,270.00
156,53.0,-402.88,901.60,16.050,270.00
156,54.0,-418.28,901.60,15.390,270.00
156,55.0,-433.83,901.60,15.550,270.00
156,56.0,-450.02,901.60,16.180,270.00
156,57.0,-465.68,901.60,15.660,270.00
156,58.0,-481.81,901.60,16.130,270.00
156,59.0,-498.17,901.60,16.360,270.00
156,60.0,-514.16,901.60,15.990,270.00
156,61.0,-529.70,901.60,15.540,270.00
158,0.0,-312.30,901.60,0.000,270.00
158,1.0,-313.81,901.60,1.510,270.00
158,2.0,-317.58,901.60,3.770,270.00
158,3.0,-322.82,901.60,5.230,270.00
158,4.0,-329.53,901.60,6.710,270.00
158,5.0,-337.67,901.60,8.140,270.00
158,6.0,-347.89,901.60,10.230,270.00
158,7.0,-359.86,901.60,11.960,270.00
158,8.0,-372.04,901.60,12.180,270.00
158,9.0,-383.75,901.60,11.710,270.00
158,10.0,-395.31,901.60,11.560,270.00
158,11.0,-406.85,901.60,11.540,270.00
158,12.0,-418.20,901.60,11.350,270.00
158,13.0,-429.88,901.60,11.670,270.00
158,14.0,-441.73,901.60,11.850,270.00
158,15.0,-453.58,901.60,11.850,270.00
158,16.0,-465.87,901.60,12.290,270.00
158,17.0,-477.63,901.60,11.760,270.00
158,18.0,-489.40,901.60,11.770,270.00
158,19.0,-500.94,901.60,11.530,270.00
158,20.0,-513.14,901.60,12.200,270.00
158,21.0,-524.75,901.60,11.610,270.00
158,22.0,-536.57,901.60,11.820,270.00
158,23.0,-549.18,901.60,12.600,270.00
158,24.0,-561.63,901.60,12.460,270.00
158,25.0,-573.85,901.60,12.220,270.00
158,26.0,-584.37,901.60,10.520,270.00
158,27.0,-591.41,901.60,7.040,270.00
158,28.0,-594.22,900.36,3.320,254.61
158,29.0,-593.25,898.70,2.210,204.29
158,30.0,-591.22,898.40,2.120,133.64
158,31.0,-586.86,898.40,4.360,90.00
158,32.0,-580.90,898.40,5.960,90.00
158,33.0,-573.28,898.40,7.620,90.00
158,34.0,-564.11,898.40,9.170,90.00
158,35.0,-553.14,898.40,10.970,90.00
158,36.0,-541.56,898.40,11.580,90.00
158,37.0,-529.86,898.40,11.700,90.00
158,38.0,-517.23,898.40,12.630,90.00
158,39.0,-505.58,898.40,11.650,90.00
158,40.0,-493.57,898.40,12.010,90.00
158,41.0,-481.86,898.40,11.710,90.00
158,42.0,-470.29,898.40,11.570,90.00
158,43.0,-458.47,898.40,11.820,90.00
158,44.0,-446.19,898.40,12.280,90.00
158,45.0,-434.24,898.40,11.950,90.00
158,46.0,-422.39,898.40,11.850,90.00
158,47.0,-409.76,898.40,12.630,90.00
158,48.0,-397.41,898.40,12.350,90.00
158,49.0,-385.98,898.40,11.420,90.00
158,50.0,-374.27,898.40,11.710,90.00
158,51.0,-362.49,898.40,11.790,90.00
158,52.0,-350.51,898.40,11.970,90.00
158,53.0,-338.07,898.40,12.440,90.00
158,54.0,-326.16,898.40,11.910,90.00
158,55.0,-314.04,898.40,12.110,90.00
158,56.0,-301.81,898.40,12.230,90.00
158,57.0,-289.19,898.40,12.620,90.00
158,58.0,-277.58,898.40,11.600,90.00
158,59.0,-266.01,898.40,11.570,90.00
16,0.0,-12.30,601.60,0.000,270.00
16,1.0,-14.32,601.60,2.020,270.00
16,2.0,-18.17,601.60,3.850,270.00
16,3.0,-24.37,601.60,6.190,270.00
16,4.0,-33.08,601.60,8.710,270.00
16,5.0,-43.47,601.60,10.400,270.00
16,6.0,-55.42,601.60,11.950,270.00
16,7.0,-66.74,601.60,11.320,270.00
16,8.0,-77.97,601.60,11.230,270.00
16,9.0,-90.04,601.60,12.070,270.00
16,10.0,-101.24,601.60,11.200,270.00
16,11.0,-113.41,601.60,12.170,270.00
16,12.0,-124.37,601.60,10.950,270.00
16,13.0,-135.33,601.60,10.960,270.00
16,14.0,-146.52,601.60,11.200,270.00
16,15.0,-158.15,601.60,11.620,270.00
16,16.0,-169.68,601.60,11.530,270.00
16,17.0,-180.96,601.60,11.270,270.00
16,18.0,-192.84,601.60,11.880,270.00
16,19.0,-204.29,601.60,11.450,270.00
16,20.0,-215.53,601.60,11.240,270.00
16,21.0,-226.54,601.60,11.010,270.00
16,22.0,-238.64,601.60,12.090,270.00
16,23.0,-249.81,601.60,11.180,270.00
16,24.0,-260.82,601.60,11.010,270.00
16,25.0,-272.39,601.60,11.570,270.00
16,26.0,-283.16,601.60,10.780,270.00
16,27.0,-289.44,601.60,6.280,270.00
16,28.0,-292.79,601.60,3.350,270.00
16,29.0,-294.37,599.95,2.400,248.47
16,30.0,-292.43,598.40,2.650,172.69
16,31.0,-288.47,598.40,3.960,94.34
16,32.0,-282.12,598.40,6.350,90.00
16,33.0,-273.31,598.40,8.810,90.00
16,34.0,-262.27,598.40,11.040,90.00
16,35.0,-250.84,598.40,11.430,90.00
16,36.0,-239.80,598.40,11.040,90.00
16,37.0,-228.89,598.40,10.910,90.00
16,38.0,-217.68,598.40,11.210,90.00
16,39.0,-205.76,598.40,11.920,90.00
16,40.0,-194.02,598.40,11.740,90.00
16,41.0,-182.23,598.40,11.790,90.00
16,42.0,-170.25,598.40,11.980,90.00
16,43.0,-159.19,598.40,11.060,90.00
16,44.0,-148.04,598.40,11.150,90.00
16,45.0,-135.92,598.40,12.110,90.00
16,46.0,-123.93,598.40,11.990,90.00
16,47.0,-112.17,598.40,11.760,90.00
16,48.0,-100.32,598.40,11.850,90.00
16,49.0,-88.66,598.40,11.660,90.00
16,50.0,-77.42,598.40,11.240,90.00
16,51.0,-65.22,598.40,12.200,90.00
16,52.0,-53.32,598.40,11.900,90.00
16,53.0,-41.40,598.40,11.920,90.00
16,54.0,-29.87,598.40,11.530,90.00
16,55.0,-18.30,598.40,11.560,90.00
16,56.0,-11.12,598.40,7.180,90.00
16,57.0,-2.17,598.40,8.960,90.00
16,58.0,8.18,598.40,10.350,90.00
16,59.0,20.16,598.40,11.980,90.00
16,60.0,31.41,598.40,11.250,90.00
16,61.0,43.45,598.40,12.040,90.00
16,62.0,54.91,598.40,11.460,90.00
16,63.0,65.95,598.40,11.040,90.00
16,64.0,77.15,598.40,11.200,90.00
16,65.0,88.24,598.40,11.090,90.00
16,66.0,100.27,598.40,12.030,90.00
16,67.0,111.98,598.40,11.710,90.00
16,68.0,123.28,598.40,11.300,90.00
16,69.0,135.18,598.40,11.900,90.00
16,70.0,146.38,598.40,11.200,90.00
16,71.0,158.34,598.40,11.960,90.00
16,72.0,169.48,598.40,11.140,90.00
16,73.0,180.42,598.40,10.940,90.00
16,74.0,191.64,598.40,11.220,90.00
16,75.0,202.60,598.40,10.960,90.00
16,76.0,214.14,598.40,11.540,90.00
16,77.0,226.29,598.40,12.150,90.00
16,78.0,237.91,598.40,11.630,90.00
16,79.0,249.41,598.40,11.500,90.00
16,80.0,261.54,598.40,12.130,90.00
16,81.0,272.68,598.40,11.140,90.00
16,82.0,283.26,598.40,10.580,90.00
16,83.0,289.90,598.40,6.640,90.00
16,84.0,298.19,598.40,8.290,90.00
16,85.0,308.78,598.40,10.590,90.00
16,86.0,320.13,598.40,11.350,90.00
16,87.0,332.02,598.40,11.890,90.00
16,88.0,343.96,598.40,11.940,90.00
16,89.0,356.00,598.40,12.040,90.00
16,90.0,368.12,598.40,12.120,90.00
16,91.0,380.05,598.40,11.930,90.00
16,92.0,391.73,598.40,11.680,90.00
16,93.0,402.76,598.40,11.030,90.00
16,94.0,414.16,598.40,11.390,90.00
16,95.0,426.17,598.40,12.020,90.00
16,96.0,437.54,598.40,11.370,90.00
16,97.0,449.33,598.40,11.790,90.00
16,98.0,460.80,598.40,11.470,90.00
16,99.0,472.00,598.40,11.200,90.00
16,100.0,484.07,598.40,12.060,90.00
16,101.0,495.61,598.40,11.550,90.00
16,102.0,507.26,598.40,11.650,90.00
16,103.0,519.18,598.40,11.920,90.00
16,104.0,531.15,598.40,11.970,90.00
16,105.0,542.09,598.40,10.940,90.00
16,106.0,553.26,598.40,11.170,90.00
16,107.0,564.86,598.40,11.600,90.00
16,108.0,576.27,598.40,11.410,90.00
16,109.0,585.76,598.40,9.490,90.00
16,110.0,590.91,598.40,5.150,90.00
16,111.0,597.73,598.40,6.820,90.00
16,112.0,606.79,598.40,9.070,90.00
16,113.0,617.77,598.40,10.970,90.00
16,114.0,629.69,598.40,11.920,90.00
16,115.0,640.75,598.40,11.070,90.00
16,116.0,652.01,598.40,11.250,90.00
16,117.0,663.30,598.40,11.290,90.00
16,118.0,675.42,598.40,12.120,90.00
16,119.0,687.32,598.40,11.900,90.00
16,120.0,699.46,598.40,12.140,90.00
16,121.0,711.62,598.40,12.150,90.00
16,122.0,723.08,598.40,11.460,90.00
16,123.0,734.37,598.40,11.300,90.00
16,124.0,745.35,598.40,10.970,90.00
16,125.0,757.47,598.40,12.120,90.00
16,126.0,769.01,598.40,11.540,90.00
16,127.0,780.36,598.40,11.350,90.00
16,128.0,791.31,598.40,10.950,90.00
16,129.0,803.29,598.40,11.980,90.00
16,130.0,815.48,598.40,12.190,90.00
16,131.0,827.56,598.40,12.080,90.00
16,132.0,839.05,598.40,11.490,90.00
16,133.0,851.23,598.40,12.170,90.00
16,134.0,862.83,598.40,11.600,90.00
16,135.0,874.29,598.40,11.460,90.00
16,136.0,883.81,598.40,9.520,90.00
16,137.0,890.02,598.40,6.210,90.00
16,138.0,892.88,598.46,2.880,89.36
16,139.0,894.25,599.71,1.910,73.62
16,140.0,892.56,601.60,2.900,357.33
16,141.0,888.14,601.60,4.420,272.20
16,142.0,882.40,601.60,5.740,270.00
16,143.0,874.16,601.60,8.240,270.00
16,144.0,864.39,601.60,9.760,270.00
16,145.0,852.71,601.60,11.690,270.00
16,146.0,840.91,601.60,11.800,270.00
16,147.0,829.08,601.60,11.830,270.00
16,148.0,817.83,601.60,11.250,270.00
16,149.0,805.88,601.60,11.940,270.00
16,150.0,794.53,601.60,11.360,270.00
16,151.0,782.44,601.60,12.090,270.00
16,152.0,771.35,601.60,11.090,270.00
16,153.0,759.61,601.60,11.740,270.00
16,154.0,747.74,601.60,11.860,270.00
16,155.0,736.53,601.60,11.220,270.00
16,156.0,725.44,601.60,11.080,270.00
16,157.0,714.24,601.60,11.200,270.00
16,158.0,702.29,601.60,11.950,270.00
16,159.0,690.81,601.60,11.470,270.00
16,160.0,679.59,601.60,11.220,270.00
16,161.0,667.64,601.60,11.950,270.00
16,162.0,656.53,601.60,11.110,270.00
16,163.0,644.67,601.60,11.860,270.00
16,164.0,633.37,601.60,11.300,270.00
16,165.0,621.90,601.60,11.470,270.00
16,166.0,610.45,601.60,11.450,270.00
17,0.0,-287.70,298.40,0.000,90.00
17,1.0,-285.15,298.40,2.550,90.00
17,2.0,-280.07,298.40,5.080,90.00
17,3.0,-272.99,298.40,7.070,90.00
17,4.0,-263.74,298.40,9.250,90.00
17,5.0,-252.08,298.40,11.660,90.00
17,6.0,-239.60,298.40,12.480,90.00
17,7.0,-226.77,298.40,12.830,90.00
17,8.0,-213.93,298.40,12.840,90.00
17,9.0,-201.24,298.40,12.690,90.00
17,10.0,-188.52,298.40,12.710,90.00
17,11.0,-175.85,298.40,12.680,90.00
17,12.0,-163.15,298.40,12.700,90.00
17,13.0,-151.17,298.40,11.970,90.00
17,14.0,-138.57,298.40,12.600,90.00
17,15.0,-126.75,298.40,11.820,90.00
17,16.0,-114.86,298.40,11.880,90.00
17,17.0,-102.54,298.40,12.320,90.00
17,18.0,-90.46,298.40,12.080,90.00
17,19.0,-77.94,298.40,12.520,90.00
17,20.0,-65.36,298.40,12.580,90.00
17,21.0,-52.30,298.40,13.060,90.00
17,22.0,-39.43,298.40,12.870,90.00
17,23.0,-26.99,298.40,12.440,90.00
17,24.0,-16.81,298.40,10.180,90.00
17,25.0,-10.42,298.40,6.390,90.00
17,26.0,-3.55,298.92,6.910,84.00
17,27.0,1.13,303.91,7.180,35.19
17,28.0,1.60,310.12,6.240,3.38
17,29.0,1.60,317.96,7.840,0.00
17,30.0,1.60,328.36,10.400,0.00
17,31.0,1.60,341.33,12.970,0.00
17,32.0,1.60,353.92,12.590,0.00
17,33.0,1.60,366.49,12.570,0.00
17,34.0,1.60,378.47,11.970,0.00
17,35.0,1.60,391.08,12.620,0.00
17,36.0,1.60,403.16,12.080,0.00
17,37.0,1.60,415.72,12.560,0.00
17,38.0,1.60,428.57,12.850,0.00
17,39.0,1.60,440.51,11.940,0.00
17,40.0,1.60,452.46,11.950,0.00
17,41.0,1.60,464.50,12.030,0.00
17,42.0,1.60,477.16,12.660,0.00
17,43.0,1.60,489.99,12.830,0.00
17,44.0,1.60,502.26,12.270,0.00
17,45.0,1.60,514.26,12.000,0.00
17,46.0,1.60,526.45,12.190,0.00
17,47.0,1.60,539.46,13.020,0.00
17,48.0,1.60,552.22,12.750,0.00
17,49.0,1.60,564.11,11.890,0.00
17,50.0,1.60,576.23,12.120,0.00
17,51.0,1.60,588.04,11.810,0.00
17,52.0,1.60,600.32,12.280,0.00
17,53.0,1.60,612.87,12.560,0.00
17,54.0,1.60,624.82,11.950,0.00
17,55.0,1.60,637.61,12.780,0.00
17,56.0,1.60,650.20,12.600,0.00
17,57.0,1.60,662.61,12.400,0.00
17,58.0,1.60,675.04,12.430,0.00
17,59.0,1.60,687.55,12.510,0.00
17,60.0,1.60,699.45,11.900,0.00
17,61.0,1.60,711.37,11.920,0.00
17,62.0,1.60,723.62,12.250,0.00
17,63.0,1.60,735.73,12.110,0.00
17,64.0,1.60,747.89,12.160,0.00
17,65.0,1.60,760.36,12.460,0.00
17,66.0,1.60,772.19,11.830,0.00
17,67.0,1.60,784.72,12.530,0.00
17,68.0,1.60,796.74,12.020,0.00
17,69.0,1.60,808.99,12.240,0.00
17,70.0,1.60,821.81,12.820,0.00
17,71.0,1.60,833.98,12.170,0.00
17,72.0,1.60,846.16,12.180,0.00
17,73.0,1.60,858.45,12.290,0.00
17,74.0,1.60,870.91,12.460,0.00
17,75.0,1.60,883.15,12.250,0.00
18,0.0,598.40,287.70,0.000,180.00
18,1.0,598.40,285.81,1.890,180.00
18,2.0,598.40,281.58,4.230,180.00
18,3.0,598.40,276.02,5.560,180.00
18,4.0,598.40,269.07,6.950,180.00
18,5.0,598.40,259.63,9.440,180.00
18,6.0,598.40,247.66,11.980,180.00
18,7.0,598.40,235.16,12.500,180.00
18,8.0,598.40,223.32,11.840,180.00
18,9.0,598.40,210.72,12.600,180.00
18,10.0,598.40,197.86,12.860,180.00
18,11.0,598.40,185.86,12.000,180.00
18,12.0,598.40,173.52,12.340,180.00
18,13.0,598.40,161.04,12.480,180.00
18,14.0,598.40,148.33,12.700,180.00
18,15.0,598.40,136.21,12.120,180.00
18,16.0,598.40,124.39,11.820,180.00
18,17.0,598.40,112.55,11.840,180.00
18,18.0,598.40,100.47,12.090,180.00
18,19.0,598.40,87.62,12.850,180.00
18,20.0,598.40,75.53,12.080,180.00
18,21.0,598.40,62.67,12.860,180.00
18,22.0,598.40,50.05,12.620,180.00
18,23.0,598.40,37.43,12.610,180.00
18,24.0,598.40,25.45,11.980,180.00
18,25.0,598.40,13.32,12.130,180.00
18,26.0,598.40,0.43,12.880,180.00
18,27.0,598.40,-11.73,12.160,180.00
18,28.0,598.40,-24.38,12.650,180.00
18,29.0,598.40,-36.77,12.390,180.00
18,30.0,598.40,-48.56,11.790,180.00
18,31.0,598.40,-61.50,12.950,180.00
18,32.0,598.40,-73.30,11.790,180.00
18,33.0,598.40,-85.86,12.570,180.00
18,34.0,598.40,-98.72,12.860,180.00
18,35.0,598.40,-110.49,11.770,180.00
18,36.0,598.40,-122.20,11.700,180.00
18,37.0,598.40,-134.15,11.950,180.00
18,38.0,598.40,-147.08,12.930,180.00
18,39.0,598.40,-159.13,12.050,180.00
18,40.0,598.40,-171.40,12.270,180.00
18,41.0,598.40,-183.24,11.840,180.00
18,42.0,598.40,-195.35,12.110,180.00
18,43.0,598.40,-207.76,12.410,180.00
18,44.0,598.40,-219.58,11.830,180.00
18,45.0,598.40,-232.32,12.740,180.00
18,46.0,598.40,-244.81,12.490,180.00
18,47.0,598.40,-257.58,12.770,180.00
18,48.0,598.40,-269.31,11.730,180.00
18,49.0,598.40,-282.02,12.710,180.00
18,50.0,598.40,-294.02,12.000,180.00
18,51.0,598.40,-306.06,12.040,180.00
18,52.0,598.40,-317.92,11.860,180.00
18,53.0,598.40,-329.85,11.930,180.00
18,54.0,598.40,-342.08,12.230,180.00
18,55.0,598.40,-354.13,12.060,180.00
18,56.0,598.40,-366.98,12.850,180.00
18,57.0,598.40,-379.75,12.770,180.00
18,58.0,598.40,-391.59,11.840,180.00
18,59.0,598.40,-403.37,11.780,180.00
18,60.0,598.40,-415.28,11.910,180.00
18,61.0,598.40,-427.73,12.450,180.00
18,62.0,598.40,-440.09,12.370,180.00
18,63.0,598.40,-452.61,12.510,180.00
18,64.0,598.40,-464.43,11.830,180.00
18,65.0,598.40,-476.73,12.300,180.00
18,66.0,598.40,-489.24,12.500,180.00
18,67.0,598.40,-500.97,11.730,180.00
18,68.0,598.40,-512.95,11.980,180.00
18,69.0,598.40,-524.86,11.920,180.00
18,70.0,598.40,-537.20,12.340,180.00
18,71.0,598.40,-549.26,12.060,180.00
18,72.0,598.40,-561.42,12.160,180.00
18,73.0,598.40,-573.45,12.030,180.00
18,74.0,598.40,-585.00,11.540,180.00
18,75.0,598.40,-592.55,7.560,180.00
18,76.0,596.92,-597.05,4.860,197.68
18,77.0,592.43,-598.40,4.800,252.11
18,78.0,585.75,-598.40,6.670,270.00
18,79.0,576.56,-598.40,9.200,270.00
18,80.0,564.83,-598.40,11.730,270.00
18,81.0,552.20,-598.40,12.630,270.00
18,82.0,539.39,-598.40,12.810,270.00
18,83.0,527.48,-598.40,11.920,270.00
18,84.0,514.87,-598.40,12.600,270.00
18,85.0,502.10,-598.40,12.770,270.00
18,86.0,489.45,-598.40,12.650,270.00
18,87.0,477.06,-598.40,12.380,270.00
18,88.0,464.77,-598.40,12.290,270.00
18,89.0,452.26,-598.40,12.510,270.00
18,90.0,440.10,-598.40,12.160,270.00
18,91.0,428.22,-598.40,11.880,270.00
18,92.0,416.20,-598.40,12.020,270.00
18,93.0,404.31,-598.40,11.890,270.00
18,94.0,391.50,-598.40,12.820,270.00
18,95.0,379.00,-598.40,12.500,270.00
18,96.0,366.48,-598.40,12.510,270.00
18,97.0,353.53,-598.40,12.950,270.00
18,98.0,340.74,-598.40,12.790,270.00
18,99.0,328.95,-598.40,11.800,270.00
18,100.0,317.53,-598.40,11.420,270.00
18,101.0,310.21,-598.40,7.320,270.00
18,102.0,307.12,-598.46,3.110,269.35
18,103.0,306.00,-600.79,3.120,231.33
18,104.0,308.61,-601.60,2.860,138.45
18,105.0,313.90,-601.60,5.290,90.00
18,106.0,321.78,-601.60,7.880,90.00
18,107.0,331.69,-601.60,9.910,90.00
18,108.0,343.75,-601.60,12.060,90.00
18,109.0,356.53,-601.60,12.780,90.00
18,110.0,368.80,-601.60,12.280,90.00
18,111.0,381.38,-601.60,12.570,90.00
18,112.0,393.41,-601.60,12.030,90.00
18,113.0,405.55,-601.60,12.140,90.00
18,114.0,418.06,-601.60,12.510,90.00
18,115.0,430.54,-601.60,12.490,90.00
18,116.0,443.05,-601.60,12.510,90.00
18,117.0,455.58,-601.60,12.530,90.00
18,118.0,467.89,-601.60,12.310,90.00
18,119.0,480.17,-601.60,12.290,90.00
18,120.0,491.92,-601.60,11.750,90.00
18,121.0,504.12,-601.60,12.190,90.00
18,122.0,516.95,-601.60,12.830,90.00
18,123.0,529.80,-601.60,12.850,90.00
18,124.0,541.87,-601.60,12.070,90.00
18,125.0,554.28,-601.60,12.400,90.00
18,126.0,566.16,-601.60,11.880,90.00
18,127.0,578.94,-601.60,12.790,90.00
18,128.0,591.74,-601.60,12.800,90.00
19,0.0,601.60,612.30,0.000,0.00
19,1.0,601.60,613.62,1.320,0.00
19,2.0,601.60,617.44,3.820,0.00
19,3.0,601.60,623.52,6.090,0.00
19,4.0,601.60,631.40,7.880,0.00
19,5.0,601.60,641.52,10.110,0.00
19,6.0,601.60,654.22,12.700,0.00
19,7.0,601.60,669.01,14.790,0.00
19,8.0,601.60,683.89,14.880,0.00
19,9.0,601.60,699.24,15.350,0.00
19,10.0,601.60,715.08,15.840,0.00
19,11.0,601.60,730.86,15.780,0.00
19,12.0,601.60,746.68,15.820,0.00
19,13.0,601.60,762.62,15.940,0.00
19,14.0,601.60,777.97,15.350,0.00
19,15.0,601.60,793.05,15.080,0.00
19,16.0,601.60,808.95,15.890,0.00
19,17.0,601.60,824.43,15.490,0.00
19,18.0,601.60,839.65,15.220,0.00
19,19.0,601.60,855.20,15.540,0.00
19,20.0,601.60,870.59,15.390,0.00
19,21.0,601.60,882.23,11.640,0.00
19,22.0,601.60,889.37,7.140,0.00
19,23.0,600.11,898.22,9.150,343.56
19,24.0,592.18,901.60,9.090,279.33
19,25.0,581.13,901.60,11.050,270.00
19,26.0,568.24,901.60,12.890,270.00
19,27.0,553.41,901.60,14.830,270.00
19,28.0,537.47,901.60,15.940,270.00
19,29.0,522.67,901.60,14.800,270.00
19,30.0,507.45,901.60,15.220,270.00
19,31.0,491.66,901.60,15.780,270.00
19,32.0,475.81,901.60,15.860,270.00
19,33.0,460.00,901.60,15.800,270.00
19,34.0,444.29,901.60,15.720,270.00
19,35.0,429.42,901.60,14.870,270.00
19,36.0,414.39,901.60,15.030,270.00
19,37.0,398.32,901.60,16.070,270.00
19,38.0,383.31,901.60,15.010,270.00
19,39.0,367.47,901.60,15.840,270.00
19,40.0,351.82,901.60,15.650,270.00
19,41.0,336.44,901.60,15.380,270.00
19,42.0,321.10,901.60,15.340,270.00
19,43.0,306.09,901.60,15.010,270.00
19,44.0,290.94,901.60,15.150,270.00
19,45.0,275.88,901.60,15.060,270.00
19,46.0,260.89,901.60,14.990,270.00
19,47.0,245.54,901.60,15.340,270.00
19,48.0,229.80,901.60,15.740,270.00
19,49.0,214.14,901.60,15.660,270.00
19,50.0,198.52,901.60,15.630,270.00
19,51.0,183.58,901.60,14.940,270.00
19,52.0,167.88,901.60,15.700,270.00
19,53.0,152.14,901.60,15.740,270.00
19,54.0,136.91,901.60,15.230,270.00
19,55.0,121.15,901.60,15.760,270.00
19,56.0,106.27,901.60,14.880,270.00
19,57.0,90.47,901.60,15.800,270.00
19,58.0,75.35,901.60,15.120,270.00
19,59.0,60.46,901.60,14.890,270.00
19,60.0,45.24,901.60,15.220,270.00
19,61.0,30.31,901.60,14.930,270.00
19,62.0,18.80,901.60,11.500,270.00
19,63.0,11.18,901.60,7.630,270.00
19,64.0,7.79,901.60,3.390,270.00
19,65.0,5.73,899.74,3.220,244.08
19,66.0,8.11,898.40,2.950,154.04
19,67.0,13.66,898.40,5.540,90.00
19,68.0,20.58,898.40,6.930,90.00
19,69.0,29.17,898.40,8.590,90.00
19,70.0,39.39,898.40,10.210,90.00
19,71.0,51.56,898.40,12.170,90.00
19,72.0,65.71,898.40,14.150,90.00
19,73.0,81.37,898.40,15.660,90.00
19,74.0,96.85,898.40,15.480,90.00
19,75.0,112.56,898.40,15.710,90.00
19,76.0,127.91,898.40,15.350,90.00
19,77.0,143.49,898.40,15.590,90.00
19,78.0,158.92,898.40,15.430,90.00
19,79.0,174.69,898.40,15.770,90.00
19,80.0,189.98,898.40,15.290,90.00
19,81.0,205.23,898.40,15.240,90.00
19,82.0,220.04,898.40,14.820,90.00
19,83.0,236.12,898.40,16.070,90.00
19,84.0,251.03,898.40,14.920,90.00
19,85.0,265.91,898.40,14.880,90.00
19,86.0,281.68,898.40,15.760,90.00
2,0.0,587.70,-898.40,0.000,270.00
2,1.0,585.23,-898.40,2.470,270.00
2,2.0,581.25,-898.40,3.990,270.00
2,3.0,575.20,-898.40,6.040,270.00
2,4.0,567.20,-898.40,8.000,270.00
2,5.0,557.16,-898.40,10.040,270.00
2,6.0,545.42,-898.40,11.740,270.00
2,7.0,531.73,-898.40,13.690,270.00
2,8.0,518.89,-898.40,12.840,270.00
2,9.0,505.19,-898.40,13.700,270.00
2,10.0,492.16,-898.40,13.030,270.00
2,11.0,478.23,-898.40,13.940,270.00
2,12.0,464.70,-898.40,13.520,270.00
2,13.0,450.73,-898.40,13.970,270.00
2,14.0,437.67,-898.40,13.060,270.00
2,15.0,424.02,-898.40,13.650,270.00
2,16.0,410.69,-898.40,13.320,270.00
2,17.0,397.58,-898.40,13.120,270.00
2,18.0,384.62,-898.40,12.960,270.00
2,19.0,371.46,-898.40,13.160,270.00
2,20.0,358.41,-898.40,13.050,270.00
2,21.0,344.40,-898.40,14.010,270.00
2,22.0,330.78,-898.40,13.620,270.00
2,23.0,317.03,-898.40,13.750,270.00
2,24.0,307.78,-898.40,9.250,270.00
2,25.0,302.53,-896.21,6.010,296.60
2,26.0,301.60,-890.82,5.580,352.65
2,27.0,301.60,-883.23,7.590,0.00
2,28.0,301.60,-873.82,9.410,0.00
2,29.0,301.60,-862.87,10.950,0.00
2,30.0,301.60,-849.50,13.370,0.00
2,31.0,301.60,-836.62,12.880,0.00
2,32.0,301.60,-823.42,13.200,0.00
2,33.0,301.60,-810.56,12.860,0.00
2,34.0,301.60,-797.20,13.360,0.00
2,35.0,301.60,-783.61,13.590,0.00
2,36.0,301.60,-770.65,12.960,0.00
2,37.0,301.60,-757.74,12.910,0.00
2,38.0,301.60,-744.02,13.720,0.00
2,39.0,301.60,-730.56,13.460,0.00
2,40.0,301.60,-716.80,13.750,0.00
2,41.0,301.60,-704.04,12.760,0.00
2,42.0,301.60,-690.83,13.210,0.00
2,43.0,301.60,-677.49,13.340,0.00
2,44.0,301.60,-664.46,13.030,0.00
2,45.0,301.60,-651.53,12.930,0.00
2,46.0,301.60,-637.69,13.840,0.00
2,47.0,301.60,-624.46,13.230,0.00
2,48.0,301.60,-611.20,13.270,0.00
2,49.0,301.60,-597.94,13.260,0.00
2,50.0,301.60,-585.10,12.830,0.00
2,51.0,301.60,-571.17,13.940,0.00
2,52.0,301.60,-557.88,13.290,0.00
2,53.0,301.60,-544.13,13.750,0.00
2,54.0,301.60,-531.26,12.880,0.00
2,55.0,301.60,-517.72,13.530,0.00
2,56.0,301.60,-504.22,13.510,0.00
2,57.0,301.60,-491.34,12.870,0.00
2,58.0,301.60,-477.36,13.980,0.00
2,59.0,301.60,-463.42,13.940,0.00
2,60.0,301.60,-450.19,13.230,0.00
2,61.0,301.60,-437.17,13.020,0.00
2,62.0,301.60,-424.31,12.860,0.00
2,63.0,301.60,-411.56,12.750,0.00
2,64.0,301.60,-398.09,13.470,0.00
2,65.0,301.60,-385.28,12.810,0.00
2,66.0,301.60,-372.41,12.870,0.00
2,67.0,301.60,-359.13,13.280,0.00
2,68.0,301.60,-346.33,12.800,0.00
2,69.0,301.60,-333.35,12.980,0.00
2,70.0,301.60,-319.88,13.470,0.00
2,71.0,301.60,-306.50,13.380,0.00
2,72.0,301.60,-292.49,14.010,0.00
2,73.0,301.60,-279.17,13.320,0.00
2,74.0,301.60,-266.43,12.740,0.00
2,75.0,301.60,-252.65,13.780,0.00
2,76.0,301.60,-238.85,13.800,0.00
2,77.0,301.60,-225.17,13.680,0.00
2,78.0,301.60,-211.14,14.020,0.00
2,79.0,301.60,-197.74,13.400,0.00
2,80.0,301.60,-183.72,14.020,0.00
2,81.0,301.60,-169.76,13.960,0.00
2,82.0,301.60,-156.04,13.720,0.00
2,83.0,301.60,-142.33,13.710,0.00
2,84.0,301.60,-129.58,12.760,0.00
2,85.0,301.60,-116.35,13.230,0.00
2,86.0,301.60,-102.91,13.440,0.00
2,87.0,301.60,-89.75,13.160,0.00
2,88.0,301.60,-76.87,12.880,0.00
2,89.0,301.60,-63.49,13.380,0.00
2,90.0,301.60,-49.76,13.730,0.00
2,91.0,301.60,-36.94,12.810,0.00
2,92.0,301.60,-23.65,13.290,0.00
2,93.0,301.60,-10.79,12.860,0.00
2,94.0,301.60,2.72,13.500,0.00
2,95.0,301.60,16.21,13.500,0.00
2,96.0,301.60,29.81,13.590,0.00
2,97.0,301.60,42.56,12.750,0.00
2,98.0,301.60,56.20,13.640,0.00
2,99.0,301.60,69.13,12.930,0.00
2,100.0,301.60,83.08,13.950,0.00
2,101.0,301.60,96.37,13.290,0.00
2,102.0,301.60,110.28,13.920,0.00
2,103.0,301.60,123.67,13.390,0.00
2,104.0,301.60,136.82,13.150,0.00
2,105.0,301.60,150.51,13.690,0.00
2,106.0,301.60,163.31,12.800,0.00
2,107.0,301.60,176.32,13.010,0.00
2,108.0,301.60,189.10,12.780,0.00
2,109.0,301.60,202.95,13.850,0.00
2,110.0,301.60,216.45,13.500,0.00
2,111.0,301.60,230.11,13.660,0.00
2,112.0,301.60,243.64,13.530,0.00
2,113.0,301.60,256.57,12.930,0.00
2,114.0,301.60,269.97,13.390,0.00
2,115.0,301.60,282.50,12.540,0.00
2,116.0,301.60,290.54,8.040,0.00
2,117.0,300.81,293.99,3.690,350.56
2,118.0,298.70,293.25,2.710,294.46
2,119.0,298.40,290.42,2.920,205.69
2,120.0,298.40,285.55,4.870,180.00
2,121.0,298.40,279.34,6.210,180.00
2,122.0,298.40,271.33,8.010,180.00
2,123.0,298.40,261.41,9.910,180.00
2,124.0,298.40,249.33,12.080,180.00
2,125.0,298.40,235.55,13.780,180.00
2,126.0,298.40,222.33,13.210,180.00
2,127.0,298.40,208.39,13.950,180.00
2,128.0,298.40,195.34,13.050,180.00
2,129.0,298.40,181.63,13.710,180.00
2,130.0,298.40,168.21,13.420,180.00
2,131.0,298.40,155.09,13.120,180.00
2,132.0,298.40,142.13,12.960,180.00
2,133.0,298.40,128.56,13.570,180.00
2,134.0,298.40,114.56,14.010,180.00
2,135.0,298.40,100.60,13.960,180.00
2,136.0,298.40,86.65,13.950,180.00
2,137.0,298.40,73.57,13.070,180.00
2,138.0,298.40,60.57,13.000,180.00
2,139.0,298.40,46.59,13.980,180.00
2,140.0,298.40,33.70,12.890,180.00
2,141.0,298.40,20.60,13.100,180.00
2,142.0,298.40,7.65,12.950,180.00
20,0.0,301.60,612.30,0.000,0.00
20,1.0,301.60,613.84,1.540,0.00
20,2.0,301.60,616.79,2.950,0.00
20,3.0,301.60,621.77,4.990,0.00
20,4.0,301.60,628.33,6.550,0.00
20,5.0,301.60,636.60,8.280,0.00
20,6.0,301.60,646.62,10.020,0.00
20,7.0,301.60,658.94,12.320,0.00
20,8.0,301.60,672.74,13.800,0.00
20,9.0,301.60,686.41,13.680,0.00
20,10.0,301.60,699.88,13.470,0.00
20,11.0,301.60,713.73,13.850,0.00
20,12.0,301.60,727.72,13.990,0.00
20,13.0,301.60,741.72,14.010,0.00
20,14.0,301.60,755.51,13.780,0.00
20,15.0,301.60,768.84,13.340,0.00
20,16.0,301.60,782.60,13.750,0.00
20,17.0,301.60,795.66,13.060,0.00
20,18.0,301.60,808.71,13.050,0.00
20,19.0,301.60,822.21,13.500,0.00
20,20.0,301.60,835.07,12.860,0.00
20,21.0,301.60,848.32,13.250,0.00
20,22.0,301.60,862.45,14.130,0.00
20,23.0,301.60,875.71,13.260,0.00
20,24.0,301.60,885.81,10.100,0.00
20,25.0,301.60,891.41,5.600,0.00
20,26.0,299.83,898.68,7.640,341.06
20,27.0,292.65,901.60,8.090,282.19
20,28.0,282.98,901.60,9.670,270.00
20,29.0,270.94,901.60,12.040,270.00
20,30.0,257.78,901.60,13.150,270.00
20,31.0,243.99,901.60,13.790,270.00
20,32.0,230.24,901.60,13.750,270.00
20,33.0,216.55,901.60,13.690,270.00
20,34.0,203.45,901.60,13.100,270.00
20,35.0,190.20,901.60,13.250,270.00
20,36.0,177.34,901.60,12.870,270.00
20,37.0,163.54,901.60,13.800,270.00
20,38.0,150.29,901.60,13.250,270.00
20,39.0,136.27,901.60,14.010,270.00
20,40.0,123.31,901.60,12.960,270.00
20,41.0,110.37,901.60,12.940,270.00
20,42.0,96.86,901.60,13.510,270.00
20,43.0,83.45,901.60,13.410,270.00
20,44.0,69.48,901.60,13.970,270.00
20,45.0,55.58,901.60,13.900,270.00
20,46.0,42.63,901.60,12.950,270.00
20,47.0,28.63,901.60,14.000,270.00
20,48.0,15.59,901.60,13.040,270.00
20,49.0,1.68,901.60,13.900,270.00
20,50.0,-11.78,901.60,13.460,270.00
20,51.0,-25.00,901.60,13.220,270.00
20,52.0,-38.86,901.60,13.860,270.00
20,53.0,-52.38,901.60,13.520,270.00
20,54.0,-66.23,901.60,13.840,270.00
20,55.0,-79.12,901.60,12.900,270.00
20,56.0,-92.02,901.60,12.890,270.00
20,57.0,-105.97,901.60,13.950,270.00
20,58.0,-119.24,901.60,13.270,270.00
20,59.0,-132.86,901.60,13.620,270.00
20,60.0,-146.32,901.60,13.460,270.00
20,61.0,-159.84,901.60,13.520,270.00
20,62.0,-172.97,901.60,13.140,270.00
20,63.0,-186.83,901.60,13.860,270.00
20,64.0,-199.77,901.60,12.940,270.00
20,65.0,-213.11,901.60,13.350,270.00
20,66.0,-226.32,901.60,13.210,270.00
20,67.0,-239.34,901.60,13.020,270.00
20,68.0,-252.20,901.60,12.860,270.00
20,69.0,-265.53,901.60,13.330,270.00
20,70.0,-278.96,901.60,13.440,270.00
20,71.0,-292.94,901.60,13.980,270.00
20,72.0,-306.59,901.60,13.650,270.00
20,73.0,-320.71,901.60,14.120,270.00
20,74.0,-334.83,901.60,14.120,270.00
20,75.0,-348.66,901.60,13.830,270.00
20,76.0,-361.50,901.60,12.840,270.00
20,77.0,-374.51,901.60,13.010,270.00
20,78.0,-388.06,901.60,13.550,270.00
20,79.0,-401.00,901.60,12.940,270.00
20,80.0,-414.52,901.60,13.520,270.00
20,81.0,-428.42,901.60,13.900,270.00
20,82.0,-441.46,901.60,13.050,270.00
20,83.0,-454.86,901.60,13.400,270.00
20,84.0,-468.00,901.60,13.140,270.00
20,85.0,-481.25,901.60,13.250,270.00
20,86.0,-495.35,901.60,14.100,270.00
20,87.0,-509.13,901.60,13.790,270.00
20,88.0,-522.48,901.60,13.350,270.00
20,89.0,-536.27,901.60,13.780,270.00
20,90.0,-550.18,901.60,13.910,270.00
20,91.0,-563.78,901.60,13.610,270.00
20,92.0,-577.79,901.60,14.010,270.00
20,93.0,-590.90,901.60,13.110,270.00
20,94.0,-604.56,901.60,13.660,270.00
20,95.0,-618.33,901.60,13.770,270.00
20,96.0,-632.07,901.60,13.740,270.00
20,97.0,-646.19,901.60,14.120,270.00
20,98.0,-659.81,901.60,13.610,270.00
20,99.0,-672.79,901.60,12.980,270.00
20,100.0,-686.26,901.60,13.470,270.00
20,101.0,-700.25,901.60,13.990,270.00
20,102.0,-714.26,901.60,14.010,270.00
20,103.0,-728.05,901.60,13.790,270.00
20,104.0,-741.23,901.60,13.180,270.00
20,105.0,-755.18,901.60,13.950,270.00
20,106.0,-768.19,901.60,13.010,270.00
20,107.0,-781.79,901.60,13.600,270.00
20,108.0,-795.89,901.60,14.100,270.00
20,109.0,-808.94,901.60,13.050,270.00
20,110.0,-822.16,901.60,13.210,270.00
20,111.0,-835.64,901.60,13.480,270.00
20,112.0,-849.21,901.60,13.580,270.00
20,113.0,-862.49,901.60,13.280,270.00
20,114.0,-876.10,901.60,13.610,270.00
20,115.0,-887.84,901.60,11.740,270.00
20,116.0,-896.47,901.60,8.630,270.00
20,117.0,-901.24,898.99,5.840,237.26
20,118.0,-901.60,893.25,5.780,182.35
20,119.0,-901.60,885.36,7.890,180.00
20,120.0,-901.60,875.47,9.890,180.00
20,121.0,-901.60,863.92,11.550,180.00
20,122.0,-901.60,850.96,12.960,180.00
20,123.0,-901.60,837.72,13.240,180.00
20,124.0,-901.60,823.70,14.020,180.00
20,125.0,-901.60,810.43,13.280,180.00
20,126.0,-901.60,797.20,13.220,180.00
20,127.0,-901.60,784.11,13.090,180.00
20,128.0,-901.60,770.92,13.190,180.00
20,129.0,-901.60,757.57,13.350,180.00
20,130.0,-901.60,743.83,13.740,180.00
20,131.0,-901.60,730.35,13.480,180.00
20,132.0,-901.60,716.60,13.750,180.00
20,133.0,-901.60,702.67,13.930,180.00
20,134.0,-901.60,689.78,12.890,180.00
20,135.0,-901.60,675.77,14.000,180.00
20,136.0,-901.60,661.98,13.790,180.00
20,137.0,-901.60,648.31,13.670,180.00
20,138.0,-901.60,635.45,12.860,180.00
20,139.0,-901.60,621.59,13.870,180.00
20,140.0,-901.60,607.73,13.860,180.00
20,141.0,-901.60,594.70,13.030,180.00
20,142.0,-901.60,581.65,13.050,180.00
20,143.0,-901.60,568.42,13.230,180.00
20,144.0,-901.60,554.43,13.980,180.00
20,145.0,-901.60,540.76,13.670,180.00
20,146.0,-901.60,527.21,13.550,180.00
20,147.0,-901.60,513.72,13.490,180.00
20,148.0,-901.60,499.73,13.990,180.00
20,149.0,-901.60,486.38,13.360,180.00
20,150.0,-901.60,472.33,14.050,180.00
20,151.0,-901.60,458.21,14.120,180.00
20,152.0,-901.60,444.75,13.460,180.00
20,153.0,-901.60,431.32,13.430,180.00
20,154.0,-901.60,418.25,13.070,180.00
20,155.0,-901.60,404.89,13.360,180.00
20,156.0,-901.60,391.95,12.930,180.00
20,157.0,-901.60,378.23,13.720,180.00
20,158.0,-901.60,364.74,13.490,180.00
20,159.0,-901.60,350.84,13.910,180.00
20,160.0,-901.60,337.40,13.440,180.00
20,161.0,-901.60,324.08,13.330,180.00
20,162.0,-901.60,310.26,13.820,180.00
20,163.0,-901.60,296.60,13.660,180.00
20,164.0,-901.60,282.55,14.050,180.00
20,165.0,-901.60,268.70,13.850,180.00
20,166.0,-901.60,255.16,13.530,180.00
20,167.0,-901.60,241.90,13.270,180.00
20,168.0,-901.60,228.35,13.540,180.00
20,169.0,-901.60,215.31,13.040,180.00
20,170.0,-901.60,201.84,13.470,180.00
20,171.0,-901.60,188.40,13.440,180.00
20,172.0,-901.60,174.97,13.440,180.00
20,173.0,-901.60,160.95,14.020,180.00
20,174.0,-901.60,147.44,13.510,180.00
20,175.0,-901.60,134.53,12.910,180.00
20,176.0,-901.60,121.33,13.200,180.00
20,177.0,-901.60,107.50,13.830,180.00
20,178.0,-901.60,93.65,13.850,180.00
20,179.0,-901.60,79.98,13.670,180.00
20,180.0,-901.60,65.87,14.110,180.00
20,181.0,-901.60,51.73,14.140,180.00
20,182.0,-901.60,37.78,13.950,180.00
20,183.0,-901.60,24.32,13.460,180.00
20,184.0,-901.60,11.42,12.900,180.00
20,185.0,-901.60,-1.92,13.340,180.00
20,186.0,-901.60,-15.98,14.060,180.00
20,187.0,-901.60,-29.18,13.200,180.00
20,188.0,-901.60,-42.31,13.140,180.00
20,189.0,-901.60,-56.30,13.990,180.00
20,190.0,-901.60,-70.32,14.020,180.00
20,191.0,-901.60,-84.16,13.840,180.00
20,192.0,-901.60,-97.32,13.160,180.00
20,193.0,-901.60,-111.06,13.740,180.00
20,194.0,-901.60,-124.17,13.120,180.00
20,195.0,-901.60,-138.13,13.960,180.00
20,196.0,-901.60,-151.22,13.090,180.00
20,197.0,-901.60,-164.72,13.500,180.00
20,198.0,-901.60,-177.89,13.170,180.00
20,199.0,-901.60,-190.75,12.870,180.00
20,200.0,-901.60,-204.60,13.850,180.00
20,201.0,-901.60,-218.46,13.860,180.00
20,202.0,-901.60,-232.57,14.110,180.00
20,203.0,-901.60,-246.23,13.660,180.00
20,204.0,-901.60,-259.67,13.430,180.00
20,205.0,-901.60,-272.99,13.320,180.00
20,206.0,-901.60,-285.15,12.160,180.00
20,207.0,-901.59,-292.87,7.710,179.89
20,208.0,-898.52,-299.93,8.070,146.76
20,209.0,-891.09,-301.60,7.770,95.35
20,210.0,-881.41,-301.60,9.680,90.00
20,211.0,-870.15,-301.60,11.250,90.00
20,212.0,-856.66,-301.60,13.490,90.00
20,213.0,-843.22,-301.60,13.450,90.00
20,214.0,-830.31,-301.60,12.910,90.00
20,215.0,-816.45,-301.60,13.860,90.00
20,216.0,-803.28,-301.60,13.170,90.00
20,217.0,-790.39,-301.60,12.890,90.00
20,218.0,-776.96,-301.60,13.430,90.00
20,219.0,-763.24,-301.60,13.720,90.00
20,220.0,-750.32,-301.60,12.920,90.00
20,221.0,-736.80,-301.60,13.530,90.00
20,222.0,-723.78,-301.60,13.020,90.00
20,223.0,-709.73,-301.60,14.050,90.00
20,224.0,-696.17,-301.60,13.550,90.00
20,225.0,-682.36,-301.60,13.810,90.00
21,0.0,-612.30,601.60,0.000,270.00
21,1.0,-614.62,601.60,2.320,270.00
21,2.0,-619.41,601.60,4.780,270.00
21,3.0,-625.92,601.60,6.510,270.00
21,4.0,-634.22,601.60,8.300,270.00
21,5.0,-644.21,601.60,9.990,270.00
21,6.0,-656.47,601.60,12.260,270.00
21,7.0,-669.38,601.60,12.910,270.00
21,8.0,-683.03,601.60,13.650,270.00
21,9.0,-695.95,601.60,12.920,270.00
21,10.0,-709.57,601.60,13.630,270.00
21,11.0,-723.52,601.60,13.940,270.00
21,12.0,-736.52,601.60,13.000,270.00
21,13.0,-750.47,601.60,13.950,270.00
21,14.0,-764.46,601.60,13.990,270.00
21,15.0,-777.43,601.60,12.970,270.00
21,16.0,-791.45,601.60,14.020,270.00
21,17.0,-804.62,601.60,13.170,270.00
21,18.0,-817.52,601.60,12.900,270.00
21,19.0,-830.72,601.60,13.200,270.00
21,20.0,-844.07,601.60,13.340,270.00
21,21.0,-857.47,601.60,13.400,270.00
21,22.0,-870.67,601.60,13.200,270.00
21,23.0,-882.01,601.60,11.340,270.00
21,24.0,-888.86,601.60,6.840,270.00
21,25.0,-892.43,601.60,3.570,270.00
21,26.0,-894.37,599.93,2.780,248.14
21,27.0,-892.28,598.40,2.780,167.49
21,28.0,-888.08,598.40,4.200,91.79
21,29.0,-882.10,598.40,5.980,90.00
21,30.0,-874.18,598.40,7.920,90.00
21,31.0,-863.89,598.40,10.290,90.00
21,32.0,-851.21,598.40,12.690,90.00
21,33.0,-837.25,598.40,13.950,90.00
21,34.0,-823.26,598.40,13.990,90.00
21,35.0,-809.34,598.40,13.920,90.00
21,36.0,-795.34,598.40,14.000,90.00
21,37.0,-781.40,598.40,13.940,90.00
21,38.0,-767.52,598.40,13.880,90.00
21,39.0,-753.68,598.40,13.840,90.00
21,40.0,-739.76,598.40,13.920,90.00
21,41.0,-726.01,598.40,13.750,90.00
21,42.0,-712.22,598.40,13.800,90.00
21,43.0,-698.59,598.40,13.630,90.00
21,44.0,-685.20,598.40,13.390,90.00
21,45.0,-671.72,598.40,13.480,90.00
21,46.0,-657.98,598.40,13.740,90.00
21,47.0,-644.76,598.40,13.210,90.00
21,48.0,-631.68,598.40,13.080,90.00
21,49.0,-619.79,598.40,11.900,90.00
21,50.0,-612.00,598.40,7.780,90.00
21,51.0,-607.50,598.40,4.500,90.00
21,52.0,-601.19,598.40,6.310,90.00
21,53.0,-592.68,598.40,8.510,90.00
21,54.0,-582.56,598.40,10.120,90.00
21,55.0,-570.61,598.40,11.950,90.00
21,56.0,-557.44,598.40,13.170,90.00
21,57.0,-543.72,598.40,13.720,90.00
21,58.0,-530.84,598.40,12.870,90.00
21,59.0,-517.10,598.40,13.740,90.00
21,60.0,-503.50,598.40,13.600,90.00
21,61.0,-489.63,598.40,13.860,90.00
21,62.0,-476.76,598.40,12.870,90.00
21,63.0,-463.24,598.40,13.520,90.00
21,64.0,-450.11,598.40,13.130,90.00
21,65.0,-436.91,598.40,13.200,90.00
21,66.0,-422.98,598.40,13.930,90.00
21,67.0,-410.00,598.40,12.990,90.00
21,68.0,-396.08,598.40,13.910,90.00
21,69.0,-382.77,598.40,13.310,90.00
21,70.0,-369.34,598.40,13.430,90.00
21,71.0,-355.90,598.40,13.440,90.00
21,72.0,-343.01,598.40,12.890,90.00
21,73.0,-329.86,598.40,13.150,90.00
21,74.0,-318.20,598.40,11.650,90.00
21,75.0,-311.05,598.40,7.150,90.00
21,76.0,-305.21,598.12,5.860,93.27
21,77.0,-301.83,594.42,5.380,140.51
21,78.0,-301.60,589.06,5.380,177.96
21,79.0,-301.60,581.66,7.400,180.00
21,80.0,-301.60,572.52,9.140,180.00
21,81.0,-301.60,561.93,10.590,180.00
21,82.0,-301.60,548.76,13.170,180.00
21,83.0,-301.60,535.54,13.220,180.00
21,84.0,-301.60,521.99,13.550,180.00
21,85.0,-301.60,508.43,13.560,180.00
21,86.0,-301.60,495.25,13.180,180.00
21,87.0,-301.60,481.82,13.430,180.00
21,88.0,-301.60,468.63,13.190,180.00
21,89.0,-301.60,455.20,13.430,180.00
21,90.0,-301.60,441.50,13.700,180.00
21,91.0,-301.60,428.67,12.830,180.00
21,92.0,-301.60,415.72,12.950,180.00
21,93.0,-301.60,402.58,13.140,180.00
21,94.0,-301.60,388.77,13.810,180.00
21,95.0,-301.60,374.99,13.780,180.00
21,96.0,-301.60,361.50,13.490,180.00
21,97.0,-301.60,347.81,13.690,180.00
21,98.0,-301.60,334.00,13.810,180.00
21,99.0,-301.60,321.18,12.820,180.00
21,100.0,-301.60,307.89,13.280,180.00
21,101.0,-301.60,294.55,13.340,180.00
21,102.0,-301.60,281.38,13.170,180.00
21,103.0,-301.60,268.41,12.970,180.00
21,104.0,-301.60,254.83,13.580,180.00
21,105.0,-301.60,240.90,13.930,180.00
21,106.0,-301.60,227.85,13.050,180.00
21,107.0,-301.60,213.87,13.970,180.00
21,108.0,-301.60,201.11,12.770,180.00
21,109.0,-301.60,187.55,13.560,180.00
21,110.0,-301.60,173.65,13.900,180.00
21,111.0,-301.60,160.74,12.900,180.00
21,112.0,-301.60,146.72,14.020,180.00
21,113.0,-301.60,133.49,13.230,180.00
21,114.0,-301.60,120.55,12.940,180.00
21,115.0,-301.60,106.82,13.740,180.00
21,116.0,-301.60,94.00,12.810,180.00
21,117.0,-301.60,80.05,13.950,180.00
21,118.0,-301.60,66.46,13.590,180.00
21,119.0,-301.60,53.07,13.390,180.00
21,120.0,-301.60,40.02,13.050,180.00
21,121.0,-301.60,26.28,13.740,180.00
21,122.0,-301.60,13.36,12.930,180.00
21,123.0,-301.60,0.53,12.820,180.00
21,124.0,-301.60,-12.89,13.420,180.00
21,125.0,-301.60,-26.89,14.000,180.00
21,126.0,-301.60,-40.51,13.610,180.00
21,127.0,-301.60,-54.14,13.630,180.00
21,128.0,-301.60,-67.75,13.610,180.00
21,129.0,-301.60,-81.06,13.320,180.00
21,130.0,-301.60,-94.04,12.970,180.00
21,131.0,-301.60,-107.52,13.480,180.00
21,132.0,-301.60,-120.48,12.960,180.00
21,133.0,-301.60,-133.34,12.850,180.00
21,134.0,-301.60,-147.24,13.900,180.00
21,135.0,-301.60,-160.23,12.990,180.00
21,136.0,-301.60,-173.41,13.180,180.00
21,137.0,-301.60,-187.20,13.790,180.00
21,138.0,-301.60,-200.56,13.360,180.00
21,139.0,-301.60,-214.05,13.490,180.00
21,140.0,-301.60,-227.19,13.140,180.00
21,141.0,-301.60,-240.31,13.110,180.00
21,142.0,-301.60,-253.97,13.660,180.00
21,143.0,-301.60,-267.13,13.160,180.00
21,144.0,-301.60,-280.77,13.640,180.00
21,145.0,-301.60,-294.76,13.990,180.00
21,146.0,-301.60,-307.78,13.020,180.00
21,147.0,-301.60,-320.67,12.880,180.00
21,148.0,-301.60,-333.80,13.130,180.00
21,149.0,-301.60,-347.51,13.710,180.00
21,150.0,-301.60,-360.47,12.960,180.00
21,151.0,-301.60,-373.81,13.340,180.00
21,152.0,-301.60,-387.81,14.000,180.00
21,153.0,-301.60,-401.84,14.020,180.00
21,154.0,-301.60,-415.79,13.950,180.00
21,155.0,-301.60,-428.96,13.180,180.00
21,156.0,-301.60,-442.41,13.450,180.00
21,157.0,-301.60,-455.81,13.400,180.00
21,158.0,-301.60,-468.92,13.110,180.00
21,159.0,-301.60,-482.89,13.970,180.00
21,160.0,-301.60,-496.08,13.190,180.00
21,161.0,-301.60,-509.61,13.530,180.00
21,162.0,-301.60,-523.21,13.600,180.00
21,163.0,-301.60,-537.21,14.000,180.00
21,164.0,-301.60,-551.08,13.870,180.00
21,165.0,-301.60,-564.13,13.050,180.00
21,166.0,-301.60,-577.02,12.890,180.00
21,167.0,-301.60,-587.81,10.790,180.00
21,168.0,-301.78,-594.08,6.290,182.10
21,169.0,-305.61,-598.17,6.130,231.02
21,170.0,-311.26,-598.40,5.670,268.48
21,171.0,-319.21,-598.40,7.950,270.00
21,172.0,-329.05,-598.40,9.840,270.00
21,173.0,-341.35,-598.40,12.290,270.00
21,174.0,-354.54,-598.40,13.190,270.00
21,175.0,-368.33,-598.40,13.790,270.00
21,176.0,-382.32,-598.40,13.990,270.00
21,177.0,-396.30,-598.40,13.980,270.00
21,178.0,-409.31,-598.40,13.010,270.00
21,179.0,-422.38,-598.40,13.070,270.00
21,180.0,-435.67,-598.40,13.280,270.00
21,181.0,-448.81,-598.40,13.150,270.00
21,182.0,-461.55,-598.40,12.740,270.00
21,183.0,-474.30,-598.40,12.760,270.00
21,184.0,-487.18,-598.40,12.870,270.00
21,185.0,-499.96,-598.40,12.780,270.00
21,186.0,-513.30,-598.40,13.350,270.00
21,187.0,-526.07,-598.40,12.770,270.00
21,188.0,-539.08,-598.40,13.000,270.00
21,189.0,-552.37,-598.40,13.290,270.00
21,190.0,-565.20,-598.40,12.840,270.00
21,191.0,-579.17,-598.40,13.970,270.00
21,192.0,-592.60,-598.40,13.430,270.00
22,0.0,-887.70,298.40,0.000,90.00
22,1.0,-885.49,298.40,2.210,90.00
22,2.0,-880.99,298.40,4.510,90.00
22,3.0,-874.08,298.40,6.900,90.00
22,4.0,-865.49,298.40,8.590,90.00
22,5.0,-855.19,298.40,10.310,90.00
22,6.0,-843.14,298.40,12.050,90.00
22,7.0,-830.20,298.40,12.940,90.00
22,8.0,-817.41,298.40,12.790,90.00
22,9.0,-805.05,298.40,12.360,90.00
22,10.0,-792.76,298.40,12.290,90.00
22,11.0,-779.50,298.40,13.260,90.00
22,12.0,-766.66,298.40,12.840,90.00
22,13.0,-753.52,298.40,13.140,90.00
22,14.0,-740.33,298.40,13.190,90.00
22,15.0,-727.27,298.40,13.060,90.00
22,16.0,-714.82,298.40,12.450,90.00
22,17.0,-702.27,298.40,12.550,90.00
22,18.0,-689.42,298.40,12.860,90.00
22,19.0,-676.14,298.40,13.280,90.00
22,20.0,-662.99,298.40,13.150,90.00
22,21.0,-649.60,298.40,13.390,90.00
22,22.0,-636.19,298.40,13.410,90.00
22,23.0,-623.44,298.40,12.740,90.00
22,24.0,-614.35,298.40,9.100,90.00
22,25.0,-609.07,298.40,5.280,90.00
22,26.0,-602.36,299.54,6.910,76.65
22,27.0,-598.64,305.51,7.440,21.03
22,28.0,-598.40,313.16,7.670,0.00
22,29.0,-598.40,323.19,10.030,0.00
22,30.0,-598.40,335.68,12.490,0.00
22,31.0,-598.40,348.32,12.630,0.00
22,32.0,-598.40,361.01,12.690,0.00
22,33.0,-598.40,373.91,12.900,0.00
22,34.0,-598.40,387.31,13.400,0.00
22,35.0,-598.40,400.85,13.540,0.00
22,36.0,-598.40,413.20,12.350,0.00
22,37.0,-598.40,425.77,12.560,0.00
22,38.0,-598.40,438.54,12.770,0.00
22,39.0,-598.40,451.96,13.420,0.00
22,40.0,-598.40,464.43,12.470,0.00
22,41.0,-598.40,477.56,13.130,0.00
22,42.0,-598.40,490.15,12.590,0.00
22,43.0,-598.40,502.47,12.320,0.00
22,44.0,-598.40,515.80,13.330,0.00
22,45.0,-598.40,529.04,13.240,0.00
22,46.0,-598.40,541.93,12.890,0.00
22,47.0,-598.40,555.44,13.510,0.00
22,48.0,-598.40,568.23,12.790,0.00
22,49.0,-598.40,580.64,12.410,0.00
22,50.0,-598.40,588.55,7.910,0.00
22,51.0,-598.40,591.97,3.410,0.00
22,52.0,-600.06,594.37,3.240,338.20
22,53.0,-601.60,591.53,3.530,232.49
22,54.0,-601.60,585.63,5.900,180.00
22,55.0,-601.60,577.13,8.500,180.00
22,56.0,-601.60,566.99,10.140,180.00
22,57.0,-601.60,554.27,12.720,180.00
22,58.0,-601.60,541.24,13.030,180.00
22,59.0,-601.60,528.59,12.650,180.00
22,60.0,-601.60,515.71,12.880,180.00
22,61.0,-601.60,502.50,13.210,180.00
22,62.0,-601.60,489.55,12.940,180.00
22,63.0,-601.60,476.44,13.110,180.00
22,64.0,-601.60,463.71,12.720,180.00
22,65.0,-601.60,451.45,12.270,180.00
22,66.0,-601.60,438.03,13.410,180.00
22,67.0,-601.60,424.84,13.200,180.00
22,68.0,-601.60,411.62,13.220,180.00
22,69.0,-601.60,398.70,12.920,180.00
22,70.0,-601.60,385.76,12.940,180.00
22,71.0,-601.60,372.82,12.940,180.00
22,72.0,-601.60,359.30,13.530,180.00
22,73.0,-601.60,346.23,13.060,180.00
22,74.0,-601.60,333.20,13.030,180.00
22,75.0,-601.60,320.53,12.670,180.00
22,76.0,-601.60,307.65,12.880,180.00
23,0.0,-887.70,598.40,0.000,90.00
23,1.0,-885.38,598.40,2.320,90.00
23,2.0,-881.45,598.40,3.930,90.00
23,3.0,-875.72,598.40,5.730,90.00
23,4.0,-868.57,598.40,7.140,90.00
23,5.0,-859.65,598.40,8.920,90.00
23,6.0,-849.17,598.40,10.490,90.00
23,7.0,-836.87,598.40,12.300,90.00
23,8.0,-825.21,598.40,11.660,90.00
23,9.0,-813.22,598.40,11.980,90.00
23,10.0,-801.42,598.40,11.800,90.00
23,11.0,-790.14,598.40,11.280,90.00
23,12.0,-778.18,598.40,11.960,90.00
23,13.0,-766.95,598.40,11.230,90.00
23,14.0,-755.47,598.40,11.470,90.00
23,15.0,-743.55,598.40,11.930,90.00
23,16.0,-731.27,598.40,12.270,90.00
23,17.0,-719.00,598.40,12.280,90.00
23,18.0,-707.68,598.40,11.310,90.00
23,19.0,-696.22,598.40,11.460,90.00
23,20.0,-684.16,598.40,12.060,90.00
23,21.0,-672.56,598.40,11.610,90.00
23,22.0,-660.50,598.40,12.050,90.00
23,23.0,-648.38,598.40,12.130,90.00
23,24.0,-636.92,598.40,11.460,90.00
23,25.0,-624.57,598.40,12.350,90.00
23,26.0,-614.35,598.40,10.220,90.00
23,27.0,-608.63,598.40,5.720,90.00
23,28.0,-600.58,598.40,8.040,90.00
23,29.0,-591.22,598.40,9.360,90.00
23,30.0,-580.12,598.40,11.100,90.00
23,31.0,-568.02,598.40,12.100,90.00
23,32.0,-556.87,598.40,11.150,90.00
23,33.0,-545.11,598.40,11.760,90.00
23,34.0,-533.59,598.40,11.520,90.00
23,35.0,-522.07,598.40,11.520,90.00
23,36.0,-510.38,598.40,11.690,90.00
23,37.0,-498.30,598.40,12.080,90.00
23,38.0,-486.42,598.40,11.880,90.00
23,39.0,-475.32,598.40,11.100,90.00
23,40.0,-464.09,598.40,11.230,90.00
23,41.0,-452.14,598.40,11.960,90.00
23,42.0,-441.02,598.40,11.120,90.00
23,43.0,-429.33,598.40,11.690,90.00
23,44.0,-417.76,598.40,11.570,90.00
23,45.0,-406.16,598.40,11.600,90.00
23,46.0,-395.06,598.40,11.100,90.00
23,47.0,-383.48,598.40,11.590,90.00
23,48.0,-371.50,598.40,11.980,90.00
23,49.0,-359.39,598.40,12.110,90.00
23,50.0,-347.93,598.40,11.460,90.00
23,51.0,-336.70,598.40,11.220,90.00
23,52.0,-325.63,598.40,11.070,90.00
23,53.0,-315.17,598.40,10.460,90.00
23,54.0,-309.08,598.40,6.090,90.00
23,55.0,-304.60,597.96,4.520,95.06
23,56.0,-301.81,594.26,4.910,142.58
23,57.0,-301.60,589.08,5.190,177.93
23,58.0,-301.60,582.39,6.690,180.00
23,59.0,-301.60,573.30,9.090,180.00
23,60.0,-301.60,562.16,11.140,180.00
23,61.0,-301.60,551.04,11.120,180.00
23,62.0,-301.60,539.30,11.740,180.00
23,63.0,-301.60,528.12,11.180,180.00
23,64.0,-301.60,516.56,11.570,180.00
23,65.0,-301.60,505.32,11.240,180.00
23,66.0,-301.60,494.18,11.140,180.00
23,67.0,-301.60,483.05,11.130,180.00
23,68.0,-301.60,471.66,11.390,180.00
23,69.0,-301.60,460.52,11.130,180.00
23,70.0,-301.60,448.84,11.690,180.00
23,71.0,-301.60,437.09,11.750,180.00
23,72.0,-301.60,424.96,12.130,180.00
23,73.0,-301.60,413.86,11.100,180.00
23,74.0,-301.60,401.69,12.170,180.00
23,75.0,-301.60,389.45,12.240,180.00
23,76.0,-301.60,378.28,11.170,180.00
23,77.0,-301.60,366.60,11.680,180.00
23,78.0,-301.60,355.05,11.560,180.00
23,79.0,-301.60,343.90,11.150,180.00
23,80.0,-301.60,332.81,11.080,180.00
23,81.0,-301.60,321.38,11.430,180.00
23,82.0,-301.60,310.32,11.060,180.00
23,83.0,-301.60,298.58,11.740,180.00
23,84.0,-301.60,286.55,12.030,180.00
23,85.0,-301.60,275.35,11.200,180.00
23,86.0,-301.60,263.43,11.920,180.00
23,87.0,-301.60,251.21,12.220,180.00
23,88.0,-301.60,239.21,12.000,180.00
23,89.0,-301.60,227.19,12.020,180.00
23,90.0,-301.60,215.52,11.670,180.00
23,91.0,-301.60,204.03,11.490,180.00
23,92.0,-301.60,192.33,11.700,180.00
23,93.0,-301.60,180.30,12.030,180.00
23,94.0,-301.60,168.80,11.500,180.00
23,95.0,-301.60,156.99,11.810,180.00
23,96.0,-301.60,145.01,11.980,180.00
23,97.0,-301.60,133.07,11.940,180.00
23,98.0,-301.60,121.26,11.810,180.00
23,99.0,-301.60,109.79,11.480,180.00
23,100.0,-301.60,98.47,11.320,180.00
23,101.0,-301.60,86.82,11.650,180.00
23,102.0,-301.60,74.88,11.940,180.00
23,103.0,-301.60,63.50,11.380,180.00
23,104.0,-301.60,51.59,11.910,180.00
23,105.0,-301.60,40.28,11.320,180.00
23,106.0,-301.60,28.87,11.410,180.00
23,107.0,-301.60,17.02,11.850,180.00
23,108.0,-301.60,5.20,11.830,180.00
23,109.0,-301.60,-6.75,11.950,180.00
23,110.0,-301.60,-19.10,12.350,180.00
23,111.0,-301.60,-31.13,12.030,180.00
23,112.0,-301.60,-43.35,12.210,180.00
23,113.0,-301.60,-54.56,11.210,180.00
23,114.0,-301.60,-66.36,11.810,180.00
23,115.0,-301.60,-77.60,11.240,180.00
23,116.0,-301.60,-89.64,12.030,180.00
23,117.0,-301.60,-100.73,11.090,180.00
23,118.0,-301.60,-112.69,11.970,180.00
23,119.0,-301.60,-124.22,11.530,180.00
23,120.0,-301.60,-136.00,11.780,180.00
23,121.0,-301.60,-147.41,11.410,180.00
23,122.0,-301.60,-158.90,11.500,180.00
23,123.0,-301.60,-170.33,11.430,180.00
23,124.0,-301.60,-182.51,12.180,180.00
23,125.0,-301.60,-193.59,11.080,180.00
23,126.0,-301.60,-205.74,12.150,180.00
23,127.0,-301.60,-217.39,11.650,180.00
23,128.0,-301.60,-229.64,12.250,180.00
23,129.0,-301.60,-241.39,11.760,180.00
23,130.0,-301.60,-253.46,12.060,180.00
23,131.0,-301.60,-264.74,11.280,180.00
23,132.0,-301.60,-276.59,11.850,180.00
23,133.0,-301.60,-288.34,11.750,180.00
23,134.0,-301.60,-299.68,11.340,180.00
23,135.0,-301.60,-311.72,12.040,180.00
23,136.0,-301.60,-324.03,12.310,180.00
23,137.0,-301.60,-335.83,11.800,180.00
23,138.0,-301.60,-347.37,11.540,180.00
23,139.0,-301.60,-358.44,11.070,180.00
23,140.0,-301.60,-370.12,11.680,180.00
23,141.0,-301.60,-381.27,11.140,180.00
23,142.0,-301.60,-392.54,11.280,180.00
23,143.0,-301.60,-403.80,11.260,180.00
23,144.0,-301.60,-414.86,11.060,180.00
23,145.0,-301.60,-426.67,11.810,180.00
23,146.0,-301.60,-438.48,11.810,180.00
23,147.0,-301.60,-449.71,11.230,180.00
23,148.0,-301.60,-461.59,11.890,180.00
23,149.0,-301.60,-473.86,12.270,180.00
23,150.0,-301.60,-485.72,11.860,180.00
23,151.0,-301.60,-497.77,12.050,180.00
23,152.0,-301.60,-509.37,11.610,180.00
23,153.0,-301.60,-520.67,11.300,180.00
23,154.0,-301.60,-532.83,12.170,180.00
23,155.0,-301.60,-545.05,12.220,180.00
23,156.0,-301.60,-557.25,12.200,180.00
23,157.0,-301.60,-568.64,11.390,180.00
23,158.0,-301.60,-579.91,11.270,180.00
23,159.0,-301.60,-591.72,11.800,180.00
23,160.0,-301.60,-603.34,11.620,180.00
23,161.0,-301.60,-615.14,11.800,180.00
23,162.0,-301.60,-626.53,11.390,180.00
23,163.0,-301.60,-638.38,11.850,180.00
23,164.0,-301.60,-650.56,12.180,180.00
23,165.0,-301.60,-662.52,11.960,180.00
23,166.0,-301.60,-674.11,11.590,180.00
23,167.0,-301.60,-685.86,11.750,180.00
23,168.0,-301.60,-697.23,11.380,180.00
23,169.0,-301.60,-709.59,12.360,180.00
23,170.0,-301.60,-721.55,11.960,180.00
23,171.0,-301.60,-733.43,11.880,180.00
23,172.0,-301.60,-745.65,12.210,180.00
23,173.0,-301.60,-756.76,11.110,180.00
23,174.0,-301.60,-768.63,11.870,180.00
23,175.0,-301.60,-780.46,11.830,180.00
23,176.0,-301.60,-791.57,11.110,180.00
23,177.0,-301.60,-803.50,11.930,180.00
23,178.0,-301.60,-814.66,11.160,180.00
23,179.0,-301.60,-826.79,12.130,180.00
23,180.0,-301.60,-837.88,11.100,180.00
23,181.0,-301.60,-849.73,11.850,180.00
23,182.0,-301.60,-862.03,12.290,180.00
23,183.0,-301.60,-873.64,11.620,180.00
23,184.0,-301.60,-884.14,10.490,180.00
23,185.0,-301.60,-890.49,6.360,180.00
23,186.0,-301.54,-892.88,2.410,179.36
23,187.0,-299.87,-894.33,2.390,156.80
23,188.0,-298.40,-892.03,2.960,68.86
23,189.0,-298.40,-886.73,5.300,0.00
23,190.0,-298.40,-879.27,7.460,0.00
23,191.0,-298.40,-869.89,9.380,0.00
23,192.0,-298.40,-858.31,11.580,0.00
23,193.0,-298.40,-846.59,11.720,0.00
23,194.0,-298.40,-835.34,11.250,0.00
23,195.0,-298.40,-823.93,11.410,0.00
23,196.0,-298.40,-812.56,11.370,0.00
23,197.0,-298.40,-800.88,11.680,0.00
23,198.0,-298.40,-788.99,11.900,0.00
23,199.0,-298.40,-777.54,11.450,0.00
23,200.0,-298.40,-765.64,11.900,0.00
23,201.0,-298.40,-754.14,11.500,0.00
23,202.0,-298.40,-742.46,11.680,0.00
23,203.0,-298.40,-730.53,11.930,0.00
23,204.0,-298.40,-719.01,11.530,0.00
23,205.0,-298.40,-707.55,11.460,0.00
23,206.0,-298.40,-696.19,11.360,0.00
23,207.0,-298.40,-684.83,11.360,0.00
23,208.0,-298.40,-673.30,11.530,0.00
23,209.0,-298.40,-660.96,12.340,0.00
23,210.0,-298.40,-649.16,11.800,0.00
23,211.0,-298.40,-636.86,12.300,0.00
23,212.0,-298.40,-624.86,12.010,0.00
23,213.0,-298.40,-613.04,11.820,0.00
24,0.0,301.60,-287.70,0.000,0.00
24,1.0,301.60,-285.29,2.410,0.00
24,2.0,301.60,-281.41,3.870,0.00
24,3.0,301.60,-275.11,6.300,0.00
24,4.0,301.60,-266.69,8.430,0.00
24,5.0,301.60,-256.47,10.220,0.00
24,6.0,301.60,-245.05,11.430,0.00
24,7.0,301.60,-234.27,10.780,0.00
24,8.0,301.60,-223.81,10.460,0.00
24,9.0,301.60,-212.49,11.310,0.00
24,10.0,301.60,-201.35,11.140,0.00
24,11.0,301.60,-190.12,11.230,0.00
24,12.0,301.60,-179.27,10.860,0.00
24,13.0,301.60,-168.95,10.320,0.00
24,14.0,301.60,-157.61,11.340,0.00
24,15.0,301.60,-146.19,11.420,0.00
24,16.0,301.60,-135.71,10.480,0.00
24,17.0,301.60,-124.79,10.930,0.00
24,18.0,301.60,-114.42,10.370,0.00
24,19.0,301.60,-103.43,10.990,0.00
24,20.0,301.60,-92.47,10.960,0.00
24,21.0,301.60,-81.58,10.890,0.00
24,22.0,301.60,-70.90,10.670,0.00
24,23.0,301.60,-60.68,10.230,0.00
24,24.0,301.60,-50.00,10.670,0.00
24,25.0,301.60,-38.71,11.290,0.00
24,26.0,301.60,-27.95,10.760,0.00
24,27.0,301.60,-17.76,10.190,0.00
24,28.0,301.60,-7.43,10.330,0.00
24,29.0,301.60,3.65,11.070,0.00
24,30.0,301.60,14.70,11.060,0.00
24,31.0,301.60,25.67,10.970,0.00
24,32.0,301.60,36.60,10.930,0.00
24,33.0,301.60,47.51,10.910,0.00
24,34.0,301.60,58.60,11.090,0.00
24,35.0,301.60,68.88,10.280,0.00
24,36.0,301.60,79.90,11.010,0.00
24,37.0,301.60,90.89,10.990,0.00
24,38.0,301.60,101.68,10.790,0.00
24,39.0,301.60,112.70,11.020,0.00
24,40.0,301.60,123.28,10.590,0.00
24,41.0,301.60,134.22,10.940,0.00
24,42.0,301.60,145.57,11.350,0.00
24,43.0,301.60,156.04,10.470,0.00
24,44.0,301.60,167.49,11.440,0.00
24,45.0,301.60,177.68,10.200,0.00
24,46.0,301.60,189.03,11.340,0.00
24,47.0,301.60,200.11,11.080,0.00
24,48.0,301.60,210.56,10.450,0.00
24,49.0,301.60,221.21,10.650,0.00
24,50.0,301.60,231.73,10.520,0.00
24,51.0,301.60,242.74,11.010,0.00
24,52.0,301.60,253.63,10.900,0.00
24,53.0,301.60,264.89,11.250,0.00
24,54.0,301.60,275.30,10.410,0.00
24,55.0,301.60,286.34,11.040,0.00
24,56.0,301.58,292.91,6.580,359.81
24,57.0,299.84,298.67,6.140,341.10
24,58.0,294.88,301.30,5.850,292.86
24,59.0,288.89,301.60,6.010,271.78
24,60.0,280.58,301.60,8.320,270.00
24,61.0,270.57,301.60,10.010,270.00
24,62.0,259.41,301.60,11.160,270.00
24,63.0,248.63,301.60,10.780,270.00
24,64.0,238.17,301.60,10.460,270.00
24,65.0,227.13,301.60,11.040,270.00
24,66.0,215.96,301.60,11.170,270.00
24,67.0,204.66,301.60,11.300,270.00
24,68.0,194.40,301.60,10.250,270.00
24,69.0,183.22,301.60,11.180,270.00
24,70.0,172.69,301.60,10.530,270.00
24,71.0,162.35,301.60,10.340,270.00
24,72.0,151.45,301.60,10.910,270.00
24,73.0,140.50,301.60,10.950,270.00
24,74.0,129.40,301.60,11.100,270.00
24,75.0,118.42,301.60,10.980,270.00
24,76.0,107.48,301.60,10.950,270.00
24,77.0,96.61,301.60,10.860,270.00
24,78.0,85.53,301.60,11.090,270.00
24,79.0,74.59,301.60,10.930,270.00
24,80.0,63.98,301.60,10.610,270.00
24,81.0,52.78,301.60,11.210,270.00
24,82.0,41.80,301.60,10.980,270.00
24,83.0,30.76,301.60,11.040,270.00
24,84.0,19.38,301.60,11.380,270.00
24,85.0,11.96,301.60,7.420,270.00
24,86.0,7.68,301.60,4.280,270.00
24,87.0,7.35,301.60,0.330,270.00
24,88.0,7.32,301.60,0.030,270.00
24,89.0,7.31,301.60,0.010,270.00
24,90.0,5.50,301.60,1.810,270.00
24,91.0,1.73,301.60,3.760,270.00
24,92.0,-3.57,301.60,5.300,270.00
24,93.0,-10.92,301.60,7.350,270.00
24,94.0,-20.32,301.60,9.400,270.00
24,95.0,-30.54,301.60,10.220,270.00
24,96.0,-41.07,301.60,10.530,270.00
24,97.0,-51.97,301.60,10.900,270.00
24,98.0,-63.04,301.60,11.070,270.00
24,99.0,-74.15,301.60,11.110,270.00
24,100.0,-84.39,301.60,10.240,270.00
24,101.0,-95.67,301.60,11.280,270.00
24,102.0,-106.38,301.60,10.710,270.00
24,103.0,-117.76,301.60,11.380,270.00
24,104.0,-128.35,301.60,10.580,270.00
24,105.0,-139.75,301.60,11.400,270.00
24,106.0,-150.47,301.60,10.720,270.00
24,107.0,-161.45,301.60,10.980,270.00
24,108.0,-171.64,301.60,10.190,270.00
24,109.0,-182.68,301.60,11.040,270.00
24,110.0,-193.82,301.60,11.140,270.00
24,111.0,-204.91,301.60,11.090,270.00
24,112.0,-215.80,301.60,10.890,270.00
24,113.0,-226.85,301.60,11.050,270.00
24,114.0,-237.90,301.60,11.050,270.00
24,115.0,-248.20,301.60,10.300,270.00
24,116.0,-258.83,301.60,10.630,270.00
24,117.0,-270.19,301.60,11.360,270.00
24,118.0,-281.63,301.60,11.440,270.00
24,119.0,-288.93,301.60,7.300,270.00
24,120.0,-292.58,301.60,3.650,270.00
24,121.0,-292.65,301.60,0.080,270.00
24,122.0,-292.68,301.60,0.030,270.00
24,123.0,-292.69,301.60,0.010,270.00
24,124.0,-294.55,301.35,1.880,267.12
24,125.0,-297.66,300.44,3.300,256.53
24,126.0,-301.12,296.16,5.720,215.96
24,127.0,-301.60,290.40,5.800,184.22
24,128.0,-301.60,283.23,7.170,180.00
24,129.0,-301.60,273.88,9.350,180.00
24,130.0,-301.60,263.53,10.340,180.00
24,131.0,-301.60,252.86,10.670,180.00
24,132.0,-301.60,241.61,11.250,180.00
24,133.0,-301.60,231.11,10.500,180.00
24,134.0,-301.60,220.62,10.490,180.00
24,135.0,-301.60,209.73,10.890,180.00
24,136.0,-301.60,198.34,11.390,180.00
24,137.0,-301.60,187.75,10.590,180.00
24,138.0,-301.60,177.44,10.310,180.00
24,139.0,-301.60,166.57,10.870,180.00
24,140.0,-301.60,155.77,10.800,180.00
24,141.0,-301.60,145.52,10.250,180.00
24,142.0,-301.60,134.85,10.660,180.00
24,143.0,-301.60,123.59,11.260,180.00
24,144.0,-301.60,113.32,10.270,180.00
24,145.0,-301.60,102.23,11.100,180.00
24,146.0,-301.60,91.71,10.510,180.00
24,147.0,-301.60,81.04,10.680,180.00
24,148.0,-301.60,69.81,11.230,180.00
24,149.0,-301.60,59.22,10.590,180.00
24,150.0,-301.60,48.42,10.790,180.00
24,151.0,-301.60,38.22,10.200,180.00
24,152.0,-301.60,27.17,11.050,180.00
24,153.0,-301.60,16.23,10.940,180.00
25,0.0,-298.40,312.30,0.000,0.00
25,1.0,-298.40,313.68,1.380,0.00
25,2.0,-298.40,316.38,2.700,0.00
25,3.0,-298.40,320.52,4.140,0.00
25,4.0,-298.40,327.21,6.690,0.00
25,5.0,-298.40,336.33,9.110,0.00
25,6.0,-298.40,347.13,10.800,0.00
25,7.0,-298.40,358.15,11.020,0.00
25,8.0,-298.40,369.72,11.570,0.00
25,9.0,-298.40,381.06,11.340,0.00
25,10.0,-298.40,392.18,11.120,0.00
25,11.0,-298.40,403.22,11.040,0.00
25,12.0,-298.40,414.73,11.500,0.00
25,13.0,-298.40,426.18,11.450,0.00
25,14.0,-298.40,437.92,11.740,0.00
25,15.0,-298.40,448.82,10.900,0.00
25,16.0,-298.40,460.89,12.070,0.00
25,17.0,-298.40,472.77,11.880,0.00
25,18.0,-298.40,484.26,11.490,0.00
25,19.0,-298.40,495.33,11.070,0.00
25,20.0,-298.40,506.64,11.310,0.00
25,21.0,-298.40,518.49,11.850,0.00
25,22.0,-298.40,530.55,12.060,0.00
25,23.0,-298.40,541.81,11.270,0.00
25,24.0,-298.40,553.27,11.460,0.00
25,25.0,-298.40,565.14,11.860,0.00
25,26.0,-298.40,576.84,11.700,0.00
25,27.0,-298.40,586.45,9.610,0.00
25,28.0,-298.40,592.12,5.670,0.00
25,29.0,-299.29,594.04,2.220,349.29
25,30.0,-301.06,593.61,2.150,308.58
25,31.0,-301.60,591.33,2.450,226.62
25,32.0,-301.60,587.20,4.130,180.00
25,33.0,-301.60,580.90,6.300,180.00
25,34.0,-301.60,572.88,8.020,180.00
25,35.0,-301.60,562.56,10.310,180.00
25,36.0,-301.60,550.47,12.090,180.00
25,37.0,-301.60,539.17,11.300,180.00
25,38.0,-301.60,527.92,11.240,180.00
25,39.0,-301.60,516.85,11.080,180.00
25,40.0,-301.60,505.65,11.200,180.00
25,41.0,-301.60,493.68,11.970,180.00
25,42.0,-301.60,482.68,11.000,180.00
25,43.0,-301.60,471.85,10.830,180.00
25,44.0,-301.60,460.79,11.060,180.00
25,45.0,-301.60,449.00,11.780,180.00
25,46.0,-301.60,438.14,10.860,180.00
25,47.0,-301.60,426.12,12.020,180.00
25,48.0,-301.60,415.19,10.930,180.00
25,49.0,-301.60,403.18,12.010,180.00
25,50.0,-301.60,391.56,11.620,180.00
25,51.0,-301.60,380.35,11.210,180.00
25,52.0,-301.60,369.42,10.930,180.00
25,53.0,-301.60,358.07,11.350,180.00
25,54.0,-301.60,346.03,12.040,180.00
25,55.0,-301.60,334.85,11.180,180.00
25,56.0,-301.60,323.50,11.350,180.00
25,57.0,-301.60,313.26,10.240,180.00
25,58.0,-301.60,307.53,5.740,180.00
25,59.0,-303.24,302.86,5.120,199.78
25,60.0,-307.88,301.60,4.920,254.56
25,61.0,-314.99,301.60,7.120,270.00
25,62.0,-323.99,301.60,9.000,270.00
25,63.0,-335.25,301.60,11.260,270.00
25,64.0,-346.66,301.60,11.410,270.00
25,65.0,-358.71,301.60,12.050,270.00
25,66.0,-369.96,301.60,11.260,270.00
25,67.0,-381.24,301.60,11.280,270.00
25,68.0,-392.85,301.60,11.610,270.00
25,69.0,-404.06,301.60,11.200,270.00
25,70.0,-415.29,301.60,11.230,270.00
25,71.0,-426.95,301.60,11.660,270.00
25,72.0,-437.86,301.60,10.910,270.00
25,73.0,-448.71,301.60,10.850,270.00
25,74.0,-459.59,301.60,10.880,270.00
25,75.0,-471.46,301.60,11.870,270.00
25,76.0,-483.12,301.60,11.660,270.00
25,77.0,-494.48,301.60,11.360,270.00
25,78.0,-506.50,301.60,12.020,270.00
25,79.0,-518.34,301.60,11.840,270.00
25,80.0,-529.47,301.60,11.130,270.00
25,81.0,-541.47,301.60,12.000,270.00
25,82.0,-552.84,301.60,11.370,270.00
25,83.0,-563.81,301.60,10.970,270.00
25,84.0,-574.68,301.60,10.870,270.00
25,85.0,-584.47,301.60,9.790,270.00
25,86.0,-590.35,301.60,5.880,270.00
25,87.0,-596.48,301.07,6.170,263.96
25,88.0,-601.07,296.54,6.700,219.83
25,89.0,-601.60,290.76,5.820,184.81
25,90.0,-601.60,282.74,8.020,180.00
25,91.0,-601.60,272.77,9.970,180.00
25,92.0,-601.60,261.09,11.680,180.00
25,93.0,-601.60,249.06,12.030,180.00
25,94.0,-601.60,238.13,10.930,180.00
25,95.0,-601.60,227.05,11.080,180.00
25,96.0,-601.60,215.65,11.390,180.00
25,97.0,-601.60,204.50,11.150,180.00
25,98.0,-601.60,192.86,11.640,180.00
25,99.0,-601.60,181.10,11.760,180.00
25,100.0,-601.60,170.10,11.000,180.00
25,101.0,-601.60,158.43,11.670,180.00
25,102.0,-601.60,147.11,11.320,180.00
25,103.0,-601.60,135.18,11.930,180.00
25,104.0,-601.60,124.05,11.130,180.00
25,105.0,-601.60,112.25,11.790,180.00
25,106.0,-601.60,100.61,11.650,180.00
25,107.0,-601.60,89.78,10.820,180.00
25,108.0,-601.60,78.65,11.140,180.00
25,109.0,-601.60,67.62,11.030,180.00
25,110.0,-601.60,56.60,11.020,180.00
25,111.0,-601.60,45.54,11.060,180.00
25,112.0,-601.60,34.17,11.370,180.00
25,113.0,-601.60,23.13,11.030,180.00
25,114.0,-601.60,11.57,11.560,180.00
26,0.0,-587.70,898.40,0.000,90.00
26,1.0,-585.48,898.40,2.220,90.00
26,2.0,-580.75,898.40,4.730,90.00
26,3.0,-573.74,898.40,7.020,90.00
26,4.0,-564.91,898.40,8.830,90.00
26,5.0,-554.33,898.40,10.570,90.00
26,6.0,-542.06,898.40,12.280,90.00
26,7.0,-529.78,898.40,12.280,90.00
26,8.0,-517.89,898.40,11.880,90.00
26,9.0,-506.13,898.40,11.770,90.00
26,10.0,-493.81,898.40,12.310,90.00
26,11.0,-481.10,898.40,12.710,90.00
26,12.0,-468.92,898.40,12.190,90.00
26,13.0,-456.74,898.40,12.180,90.00
26,14.0,-444.50,898.40,12.240,90.00
26,15.0,-431.82,898.40,12.680,90.00
26,16.0,-420.32,898.40,11.510,90.00
26,17.0,-407.72,898.40,12.600,90.00
26,18.0,-394.99,898.40,12.720,90.00
26,19.0,-383.02,898.40,11.970,90.00
26,20.0,-371.50,898.40,11.530,90.00
26,21.0,-358.94,898.40,12.560,90.00
26,22.0,-346.61,898.40,12.330,90.00
26,23.0,-334.85,898.40,11.760,90.00
26,24.0,-323.12,898.40,11.730,90.00
26,25.0,-311.32,898.40,11.810,90.00
26,26.0,-299.66,898.40,11.660,90.00
26,27.0,-287.85,898.40,11.810,90.00
26,28.0,-275.31,898.40,12.540,90.00
26,29.0,-263.31,898.40,12.000,90.00
26,30.0,-251.46,898.40,11.850,90.00
26,31.0,-239.73,898.40,11.730,90.00
26,32.0,-227.23,898.40,12.510,90.00
26,33.0,-214.55,898.40,12.680,90.00
26,34.0,-202.54,898.40,12.000,90.00
26,35.0,-190.19,898.40,12.350,90.00
26,36.0,-178.67,898.40,11.520,90.00
26,37.0,-166.39,898.40,12.280,90.00
26,38.0,-154.27,898.40,12.130,90.00
26,39.0,-142.32,898.40,11.950,90.00
26,40.0,-129.64,898.40,12.690,90.00
26,41.0,-117.49,898.40,12.140,90.00
26,42.0,-105.04,898.40,12.450,90.00
26,43.0,-92.34,898.40,12.700,90.00
26,44.0,-79.94,898.40,12.400,90.00
26,45.0,-67.28,898.40,12.660,90.00
26,46.0,-55.08,898.40,12.210,90.00
26,47.0,-42.57,898.40,12.510,90.00
26,48.0,-30.26,898.40,12.310,90.00
26,49.0,-18.82,898.40,11.440,90.00
26,50.0,-6.61,898.40,12.200,90.00
26,51.0,4.93,898.40,11.540,90.00
26,52.0,16.90,898.40,11.970,90.00
26,53.0,28.98,898.40,12.090,90.00
26,54.0,41.66,898.40,12.680,90.00
26,55.0,53.81,898.40,12.150,90.00
26,56.0,65.62,898.40,11.810,90.00
26,57.0,77.58,898.40,11.970,90.00
26,58.0,89.59,898.40,12.000,90.00
26,59.0,101.84,898.40,12.260,90.00
26,60.0,113.59,898.40,11.740,90.00
26,61.0,125.32,898.40,11.730,90.00
26,62.0,137.02,898.40,11.700,90.00
26,63.0,149.10,898.40,12.080,90.00
26,64.0,161.69,898.40,12.590,90.00
26,65.0,173.43,898.40,11.740,90.00
26,66.0,185.96,898.40,12.520,90.00
26,67.0,198.28,898.40,12.320,90.00
26,68.0,210.97,898.40,12.690,90.00
26,69.0,222.42,898.40,11.440,90.00
26,70.0,235.06,898.40,12.650,90.00
26,71.0,247.29,898.40,12.230,90.00
26,72.0,259.36,898.40,12.070,90.00
26,73.0,271.11,898.40,11.750,90.00
26,74.0,282.98,898.40,11.860,90.00
26,75.0,295.02,898.40,12.040,90.00
26,76.0,307.31,898.40,12.290,90.00
26,77.0,320.02,898.40,12.710,90.00
26,78.0,332.45,898.40,12.420,90.00
26,79.0,344.80,898.40,12.350,90.00
26,80.0,357.03,898.40,12.220,90.00
26,81.0,369.03,898.40,12.000,90.00
26,82.0,381.16,898.40,12.130,90.00
26,83.0,393.75,898.40,12.600,90.00
26,84.0,405.20,898.40,11.440,90.00
26,85.0,417.73,898.40,12.530,90.00
26,86.0,429.52,898.40,11.790,90.00
26,87.0,441.74,898.40,12.210,90.00
26,88.0,453.91,898.40,12.170,90.00
26,89.0,465.91,898.40,12.010,90.00
26,90.0,478.16,898.40,12.250,90.00
26,91.0,490.40,898.40,12.240,90.00
26,92.0,502.70,898.40,12.300,90.00
26,93.0,515.31,898.40,12.620,90.00
26,94.0,527.54,898.40,12.230,90.00
26,95.0,539.87,898.40,12.330,90.00
26,96.0,552.47,898.40,12.600,90.00
26,97.0,564.53,898.40,12.060,90.00
26,98.0,576.86,898.40,12.330,90.00
26,99.0,589.38,898.40,12.520,90.00
26,100.0,601.86,898.40,12.480,90.00
26,101.0,614.25,898.40,12.390,90.00
26,102.0,626.60,898.40,12.350,90.00
26,103.0,638.89,898.40,12.290,90.00
26,104.0,651.50,898.40,12.610,90.00
26,105.0,663.64,898.40,12.130,90.00
26,106.0,675.36,898.40,11.720,90.00
26,107.0,687.17,898.40,11.810,90.00
26,108.0,698.99,898.40,11.810,90.00
26,109.0,711.24,898.40,12.260,90.00
26,110.0,723.48,898.40,12.230,90.00
26,111.0,735.12,898.40,11.640,90.00
26,112.0,747.41,898.40,12.290,90.00
26,113.0,759.38,898.40,11.970,90.00
26,114.0,771.35,898.40,11.970,90.00
26,115.0,783.26,898.40,11.910,90.00
26,116.0,795.98,898.40,12.720,90.00
26,117.0,807.54,898.40,11.570,90.00
26,118.0,819.67,898.40,12.130,90.00
26,119.0,831.22,898.40,11.550,90.00
26,120.0,843.42,898.40,12.200,90.00
26,121.0,855.65,898.40,12.230,90.00
26,122.0,867.37,898.40,11.720,90.00
26,123.0,879.84,898.40,12.470,90.00
26,124.0,889.99,898.40,10.150,90.00
26,125.0,896.63,898.40,6.640,90.00
26,126.0,898.40,896.27,3.280,121.45
26,127.0,898.40,891.38,4.890,180.00
26,128.0,898.40,884.23,7.150,180.00
26,129.0,898.40,875.51,8.720,180.00
26,130.0,898.40,864.53,10.980,180.00
26,131.0,898.40,852.94,11.590,180.00
26,132.0,898.40,841.32,11.620,180.00
26,133.0,898.40,828.69,12.630,180.00
26,134.0,898.40,816.87,11.830,180.00
26,135.0,898.40,804.78,12.090,180.00
26,136.0,898.40,793.10,11.680,180.00
26,137.0,898.40,781.02,12.080,180.00
26,138.0,898.40,769.58,11.440,180.00
26,139.0,898.40,757.64,11.940,180.00
26,140.0,898.40,745.04,12.600,180.00
26,141.0,898.40,733.45,11.590,180.00
26,142.0,898.40,720.80,12.650,180.00
26,143.0,898.40,708.50,12.300,180.00
26,144.0,898.40,696.33,12.170,180.00
26,145.0,898.40,683.75,12.580,180.00
26,146.0,898.40,672.01,11.740,180.00
26,147.0,898.40,660.20,11.810,180.00
26,148.0,898.40,648.53,11.670,180.00
26,149.0,898.40,637.35,11.180,180.00
26,150.0,898.40,626.55,10.800,180.00
26,151.0,898.40,614.57,11.980,180.00
26,152.0,898.40,602.90,11.680,180.00
26,153.0,898.40,591.08,11.810,180.00
26,154.0,898.40,578.96,12.120,180.00
26,155.0,898.40,566.29,12.670,180.00
26,156.0,898.40,553.63,12.660,180.00
26,157.0,898.40,542.04,11.590,180.00
26,158.0,898.40,529.96,12.080,180.00
26,159.0,898.40,518.38,11.580,180.00
26,160.0,898.40,506.04,12.340,180.00
26,161.0,898.40,493.30,12.740,180.00
26,162.0,898.40,481.47,11.830,180.00
26,163.0,898.40,469.20,12.270,180.00
26,164.0,898.40,456.58,12.620,180.00
26,165.0,898.40,444.36,12.220,180.00
26,166.0,898.40,432.21,12.150,180.00
26,167.0,898.40,419.53,12.690,180.00
26,168.0,898.40,407.78,11.750,180.00
26,169.0,898.40,395.27,12.510,180.00
26,170.0,898.40,383.52,11.750,180.00
26,171.0,898.40,371.52,12.000,180.00
26,172.0,898.40,359.16,12.360,180.00
26,173.0,898.40,347.45,11.710,180.00
26,174.0,898.40,335.22,12.230,180.00
26,175.0,898.40,322.54,12.680,180.00
26,176.0,898.40,310.75,11.800,180.00
26,177.0,898.40,299.17,11.570,180.00
26,178.0,898.40,287.48,11.690,180.00
26,179.0,898.40,275.85,11.630,180.00
26,180.0,898.40,263.85,12.000,180.00
26,181.0,898.40,252.06,11.790,180.00
26,182.0,898.40,240.05,12.000,180.00
26,183.0,898.40,227.39,12.660,180.00
26,184.0,898.40,214.87,12.520,180.00
26,185.0,898.40,202.25,12.620,180.00
26,186.0,898.40,190.06,12.180,180.00
26,187.0,898.40,178.11,11.960,180.00
26,188.0,898.40,165.73,12.370,180.00
26,189.0,898.40,153.05,12.680,180.00
26,190.0,898.40,141.16,11.890,180.00
26,191.0,898.40,129.25,11.920,180.00
26,192.0,898.40,117.02,12.220,180.00
26,193.0,898.40,104.70,12.330,180.00
26,194.0,898.40,92.15,12.550,180.00
26,195.0,898.40,80.00,12.150,180.00
26,196.0,898.40,68.23,11.770,180.00
26,197.0,898.40,56.53,11.700,180.00
26,198.0,898.40,44.43,12.090,180.00
26,199.0,898.40,32.92,11.510,180.00
26,200.0,898.40,20.58,12.340,180.00
26,201.0,898.40,11.01,9.570,180.00
26,202.0,898.22,5.95,5.070,182.05
26,203.0,895.50,2.10,5.000,215.32
26,204.0,890.33,1.60,5.230,265.63
26,205.0,883.39,1.60,6.950,270.00
26,206.0,873.86,1.60,9.520,270.00
26,207.0,861.82,1.60,12.040,270.00
26,208.0,849.96,1.60,11.870,270.00
26,209.0,837.27,1.60,12.680,270.00
26,210.0,825.18,1.60,12.090,270.00
26,211.0,812.83,1.60,12.350,270.00
26,212.0,801.26,1.60,11.560,270.00
26,213.0,789.01,1.60,12.250,270.00
26,214.0,776.34,1.60,12.670,270.00
26,215.0,764.83,1.60,11.510,270.00
26,216.0,752.49,1.60,12.340,270.00
26,217.0,740.76,1.60,11.730,270.00
27,0.0,287.70,1.60,0.000,270.00
27,1.0,285.36,1.60,2.340,270.00
27,2.0,280.69,1.60,4.670,270.00
27,3.0,274.66,1.60,6.030,270.00
27,4.0,267.25,1.60,7.410,270.00
27,5.0,257.60,1.60,9.650,270.00
27,6.0,245.89,1.60,11.710,270.00
27,7.0,233.53,1.60,12.360,270.00
27,8.0,220.39,1.60,13.140,270.00
27,9.0,208.36,1.60,12.030,270.00
27,10.0,195.86,1.60,12.510,270.00
27,11.0,183.12,1.60,12.740,270.00
27,12.0,170.88,1.60,12.230,270.00
27,13.0,158.60,1.60,12.290,270.00
27,14.0,145.48,1.60,13.120,270.00
27,15.0,133.56,1.60,11.920,270.00
27,16.0,120.40,1.60,13.150,270.00
27,17.0,107.43,1.60,12.980,270.00
27,18.0,94.37,1.60,13.050,270.00
27,19.0,82.40,1.60,11.970,270.00
27,20.0,69.92,1.60,12.490,270.00
27,21.0,56.80,1.60,13.120,270.00
27,22.0,44.00,1.60,12.800,270.00
27,23.0,31.82,1.60,12.180,270.00
27,24.0,19.36,1.60,12.460,270.00
27,25.0,11.28,1.60,8.080,270.00
27,26.0,7.69,1.60,3.580,270.00
27,27.0,5.63,-0.06,2.900,248.27
27,28.0,7.69,-1.60,2.750,168.83
27,29.0,11.80,-1.60,4.110,92.59
27,30.0,18.27,-1.60,6.470,90.00
27,31.0,27.15,-1.60,8.890,90.00
27,32.0,38.35,-1.60,11.200,90.00
27,33.0,51.32,-1.60,12.970,90.00
27,34.0,64.05,-1.60,12.730,90.00
27,35.0,76.49,-1.60,12.440,90.00
27,36.0,89.51,-1.60,13.020,90.00
27,37.0,101.64,-1.60,12.130,90.00
27,38.0,114.32,-1.60,12.680,90.00
27,39.0,126.41,-1.60,12.090,90.00
27,40.0,138.34,-1.60,11.930,90.00
27,41.0,150.86,-1.60,12.520,90.00
27,42.0,163.94,-1.60,13.070,90.00
27,43.0,176.87,-1.60,12.930,90.00
27,44.0,189.09,-1.60,12.220,90.00
27,45.0,201.16,-1.60,12.080,90.00
27,46.0,213.50,-1.60,12.330,90.00
27,47.0,225.44,-1.60,11.940,90.00
27,48.0,237.70,-1.60,12.260,90.00
27,49.0,250.07,-1.60,12.370,90.00
27,50.0,263.05,-1.60,12.980,90.00
27,51.0,275.44,-1.60,12.390,90.00
27,52.0,285.04,-1.60,9.600,90.00
27,53.0,290.15,-1.60,5.110,90.00
27,54.0,295.98,-2.39,5.980,99.26
27,55.0,298.30,-6.53,5.020,150.89
27,56.0,298.40,-12.37,5.840,180.00
27,57.0,298.40,-20.21,7.840,180.00
27,58.0,298.40,-30.03,9.830,180.00
27,59.0,298.40,-41.91,11.880,180.00
27,60.0,298.40,-54.28,12.360,180.00
27,61.0,298.40,-66.91,12.630,180.00
27,62.0,298.40,-79.91,13.000,180.00
27,63.0,298.40,-92.17,12.260,180.00
27,64.0,298.40,-104.85,12.690,180.00
27,65.0,298.40,-117.72,12.870,180.00
27,66.0,298.40,-130.70,12.980,180.00
27,67.0,298.40,-143.79,13.080,180.00
27,68.0,298.40,-156.94,13.150,180.00
27,69.0,298.40,-169.97,13.030,180.00
27,70.0,298.40,-182.85,12.880,180.00
27,71.0,298.40,-195.69,12.840,180.00
27,72.0,298.40,-208.83,13.140,180.00
27,73.0,298.40,-220.81,11.980,180.00
27,74.0,298.40,-233.88,13.070,180.00
27,75.0,298.40,-246.30,12.420,180.00
27,76.0,298.40,-258.66,12.360,180.00
27,77.0,298.40,-271.54,12.880,180.00
27,78.0,298.40,-284.40,12.860,180.00
27,79.0,298.40,-297.55,13.150,180.00
27,80.0,298.40,-310.08,12.530,180.00
27,81.0,298.40,-322.48,12.400,180.00
27,82.0,298.40,-334.77,12.290,180.00
27,83.0,298.40,-347.42,12.640,180.00
27,84.0,298.40,-359.92,12.500,180.00
27,85.0,298.40,-372.20,12.280,180.00
27,86.0,298.40,-384.87,12.670,180.00
27,87.0,298.40,-397.61,12.740,180.00
27,88.0,298.40,-409.90,12.290,180.00
27,89.0,298.40,-422.99,13.080,180.00
27,90.0,298.40,-435.10,12.120,180.00
27,91.0,298.40,-447.41,12.310,180.00
27,92.0,298.40,-459.43,12.020,180.00
27,93.0,298.40,-472.58,13.150,180.00
27,94.0,298.40,-485.35,12.780,180.00
27,95.0,298.40,-497.37,12.010,180.00
27,96.0,298.40,-510.20,12.830,180.00
27,97.0,298.40,-523.19,12.990,180.00
27,98.0,298.40,-536.20,13.010,180.00
27,99.0,298.40,-549.17,12.970,180.00
27,100.0,298.40,-562.27,13.100,180.00
27,101.0,298.40,-575.37,13.110,180.00
27,102.0,298.40,-585.19,9.820,180.00
27,103.0,298.40,-591.62,6.430,180.00
27,104.0,299.29,-594.04,2.720,169.29
27,105.0,301.45,-593.03,2.850,105.43
27,106.0,301.60,-590.56,2.520,28.50
27,107.0,301.60,-586.46,4.100,0.00
27,108.0,301.60,-581.04,5.430,0.00
27,109.0,301.60,-574.22,6.820,0.00
27,110.0,301.60,-565.97,8.250,0.00
27,111.0,301.60,-555.76,10.210,0.00
27,112.0,301.60,-543.23,12.530,0.00
27,113.0,301.60,-530.63,12.590,0.00
27,114.0,301.60,-518.23,12.400,0.00
27,115.0,301.60,-506.29,11.950,0.00
27,116.0,301.60,-493.88,12.400,0.00
27,117.0,301.60,-481.57,12.310,0.00
27,118.0,301.60,-469.24,12.330,0.00
27,119.0,301.60,-457.11,12.130,0.00
27,120.0,301.60,-444.34,12.760,0.00
27,121.0,301.60,-431.20,13.150,0.00
27,122.0,301.60,-418.18,13.010,0.00
27,123.0,301.60,-406.22,11.960,0.00
27,124.0,301.60,-393.91,12.310,0.00
27,125.0,301.60,-381.12,12.790,0.00
27,126.0,301.60,-368.67,12.450,0.00
27,127.0,301.60,-355.70,12.970,0.00
27,128.0,301.60,-343.59,12.110,0.00
27,129.0,301.60,-330.44,13.150,0.00
27,130.0,301.60,-318.37,12.070,0.00
28,0.0,-598.40,-287.70,0.000,0.00
28,1.0,-598.40,-285.58,2.120,0.00
28,2.0,-598.40,-281.03,4.550,0.00
28,3.0,-598.40,-274.65,6.380,0.00
28,4.0,-598.40,-266.16,8.490,0.00
28,5.0,-598.40,-255.20,10.960,0.00
28,6.0,-598.40,-241.74,13.470,0.00
28,7.0,-598.40,-226.89,14.850,0.00
28,8.0,-598.40,-211.30,15.590,0.00
28,9.0,-598.40,-196.32,14.980,0.00
28,10.0,-598.40,-180.76,15.560,0.00
28,11.0,-598.40,-165.44,15.330,0.00
28,12.0,-598.40,-149.98,15.450,0.00
28,13.0,-598.40,-135.09,14.890,0.00
28,14.0,-598.40,-119.64,15.450,0.00
28,15.0,-598.40,-104.45,15.190,0.00
28,16.0,-598.40,-90.03,14.420,0.00
28,17.0,-598.40,-74.33,15.700,0.00
28,18.0,-598.40,-58.75,15.570,0.00
28,19.0,-598.40,-44.32,14.430,0.00
28,20.0,-598.40,-29.72,14.590,0.00
28,21.0,-598.40,-14.93,14.800,0.00
28,22.0,-598.40,0.69,15.620,0.00
28,23.0,-598.40,15.34,14.650,0.00
28,24.0,-598.40,30.95,15.610,0.00
28,25.0,-598.40,45.81,14.860,0.00
28,26.0,-598.40,60.98,15.170,0.00
28,27.0,-598.40,76.28,15.300,0.00
28,28.0,-598.40,91.93,15.640,0.00
28,29.0,-598.40,107.48,15.560,0.00
28,30.0,-598.40,122.11,14.630,0.00
28,31.0,-598.40,137.82,15.710,0.00
28,32.0,-598.40,153.51,15.680,0.00
28,33.0,-598.40,168.70,15.190,0.00
28,34.0,-598.40,184.12,15.420,0.00
28,35.0,-598.40,198.56,14.440,0.00
28,36.0,-598.40,214.12,15.560,0.00
28,37.0,-598.40,229.41,15.290,0.00
28,38.0,-598.40,244.33,14.920,0.00
28,39.0,-598.40,259.95,15.620,0.00
28,40.0,-598.40,274.84,14.890,0.00
28,41.0,-598.40,289.68,14.840,0.00
28,42.0,-598.40,305.34,15.660,0.00
28,43.0,-598.40,320.09,14.740,0.00
28,44.0,-598.40,334.95,14.860,0.00
28,45.0,-598.40,349.41,14.460,0.00
28,46.0,-598.40,364.19,14.790,0.00
28,47.0,-598.40,379.46,15.270,0.00
28,48.0,-598.40,394.69,15.230,0.00
28,49.0,-598.40,410.33,15.640,0.00
28,50.0,-598.40,425.42,15.090,0.00
28,51.0,-598.40,440.31,14.900,0.00
28,52.0,-598.40,454.98,14.670,0.00
28,53.0,-598.40,469.81,14.830,0.00
28,54.0,-598.40,485.18,15.370,0.00
28,55.0,-598.40,499.88,14.700,0.00
28,56.0,-598.40,515.44,15.570,0.00
28,57.0,-598.40,530.24,14.800,0.00
28,58.0,-598.40,545.82,15.580,0.00
28,59.0,-598.40,560.90,15.080,0.00
28,60.0,-598.40,576.37,15.470,0.00
28,61.0,-598.40,591.83,15.460,0.00
28,62.0,-598.40,607.00,15.170,0.00
28,63.0,-598.40,622.52,15.520,0.00
28,64.0,-598.40,637.77,15.250,0.00
28,65.0,-598.40,653.27,15.500,0.00
28,66.0,-598.40,668.89,15.630,0.00
28,67.0,-598.40,683.58,14.690,0.00
28,68.0,-598.40,698.09,14.510,0.00
28,69.0,-598.40,712.71,14.620,0.00
28,70.0,-598.40,728.43,15.710,0.00
28,71.0,-598.40,743.53,15.100,0.00
28,72.0,-598.40,758.13,14.600,0.00
28,73.0,-598.40,772.77,14.640,0.00
28,74.0,-598.40,787.95,15.180,0.00
28,75.0,-598.40,802.63,14.680,0.00
28,76.0,-598.40,818.35,15.710,0.00
28,77.0,-598.40,833.79,15.440,0.00
28,78.0,-598.40,848.67,14.890,0.00
28,79.0,-598.40,863.51,14.840,0.00
28,80.0,-598.40,877.36,13.850,0.00
28,81.0,-598.40,886.71,9.350,0.00
28,82.0,-598.40,891.56,4.850,0.00
28,83.0,-596.73,897.16,6.070,20.27
28,84.0,-590.14,898.40,6.850,86.19
28,85.0,-581.79,898.40,8.350,90.00
28,86.0,-571.31,898.40,10.490,90.00
28,87.0,-558.31,898.40,13.000,90.00
28,88.0,-543.20,898.40,15.100,90.00
28,89.0,-527.71,898.40,15.490,90.00
28,90.0,-513.01,898.40,14.710,90.00
28,91.0,-498.46,898.40,14.550,90.00
28,92.0,-483.91,898.40,14.550,90.00
28,93.0,-468.92,898.40,14.980,90.00
28,94.0,-453.46,898.40,15.470,90.00
28,95.0,-438.92,898.40,14.540,90.00
28,96.0,-423.55,898.40,15.370,90.00
28,97.0,-408.53,898.40,15.020,90.00
28,98.0,-393.39,898.40,15.150,90.00
28,99.0,-378.80,898.40,14.590,90.00
28,100.0,-363.67,898.40,15.130,90.00
28,101.0,-349.02,898.40,14.650,90.00
28,102.0,-333.75,898.40,15.270,90.00
28,103.0,-318.11,898.40,15.640,90.00
28,104.0,-302.47,898.40,15.640,90.00
28,105.0,-287.59,898.40,14.880,90.00
28,106.0,-272.04,898.40,15.550,90.00
28,107.0,-256.96,898.40,15.090,90.00
28,108.0,-242.43,898.40,14.520,90.00
28,109.0,-227.87,898.40,14.560,90.00
28,110.0,-212.89,898.40,14.980,90.00
28,111.0,-198.09,898.40,14.810,90.00
28,112.0,-183.53,898.40,14.560,90.00
28,113.0,-168.88,898.40,14.650,90.00
28,114.0,-153.53,898.40,15.340,90.00
28,115.0,-138.93,898.40,14.600,90.00
28,116.0,-123.68,898.40,15.250,90.00
28,117.0,-109.19,898.40,14.500,90.00
28,118.0,-94.28,898.40,14.910,90.00
28,119.0,-78.82,898.40,15.460,90.00
28,120.0,-63.46,898.40,15.360,90.00
28,121.0,-48.13,898.40,15.330,90.00
28,122.0,-32.84,898.40,15.290,90.00
28,123.0,-17.91,898.40,14.930,90.00
28,124.0,-2.84,898.40,15.070,90.00
28,125.0,11.81,898.40,14.650,90.00
28,126.0,27.35,898.40,15.540,90.00
28,127.0,42.49,898.40,15.150,90.00
28,128.0,57.05,898.40,14.560,90.00
28,129.0,71.93,898.40,14.870,90.00
28,130.0,86.79,898.40,14.860,90.00
28,131.0,101.43,898.40,14.650,90.00
28,132.0,117.07,898.40,15.640,90.00
28,133.0,132.45,898.40,15.380,90.00
28,134.0,148.14,898.40,15.690,90.00
28,135.0,163.08,898.40,14.930,90.00
28,136.0,177.58,898.40,14.510,90.00
28,137.0,192.68,898.40,15.100,90.00
28,138.0,207.64,898.40,14.960,90.00
28,139.0,222.86,898.40,15.220,90.00
28,140.0,237.55,898.40,14.680,90.00
28,141.0,253.05,898.40,15.500,90.00
28,142.0,267.58,898.40,14.520,90.00
28,143.0,283.26,898.40,15.680,90.00
28,144.0,298.54,898.40,15.280,90.00
28,145.0,313.41,898.40,14.870,90.00
28,146.0,329.04,898.40,15.640,90.00
28,147.0,343.86,898.40,14.820,90.00
28,148.0,359.04,898.40,15.180,90.00
28,149.0,373.77,898.40,14.730,90.00
28,150.0,388.56,898.40,14.790,90.00
28,151.0,403.95,898.40,15.390,90.00
28,152.0,419.31,898.40,15.360,90.00
28,153.0,434.26,898.40,14.950,90.00
28,154.0,448.79,898.40,14.530,90.00
28,155.0,464.30,898.40,15.510,90.00
28,156.0,479.05,898.40,14.750,90.00
28,157.0,494.14,898.40,15.090,90.00
28,158.0,509.00,898.40,14.860,90.00
28,159.0,524.08,898.40,15.080,90.00
28,160.0,539.44,898.40,15.360,90.00
28,161.0,554.05,898.40,14.610,90.00
28,162.0,569.55,898.40,15.500,90.00
28,163.0,584.21,898.40,14.660,90.00
29,0.0,-601.60,-312.30,0.000,180.00
29,1.0,-601.60,-314.79,2.490,180.00
29,2.0,-601.60,-319.15,4.360,180.00
29,3.0,-601.60,-326.05,6.900,180.00
29,4.0,-601.60,-335.17,9.120,180.00
29,5.0,-601.60,-346.73,11.550,180.00
29,6.0,-601.60,-359.30,12.580,180.00
29,7.0,-601.60,-371.27,11.960,180.00
29,8.0,-601.60,-384.16,12.890,180.00
29,9.0,-601.60,-396.74,12.590,180.00
29,10.0,-601.60,-409.67,12.930,180.00
29,11.0,-601.60,-421.49,11.820,180.00
29,12.0,-601.60,-433.43,11.940,180.00
29,13.0,-601.60,-445.50,12.070,180.00
29,14.0,-601.60,-457.64,12.150,180.00
29,15.0,-601.60,-469.60,11.950,180.00
29,16.0,-601.60,-482.48,12.880,180.00
29,17.0,-601.60,-495.07,12.590,180.00
29,18.0,-601.60,-507.33,12.260,180.00
29,19.0,-601.60,-519.99,12.660,180.00
29,20.0,-601.60,-532.64,12.640,180.00
29,21.0,-601.60,-544.74,12.110,180.00
29,22.0,-601.60,-557.17,12.420,180.00
29,23.0,-601.60,-569.44,12.270,180.00
29,24.0,-601.60,-581.82,12.380,180.00
29,25.0,-601.60,-589.70,7.880,180.00
29,26.0,-601.45,-593.03,3.380,178.21
29,27.0,-599.78,-594.29,2.310,154.95
29,28.0,-598.40,-591.55,3.340,53.12
29,29.0,-598.40,-586.55,5.000,0.00
29,30.0,-598.40,-579.35,7.190,0.00
29,31.0,-598.40,-569.88,9.470,0.00
29,32.0,-598.40,-559.09,10.780,0.00
29,33.0,-598.40,-546.49,12.610,0.00
29,34.0,-598.40,-533.92,12.570,0.00
29,35.0,-598.40,-521.87,12.040,0.00
29,36.0,-598.40,-509.81,12.060,0.00
29,37.0,-598.40,-497.72,12.100,0.00
29,38.0,-598.40,-485.00,12.720,0.00
29,39.0,-598.40,-472.54,12.460,0.00
29,40.0,-598.40,-459.98,12.560,0.00
29,41.0,-598.40,-448.10,11.880,0.00
29,42.0,-598.40,-435.53,12.560,0.00
29,43.0,-598.40,-423.59,11.940,0.00
29,44.0,-598.40,-411.39,12.210,0.00
29,45.0,-598.40,-398.99,12.400,0.00
29,46.0,-598.40,-386.68,12.310,0.00
29,47.0,-598.40,-373.94,12.740,0.00
29,48.0,-598.40,-361.14,12.790,0.00
29,49.0,-598.40,-349.04,12.100,0.00
29,50.0,-598.40,-336.71,12.330,0.00
29,51.0,-598.40,-324.07,12.640,0.00
29,52.0,-598.40,-311.82,12.250,0.00
29,53.0,-598.40,-299.88,11.940,0.00
29,54.0,-598.40,-287.16,12.720,0.00
29,55.0,-598.40,-274.65,12.510,0.00
29,56.0,-598.40,-262.06,12.590,0.00
29,57.0,-598.40,-249.42,12.640,0.00
29,58.0,-598.40,-237.62,11.810,0.00
29,59.0,-598.40,-225.82,11.800,0.00
29,60.0,-598.40,-212.91,12.910,0.00
29,61.0,-598.40,-200.17,12.740,0.00
29,62.0,-598.40,-188.47,11.700,0.00
29,63.0,-598.40,-176.36,12.110,0.00
29,64.0,-598.40,-164.33,12.030,0.00
29,65.0,-598.40,-151.89,12.440,0.00
29,66.0,-598.40,-139.78,12.120,0.00
29,67.0,-598.40,-127.77,12.010,0.00
29,68.0,-598.40,-115.47,12.300,0.00
29,69.0,-598.40,-102.91,12.570,0.00
29,70.0,-598.40,-91.16,11.750,0.00
29,71.0,-598.40,-78.65,12.500,0.00
29,72.0,-598.40,-66.46,12.200,0.00
29,73.0,-598.40,-53.52,12.930,0.00
29,74.0,-598.40,-41.14,12.390,0.00
29,75.0,-598.40,-28.31,12.820,0.00
29,76.0,-598.40,-16.37,11.940,0.00
29,77.0,-598.40,-3.53,12.840,0.00
29,78.0,-598.40,9.03,12.560,0.00
29,79.0,-598.40,20.92,11.880,0.00
29,80.0,-598.40,32.82,11.910,0.00
29,81.0,-598.40,45.09,12.260,0.00
29,82.0,-598.40,57.24,12.160,0.00
29,83.0,-598.40,70.16,12.920,0.00
29,84.0,-598.40,82.63,12.470,0.00
29,85.0,-598.40,95.19,12.560,0.00
29,86.0,-598.40,107.58,12.390,0.00
29,87.0,-598.40,120.24,12.660,0.00
29,88.0,-598.40,132.84,12.600,0.00
29,89.0,-598.40,145.09,12.250,0.00
29,90.0,-598.40,157.63,12.540,0.00
29,91.0,-598.40,169.29,11.650,0.00
29,92.0,-598.40,181.60,12.320,0.00
29,93.0,-598.40,193.83,12.230,0.00
29,94.0,-598.40,205.80,11.970,0.00
29,95.0,-598.40,218.15,12.350,0.00
29,96.0,-598.40,230.63,12.480,0.00
29,97.0,-598.40,243.46,12.830,0.00
29,98.0,-598.40,255.17,11.710,0.00
29,99.0,-598.40,267.78,12.610,0.00
29,100.0,-598.40,279.67,11.890,0.00
29,101.0,-598.40,289.32,9.660,0.00
29,102.0,-598.16,294.46,5.160,2.73
29,103.0,-595.23,298.05,4.900,38.63
29,104.0,-590.03,298.40,5.220,86.38
29,105.0,-582.62,298.40,7.410,90.00
29,106.0,-573.61,298.40,9.010,90.00
29,107.0,-562.98,298.40,10.630,90.00
29,108.0,-551.05,298.40,11.920,90.00
29,109.0,-538.27,298.40,12.780,90.00
29,110.0,-525.84,298.40,12.430,90.00
29,111.0,-513.67,298.40,12.170,90.00
29,112.0,-501.86,298.40,11.810,90.00
29,113.0,-489.51,298.40,12.350,90.00
29,114.0,-477.27,298.40,12.240,90.00
29,115.0,-465.42,298.40,11.850,90.00
29,116.0,-452.72,298.40,12.700,90.00
29,117.0,-440.19,298.40,12.540,90.00
29,118.0,-427.33,298.40,12.860,90.00
29,119.0,-415.29,298.40,12.030,90.00
29,120.0,-403.34,298.40,11.950,90.00
29,121.0,-390.91,298.40,12.430,90.00
29,122.0,-378.26,298.40,12.650,90.00
29,123.0,-365.84,298.40,12.420,90.00
29,124.0,-353.46,298.40,12.380,90.00
29,125.0,-341.56,298.40,11.900,90.00
29,126.0,-329.15,298.40,12.410,90.00
29,127.0,-317.42,298.40,11.730,90.00
29,128.0,-310.19,298.40,7.230,90.00
29,129.0,-300.99,298.40,9.200,90.00
29,130.0,-289.60,298.40,11.380,90.00
29,131.0,-277.60,298.40,12.000,90.00
29,132.0,-265.71,298.40,11.890,90.00
29,133.0,-253.03,298.40,12.680,90.00
29,134.0,-241.18,298.40,11.840,90.00
29,135.0,-229.21,298.40,11.980,90.00
29,136.0,-217.47,298.40,11.730,90.00
29,137.0,-205.22,298.40,12.250,90.00
29,138.0,-192.69,298.40,12.520,90.00
29,139.0,-180.11,298.40,12.590,90.00
29,140.0,-168.06,298.40,12.040,90.00
29,141.0,-155.23,298.40,12.830,90.00
29,142.0,-142.35,298.40,12.880,90.00
29,143.0,-130.24,298.40,12.110,90.00
29,144.0,-118.45,298.40,11.790,90.00
29,145.0,-106.24,298.40,12.210,90.00
29,146.0,-93.64,298.40,12.590,90.00
29,147.0,-81.05,298.40,12.590,90.00
29,148.0,-69.00,298.40,12.050,90.00
29,149.0,-57.34,298.40,11.660,90.00
29,150.0,-45.67,298.40,11.670,90.00
29,151.0,-32.83,298.40,12.840,90.00
29,152.0,-20.44,298.40,12.390,90.00
29,153.0,-7.75,298.40,12.690,90.00
3,0.0,891.70,-898.40,0.000,270.00
3,1.0,889.10,-898.40,2.600,270.00
3,2.0,884.31,-898.40,4.790,270.00
3,3.0,877.84,-898.40,6.470,270.00
3,4.0,869.62,-898.40,8.220,270.00
3,5.0,859.69,-898.40,9.930,270.00
3,6.0,848.39,-898.40,11.300,270.00
3,7.0,834.87,-898.40,13.510,270.00
3,8.0,820.85,-898.40,14.030,270.00
3,9.0,805.91,-898.40,14.940,270.00
3,10.0,791.75,-898.40,14.160,270.00
3,11.0,777.29,-898.40,14.450,270.00
3,12.0,763.26,-898.40,14.030,270.00
3,13.0,748.60,-898.40,14.660,270.00
3,14.0,734.63,-898.40,13.970,270.00
3,15.0,720.20,-898.40,14.430,270.00
3,16.0,706.05,-898.40,14.150,270.00
3,17.0,691.46,-898.40,14.590,270.00
3,18.0,677.11,-898.40,14.350,270.00
3,19.0,663.13,-898.40,13.980,270.00
3,20.0,648.77,-898.40,14.360,270.00
3,21.0,633.85,-898.40,14.920,270.00
3,22.0,619.72,-898.40,14.130,270.00
3,23.0,604.97,-898.40,14.750,270.00
3,24.0,589.95,-898.40,15.020,270.00
3,25.0,575.20,-898.40,14.750,270.00
3,26.0,561.46,-898.40,13.740,270.00
3,27.0,546.50,-898.40,14.960,270.00
3,28.0,531.46,-898.40,15.040,270.00
3,29.0,516.55,-898.40,14.910,270.00
3,30.0,502.07,-898.40,14.480,270.00
3,31.0,487.58,-898.40,14.490,270.00
3,32.0,472.65,-898.40,14.930,270.00
3,33.0,458.66,-898.40,14.000,270.00
3,34.0,444.63,-898.40,14.020,270.00
3,35.0,430.52,-898.40,14.110,270.00
3,36.0,415.75,-898.40,14.770,270.00
3,37.0,401.05,-898.40,14.700,270.00
3,38.0,386.73,-898.40,14.310,270.00
3,39.0,372.83,-898.40,13.900,270.00
3,40.0,359.09,-898.40,13.740,270.00
3,41.0,344.25,-898.40,14.840,270.00
3,42.0,330.06,-898.40,14.190,270.00
3,43.0,315.74,-898.40,14.320,270.00
3,44.0,300.84,-898.40,14.900,270.00
3,45.0,286.27,-898.40,14.560,270.00
3,46.0,272.12,-898.40,14.150,270.00
3,47.0,257.49,-898.40,14.630,270.00
3,48.0,243.60,-898.40,13.890,270.00
3,49.0,229.74,-898.40,13.860,270.00
3,50.0,214.73,-898.40,15.010,270.00
3,51.0,199.77,-898.40,14.960,270.00
3,52.0,185.89,-898.40,13.880,270.00
3,53.0,171.80,-898.40,14.090,270.00
3,54.0,157.16,-898.40,14.640,270.00
3,55.0,142.98,-898.40,14.190,270.00
3,56.0,129.08,-898.40,13.900,270.00
3,57.0,114.35,-898.40,14.730,270.00
3,58.0,99.43,-898.40,14.910,270.00
3,59.0,84.55,-898.40,14.880,270.00
3,60.0,69.74,-898.40,14.820,270.00
3,61.0,54.89,-898.40,14.840,270.00
3,62.0,40.75,-898.40,14.150,270.00
3,63.0,26.47,-898.40,14.280,270.00
3,64.0,11.94,-898.40,14.530,270.00
3,65.0,-2.14,-898.40,14.080,270.00
3,66.0,-17.05,-898.40,14.910,270.00
3,67.0,-31.82,-898.40,14.770,270.00
3,68.0,-45.99,-898.40,14.180,270.00
3,69.0,-60.10,-898.40,14.110,270.00
3,70.0,-74.70,-898.40,14.600,270.00
3,71.0,-89.44,-898.40,14.750,270.00
3,72.0,-103.54,-898.40,14.090,270.00
3,73.0,-117.45,-898.40,13.910,270.00
3,74.0,-132.14,-898.40,14.690,270.00
3,75.0,-145.93,-898.40,13.790,270.00
3,76.0,-159.70,-898.40,13.770,270.00
3,77.0,-174.63,-898.40,14.930,270.00
3,78.0,-189.23,-898.40,14.600,270.00
3,79.0,-203.22,-898.40,13.990,270.00
3,80.0,-217.56,-898.40,14.340,270.00
3,81.0,-232.53,-898.40,14.970,270.00
3,82.0,-246.64,-898.40,14.110,270.00
3,83.0,-260.78,-898.40,14.140,270.00
3,84.0,-275.46,-898.40,14.680,270.00
3,85.0,-290.30,-898.40,14.840,270.00
3,86.0,-305.32,-898.40,15.020,270.00
3,87.0,-319.14,-898.40,13.820,270.00
3,88.0,-333.29,-898.40,14.150,270.00
3,89.0,-348.27,-898.40,14.980,270.00
3,90.0,-362.54,-898.40,14.270,270.00
3,91.0,-377.31,-898.40,14.760,270.00
3,92.0,-391.66,-898.40,14.360,270.00
3,93.0,-406.07,-898.40,14.400,270.00
3,94.0,-420.73,-898.40,14.660,270.00
3,95.0,-435.31,-898.40,14.580,270.00
3,96.0,-449.41,-898.40,14.100,270.00
3,97.0,-464.00,-898.40,14.590,270.00
3,98.0,-478.26,-898.40,14.260,270.00
3,99.0,-492.77,-898.40,14.510,270.00
3,100.0,-507.08,-898.40,14.300,270.00
3,101.0,-521.56,-898.40,14.480,270.00
3,102.0,-535.85,-898.40,14.290,270.00
3,103.0,-550.42,-898.40,14.560,270.00
3,104.0,-564.72,-898.40,14.300,270.00
3,105.0,-578.58,-898.40,13.860,270.00
3,106.0,-593.03,-898.40,14.460,270.00
3,107.0,-608.02,-898.40,14.990,270.00
3,108.0,-622.21,-898.40,14.180,270.00
3,109.0,-636.25,-898.40,14.050,270.00
3,110.0,-650.70,-898.40,14.450,270.00
3,111.0,-664.70,-898.40,14.000,270.00
3,112.0,-678.88,-898.40,14.170,270.00
3,113.0,-693.30,-898.40,14.430,270.00
3,114.0,-707.96,-898.40,14.660,270.00
3,115.0,-722.97,-898.40,15.010,270.00
3,116.0,-737.43,-898.40,14.460,270.00
3,117.0,-752.37,-898.40,14.950,270.00
3,118.0,-766.83,-898.40,14.460,270.00
3,119.0,-781.47,-898.40,14.640,270.00
3,120.0,-796.21,-898.40,14.740,270.00
3,121.0,-810.57,-898.40,14.360,270.00
3,122.0,-825.59,-898.40,15.020,270.00
3,123.0,-839.82,-898.40,14.220,270.00
3,124.0,-853.62,-898.40,13.810,270.00
3,125.0,-867.55,-898.40,13.930,270.00
3,126.0,-880.85,-898.40,13.300,270.00
3,127.0,-890.66,-898.40,9.800,270.00
3,128.0,-895.96,-898.40,5.300,270.00
3,129.0,-898.40,-896.69,3.530,293.62
3,130.0,-898.40,-891.15,5.540,0.00
3,131.0,-898.40,-883.73,7.420,0.00
3,132.0,-898.40,-874.43,9.300,0.00
3,133.0,-898.40,-862.99,11.440,0.00
3,134.0,-898.40,-850.01,12.980,0.00
3,135.0,-898.40,-836.18,13.830,0.00
3,136.0,-898.40,-822.29,13.890,0.00
3,137.0,-898.40,-807.61,14.690,0.00
3,138.0,-898.40,-792.88,14.730,0.00
3,139.0,-898.40,-778.86,14.020,0.00
3,140.0,-898.40,-764.80,14.060,0.00
3,141.0,-898.40,-750.45,14.350,0.00
3,142.0,-898.40,-736.26,14.190,0.00
3,143.0,-898.40,-721.72,14.540,0.00
3,144.0,-898.40,-707.98,13.740,0.00
3,145.0,-898.40,-694.07,13.910,0.00
3,146.0,-898.40,-680.17,13.900,0.00
3,147.0,-898.40,-665.30,14.860,0.00
3,148.0,-898.40,-650.96,14.350,0.00
3,149.0,-898.40,-636.96,14.000,0.00
3,150.0,-898.40,-622.48,14.480,0.00
3,151.0,-898.40,-607.78,14.700,0.00
3,152.0,-898.40,-592.82,14.950,0.00
3,153.0,-898.40,-578.47,14.360,0.00
3,154.0,-898.40,-563.90,14.570,0.00
3,155.0,-898.40,-549.31,14.590,0.00
3,156.0,-898.40,-534.54,14.780,0.00
3,157.0,-898.40,-520.71,13.830,0.00
3,158.0,-898.40,-506.10,14.620,0.00
3,159.0,-898.40,-491.97,14.130,0.00
3,160.0,-898.40,-478.15,13.810,0.00
3,161.0,-898.40,-463.24,14.920,0.00
3,162.0,-898.40,-448.48,14.750,0.00
3,163.0,-898.40,-433.52,14.970,0.00
3,164.0,-898.40,-419.38,14.140,0.00
3,165.0,-898.40,-405.55,13.830,0.00
3,166.0,-898.40,-390.62,14.930,0.00
3,167.0,-898.40,-375.73,14.880,0.00
3,168.0,-898.40,-361.42,14.310,0.00
3,169.0,-898.40,-346.41,15.010,0.00
3,170.0,-898.40,-332.22,14.190,0.00
3,171.0,-898.40,-318.24,13.980,0.00
3,172.0,-898.40,-303.80,14.440,0.00
3,173.0,-898.40,-289.26,14.540,0.00
3,174.0,-898.40,-275.26,14.000,0.00
3,175.0,-898.40,-260.72,14.540,0.00
3,176.0,-898.40,-245.80,14.920,0.00
3,177.0,-898.40,-231.24,14.560,0.00
3,178.0,-898.40,-216.92,14.320,0.00
3,179.0,-898.40,-202.48,14.440,0.00
3,180.0,-898.40,-188.29,14.190,0.00
3,181.0,-898.40,-174.50,13.790,0.00
3,182.0,-898.40,-160.64,13.870,0.00
3,183.0,-898.40,-146.85,13.790,0.00
3,184.0,-898.40,-131.95,14.900,0.00
3,185.0,-898.40,-117.64,14.310,0.00
3,186.0,-898.40,-103.20,14.440,0.00
3,187.0,-898.40,-88.90,14.300,0.00
3,188.0,-898.40,-74.72,14.180,0.00
3,189.0,-898.40,-60.37,14.350,0.00
3,190.0,-898.40,-45.81,14.560,0.00
3,191.0,-898.40,-30.77,15.040,0.00
3,192.0,-898.40,-16.13,14.640,0.00
3,193.0,-898.40,-2.07,14.050,0.00
3,194.0,-898.40,12.86,14.940,0.00
3,195.0,-898.40,27.24,14.380,0.00
3,196.0,-898.40,41.26,14.010,0.00
3,197.0,-898.40,55.89,14.630,0.00
3,198.0,-898.40,69.63,13.740,0.00
3,199.0,-898.40,84.19,14.560,0.00
3,200.0,-898.40,98.46,14.270,0.00
3,201.0,-898.40,112.36,13.890,0.00
3,202.0,-898.40,126.15,13.800,0.00
3,203.0,-898.40,140.51,14.360,0.00
3,204.0,-898.40,154.79,14.280,0.00
3,205.0,-898.40,169.79,15.010,0.00
3,206.0,-898.40,183.72,13.930,0.00
3,207.0,-898.40,198.15,14.430,0.00
3,208.0,-898.40,212.45,14.300,0.00
3,209.0,-898.40,227.06,14.610,0.00
3,210.0,-898.40,241.98,14.910,0.00
3,211.0,-898.40,255.99,14.010,0.00
3,212.0,-898.40,270.25,14.260,0.00
3,213.0,-898.40,284.22,13.970,0.00
3,214.0,-898.40,299.04,14.810,0.00
3,215.0,-898.40,313.52,14.490,0.00
3,216.0,-898.40,328.51,14.990,0.00
3,217.0,-898.40,343.38,14.870,0.00
3,218.0,-898.40,358.03,14.660,0.00
3,219.0,-898.40,373.03,14.990,0.00
3,220.0,-898.40,386.99,13.960,0.00
3,221.0,-898.40,400.82,13.840,0.00
3,222.0,-898.40,415.49,14.660,0.00
3,223.0,-898.40,429.96,14.470,0.00
3,224.0,-898.40,443.85,13.890,0.00
3,225.0,-898.40,458.42,14.570,0.00
3,226.0,-898.40,472.46,14.040,0.00
3,227.0,-898.40,486.43,13.970,0.00
3,228.0,-898.40,501.31,14.880,0.00
3,229.0,-898.40,515.90,14.590,0.00
3,230.0,-898.40,529.78,13.880,0.00
3,231.0,-898.40,544.22,14.440,0.00
3,232.0,-898.40,558.74,14.520,0.00
3,233.0,-898.40,573.13,14.390,0.00
3,234.0,-898.40,584.08,10.960,0.00
3,235.0,-898.40,591.33,7.250,0.00
3,236.0,-900.13,594.33,3.950,336.83
3,237.0,-901.60,591.55,3.430,233.19
3,238.0,-901.60,585.77,5.790,180.00
3,239.0,-901.60,577.54,8.230,180.00
3,240.0,-901.60,568.01,9.530,180.00
3,241.0,-901.60,556.98,11.030,180.00
3,242.0,-901.60,543.89,13.090,180.00
3,243.0,-901.60,529.24,14.660,180.00
3,244.0,-901.60,514.48,14.760,180.00
3,245.0,-901.60,500.73,13.740,180.00
30,0.0,891.70,901.60,0.000,270.00
30,1.0,889.90,901.60,1.800,270.00
30,2.0,886.65,901.60,3.260,270.00
30,3.0,881.65,901.60,4.990,270.00
30,4.0,874.89,901.60,6.760,270.00
30,5.0,866.82,901.60,8.070,270.00
30,6.0,856.60,901.60,10.220,270.00
30,7.0,844.10,901.60,12.500,270.00
30,8.0,829.37,901.60,14.730,270.00
30,9.0,813.10,901.60,16.260,270.00
30,10.0,797.80,901.60,15.300,270.00
30,11.0,781.91,901.60,15.890,270.00
30,12.0,766.41,901.60,15.500,270.00
30,13.0,750.36,901.60,16.050,270.00
30,14.0,734.30,901.60,16.050,270.00
30,15.0,718.11,901.60,16.190,270.00
30,16.0,702.06,901.60,16.050,270.00
30,17.0,686.67,901.60,15.400,270.00
30,18.0,670.43,901.60,16.240,270.00
30,19.0,654.43,901.60,15.990,270.00
30,20.0,638.86,901.60,15.570,270.00
30,21.0,623.32,901.60,15.540,270.00
30,22.0,612.27,901.60,11.040,270.00
30,23.0,605.75,901.39,6.540,267.62
30,24.0,599.38,897.37,8.010,225.73
30,25.0,598.40,888.45,9.080,181.05
30,26.0,598.40,877.93,10.520,180.00
30,27.0,598.40,864.90,13.020,180.00
30,28.0,598.40,849.35,15.560,180.00
30,29.0,598.40,834.10,15.250,180.00
30,30.0,598.40,818.55,15.550,180.00
30,31.0,598.40,802.95,15.600,180.00
30,32.0,598.40,787.77,15.180,180.00
30,33.0,598.40,771.62,16.150,180.00
30,34.0,598.40,755.63,16.000,180.00
30,35.0,598.40,740.08,15.550,180.00
30,36.0,598.40,724.35,15.720,180.00
30,37.0,598.40,708.55,15.800,180.00
30,38.0,598.40,693.16,15.390,180.00
30,39.0,598.40,677.02,16.140,180.00
30,40.0,598.40,661.56,15.460,180.00
30,41.0,598.40,645.67,15.890,180.00
30,42.0,598.40,629.97,15.700,180.00
30,43.0,598.40,613.74,16.220,180.00
30,44.0,598.40,597.48,16.270,180.00
30,45.0,598.40,582.28,15.200,180.00
30,46.0,598.40,566.93,15.340,180.00
30,47.0,598.40,551.63,15.300,180.00
30,48.0,598.40,535.83,15.800,180.00
30,49.0,598.40,520.00,15.830,180.00
30,50.0,598.40,504.21,15.790,180.00
30,51.0,598.40,488.98,15.230,180.00
30,52.0,598.40,473.54,15.440,180.00
30,53.0,598.40,458.28,15.260,180.00
30,54.0,598.40,442.92,15.360,180.00
30,55.0,598.40,427.15,15.770,180.00
30,56.0,598.40,411.58,15.570,180.00
30,57.0,598.40,395.30,16.290,180.00
30,58.0,598.40,379.95,15.350,180.00
30,59.0,598.40,363.77,16.180,180.00
30,60.0,598.40,348.63,15.140,180.00
30,61.0,598.40,332.26,16.370,180.00
30,62.0,598.40,316.10,16.160,180.00
30,63.0,598.40,300.69,15.410,180.00
30,64.0,598.40,285.52,15.170,180.00
30,65.0,598.40,269.60,15.920,180.00
30,66.0,598.40,253.27,16.340,180.00
30,67.0,598.40,237.36,15.910,180.00
30,68.0,598.40,221.05,16.310,180.00
30,69.0,598.40,205.51,15.530,180.00
30,70.0,598.40,190.23,15.290,180.00
30,71.0,598.40,174.93,15.300,180.00
30,72.0,598.40,159.14,15.790,180.00
30,73.0,598.40,144.56,14.580,180.00
30,74.0,598.40,130.76,13.800,180.00
30,75.0,598.40,115.95,14.800,180.00
30,76.0,598.40,102.59,13.370,180.00
30,77.0,598.40,89.82,12.770,180.00
30,78.0,598.40,76.99,12.830,180.00
30,79.0,598.40,64.02,12.970,180.00
30,80.0,598.40,50.53,13.490,180.00
30,81.0,598.40,37.11,13.420,180.00
30,82.0,598.40,24.51,12.600,180.00
30,83.0,598.40,11.08,13.430,180.00
30,84.0,598.40,-1.40,12.480,180.00
30,85.0,598.40,-13.72,12.320,180.00
30,86.0,598.40,-27.32,13.600,180.00
30,87.0,598.40,-40.30,12.970,180.00
30,88.0,598.40,-52.79,12.490,180.00
30,89.0,598.40,-65.63,12.840,180.00
30,90.0,598.40,-78.75,13.130,180.00
30,91.0,598.40,-92.11,13.360,180.00
30,92.0,598.40,-105.59,13.470,180.00
30,93.0,598.40,-117.81,12.220,180.00
30,94.0,598.40,-130.32,12.510,180.00
30,95.0,598.40,-142.39,12.070,180.00
30,96.0,598.40,-154.23,11.840,180.00
30,97.0,598.40,-167.81,13.580,180.00
30,98.0,598.40,-179.91,12.100,180.00
30,99.0,598.40,-193.03,13.120,180.00
30,100.0,598.40,-205.03,11.990,180.00
30,101.0,598.40,-218.14,13.120,180.00
30,102.0,598.40,-231.27,13.130,180.00
30,103.0,598.40,-245.03,13.750,180.00
30,104.0,598.40,-257.31,12.280,180.00
30,105.0,598.40,-269.43,12.130,180.00
30,106.0,598.40,-279.79,10.350,180.00
30,107.0,598.40,-287.43,7.650,180.00
30,108.0,598.30,-293.53,6.100,181.20
30,109.0,594.30,-298.19,6.770,232.07
30,110.0,587.23,-298.40,7.090,270.00
30,111.0,577.89,-298.40,9.340,270.00
30,112.0,566.70,-298.40,11.190,270.00
30,113.0,553.53,-298.40,13.180,270.00
30,114.0,539.75,-298.40,13.780,270.00
30,115.0,525.23,-298.40,14.520,270.00
30,116.0,510.85,-298.40,14.380,270.00
30,117.0,497.42,-298.40,13.430,270.00
30,118.0,483.92,-298.40,13.500,270.00
30,119.0,470.46,-298.40,13.450,270.00
30,120.0,456.94,-298.40,13.520,270.00
30,121.0,443.86,-298.40,13.080,270.00
30,122.0,430.78,-298.40,13.080,270.00
30,123.0,417.52,-298.40,13.260,270.00
30,124.0,404.91,-298.40,12.610,270.00
30,125.0,391.51,-298.40,13.400,270.00
30,126.0,378.99,-298.40,12.520,270.00
30,127.0,365.44,-298.40,13.550,270.00
30,128.0,353.43,-298.40,12.010,270.00
30,129.0,341.37,-298.40,12.060,270.00
30,130.0,328.47,-298.40,12.910,270.00
30,131.0,320.06,-298.40,8.410,270.00
30,132.0,312.58,-298.40,7.480,270.00
30,133.0,308.55,-298.40,4.030,270.00
30,134.0,305.76,-300.32,4.040,242.91
30,135.0,309.28,-301.60,4.060,121.91
30,136.0,315.89,-301.60,6.610,90.00
30,137.0,324.98,-301.60,9.100,90.00
30,138.0,335.94,-301.60,10.960,90.00
30,139.0,348.30,-301.60,12.350,90.00
30,140.0,362.39,-301.60,14.100,90.00
30,141.0,377.69,-301.60,15.290,90.00
30,142.0,393.51,-301.60,15.820,90.00
30,143.0,409.28,-301.60,15.770,90.00
30,144.0,425.56,-301.60,16.280,90.00
30,145.0,440.99,-301.60,15.430,90.00
30,146.0,456.51,-301.60,15.520,90.00
30,147.0,472.17,-301.60,15.660,90.00
30,148.0,487.66,-301.60,15.490,90.00
30,149.0,503.47,-301.60,15.810,90.00
30,150.0,519.33,-301.60,15.860,90.00
30,151.0,535.33,-301.60,16.000,90.00
30,152.0,551.25,-301.60,15.920,90.00
30,153.0,567.46,-301.60,16.210,90.00
30,154.0,582.74,-301.60,15.280,90.00
31,0.0,12.30,598.40,0.000,90.00
31,1.0,14.81,598.40,2.510,90.00
31,2.0,19.47,598.40,4.660,90.00
31,3.0,25.50,598.40,6.040,90.00
31,4.0,33.92,598.40,8.420,90.00
31,5.0,43.89,598.40,9.960,90.00
31,6.0,55.65,598.40,11.760,90.00
31,7.0,69.41,598.40,13.760,90.00
31,8.0,84.73,598.40,15.320,90.00
31,9.0,100.40,598.40,15.670,90.00
31,10.0,116.36,598.40,15.960,90.00
31,11.0,132.30,598.40,15.950,90.00
31,12.0,147.42,598.40,15.110,90.00
31,13.0,162.85,598.40,15.440,90.00
31,14.0,177.62,598.40,14.760,90.00
31,15.0,193.00,598.40,15.380,90.00
31,16.0,208.44,598.40,15.440,90.00
31,17.0,223.50,598.40,15.060,90.00
31,18.0,239.27,598.40,15.770,90.00
31,19.0,254.66,598.40,15.400,90.00
31,20.0,269.47,598.40,14.810,90.00
31,21.0,280.65,598.40,11.180,90.00
31,22.0,288.19,598.40,7.530,90.00
31,23.0,292.10,598.40,3.910,90.00
31,24.0,297.02,596.97,5.260,107.06
31,25.0,298.40,590.02,7.260,176.40
31,26.0,298.40,581.07,8.950,180.00
31,27.0,298.40,570.38,10.690,180.00
31,28.0,298.40,557.39,12.990,180.00
31,29.0,298.40,542.69,14.690,180.00
31,30.0,298.40,526.86,15.840,180.00
31,31.0,298.40,511.07,15.790,180.00
31,32.0,298.40,496.01,15.060,180.00
31,33.0,298.40,481.11,14.900,180.00
31,34.0,298.40,465.67,15.440,180.00
31,35.0,298.40,450.18,15.490,180.00
31,36.0,298.40,435.38,14.790,180.00
31,37.0,298.40,420.23,15.160,180.00
31,38.0,298.40,405.41,14.820,180.00
31,39.0,298.40,390.20,15.210,180.00
31,40.0,298.40,374.34,15.860,180.00
31,41.0,298.40,358.76,15.580,180.00
31,42.0,298.40,343.03,15.730,180.00
31,43.0,298.40,327.64,15.390,180.00
31,44.0,298.40,315.41,12.230,180.00
31,45.0,298.40,307.69,7.730,180.00
31,46.0,298.84,304.14,3.580,174.97
31,47.0,301.58,300.01,5.150,145.60
31,48.0,308.58,298.40,7.340,95.88
31,49.0,317.71,298.40,9.120,90.00
31,50.0,328.62,298.40,10.910,90.00
31,51.0,341.78,298.40,13.150,90.00
31,52.0,357.11,298.40,15.340,90.00
31,53.0,372.93,298.40,15.820,90.00
31,54.0,387.90,298.40,14.970,90.00
31,55.0,403.15,298.40,15.250,90.00
31,56.0,418.73,298.40,15.580,90.00
31,57.0,434.51,298.40,15.780,90.00
31,58.0,450.21,298.40,15.700,90.00
31,59.0,465.48,298.40,15.260,90.00
31,60.0,481.09,298.40,15.620,90.00
31,61.0,496.36,298.40,15.260,90.00
31,62.0,511.55,298.40,15.200,90.00
31,63.0,526.84,298.40,15.290,90.00
31,64.0,542.66,298.40,15.820,90.00
31,65.0,558.17,298.40,15.510,90.00
31,66.0,573.70,298.40,15.530,90.00
31,67.0,588.70,298.40,15.000,90.00
32,0.0,612.30,298.40,0.000,90.00
32,1.0,614.89,298.40,2.590,90.00
32,2.0,619.57,298.40,4.680,90.00
32,3.0,625.93,298.40,6.370,90.00
32,4.0,634.01,298.40,8.070,90.00
32,5.0,644.50,298.40,10.500,90.00
32,6.0,656.39,298.40,11.890,90.00
32,7.0,669.48,298.40,13.090,90.00
32,8.0,682.83,298.40,13.340,90.00
32,9.0,695.52,298.40,12.700,90.00
32,10.0,708.95,298.40,13.430,90.00
32,11.0,721.75,298.40,12.800,90.00
32,12.0,735.46,298.40,13.710,90.00
32,13.0,748.79,298.40,13.320,90.00
32,14.0,762.51,298.40,13.720,90.00
32,15.0,775.40,298.40,12.890,90.00
32,16.0,788.66,298.40,13.260,90.00
32,17.0,802.16,298.40,13.500,90.00
32,18.0,816.12,298.40,13.960,90.00
32,19.0,830.01,298.40,13.890,90.00
32,20.0,843.84,298.40,13.830,90.00
32,21.0,856.76,298.40,12.920,90.00
32,22.0,870.55,298.40,13.790,90.00
32,23.0,881.22,298.40,10.670,90.00
32,24.0,888.08,298.40,6.860,90.00
32,25.0,891.94,298.40,3.860,90.00
32,26.0,897.29,296.51,5.950,113.07
32,27.0,898.40,291.04,5.710,171.33
32,28.0,898.40,284.01,7.020,180.00
32,29.0,898.40,274.73,9.290,180.00
32,30.0,898.40,264.00,10.730,180.00
32,31.0,898.40,251.34,12.660,180.00
32,32.0,898.40,238.15,13.190,180.00
32,33.0,898.40,224.80,13.350,180.00
32,34.0,898.40,211.85,12.950,180.00
32,35.0,898.40,198.39,13.460,180.00
32,36.0,898.40,185.50,12.890,180.00
32,37.0,898.40,171.88,13.620,180.00
32,38.0,898.40,158.18,13.700,180.00
32,39.0,898.40,145.10,13.090,180.00
32,40.0,898.40,131.24,13.860,180.00
32,41.0,898.40,117.31,13.920,180.00
32,42.0,898.40,103.59,13.730,180.00
32,43.0,898.40,90.38,13.200,180.00
32,44.0,898.40,77.16,13.220,180.00
32,45.0,898.40,63.26,13.900,180.00
32,46.0,898.40,49.95,13.310,180.00
32,47.0,898.40,36.47,13.480,180.00
32,48.0,898.40,23.70,12.770,180.00
32,49.0,898.40,10.91,12.790,180.00
32,50.0,898.40,-2.82,13.730,180.00
32,51.0,898.40,-16.57,13.740,180.00
32,52.0,898.40,-29.79,13.230,180.00
32,53.0,898.40,-43.07,13.280,180.00
32,54.0,898.40,-56.15,13.080,180.00
32,55.0,898.40,-69.33,13.180,180.00
32,56.0,898.40,-82.52,13.190,180.00
32,57.0,898.40,-95.63,13.110,180.00
32,58.0,898.40,-108.79,13.160,180.00
32,59.0,898.40,-122.47,13.680,180.00
32,60.0,898.40,-136.37,13.910,180.00
32,61.0,898.40,-150.20,13.830,180.00
32,62.0,898.40,-163.56,13.350,180.00
32,63.0,898.40,-176.84,13.280,180.00
32,64.0,898.40,-189.96,13.120,180.00
32,65.0,898.40,-203.06,13.100,180.00
32,66.0,898.40,-216.07,13.010,180.00
32,67.0,898.40,-229.94,13.870,180.00
32,68.0,898.40,-242.73,12.800,180.00
32,69.0,898.40,-256.40,13.670,180.00
32,70.0,898.40,-269.90,13.490,180.00
32,71.0,898.40,-283.34,13.440,180.00
32,72.0,898.40,-292.28,8.940,180.00
32,73.0,896.47,-297.32,5.650,203.51
32,74.0,890.99,-298.40,5.710,261.60
32,75.0,883.13,-298.40,7.870,270.00
32,76.0,873.77,-298.40,9.360,270.00
32,77.0,862.58,-298.40,11.190,270.00
32,78.0,849.30,-298.40,13.280,270.00
32,79.0,836.43,-298.40,12.870,270.00
32,80.0,823.47,-298.40,12.960,270.00
32,81.0,809.72,-298.40,13.740,270.00
32,82.0,796.46,-298.40,13.270,270.00
32,83.0,782.58,-298.40,13.870,270.00
32,84.0,769.87,-298.40,12.720,270.00
32,85.0,756.81,-298.40,13.050,270.00
32,86.0,743.06,-298.40,13.760,270.00
32,87.0,730.37,-298.40,12.690,270.00
32,88.0,717.53,-298.40,12.840,270.00
32,89.0,703.88,-298.40,13.650,270.00
32,90.0,690.11,-298.40,13.760,270.00
32,91.0,676.28,-298.40,13.830,270.00
32,92.0,663.17,-298.40,13.110,270.00
32,93.0,649.74,-298.40,13.430,270.00
32,94.0,635.91,-298.40,13.830,270.00
32,95.0,622.85,-298.40,13.050,270.00
32,96.0,613.84,-298.40,9.010,270.00
32,97.0,609.25,-298.40,4.590,270.00
32,98.0,603.05,-298.40,6.200,270.00
32,99.0,594.78,-298.40,8.270,270.00
32,100.0,584.17,-298.40,10.610,270.00
32,101.0,571.41,-298.40,12.750,270.00
32,102.0,558.22,-298.40,13.190,270.00
32,103.0,545.47,-298.40,12.760,270.00
32,104.0,532.80,-298.40,12.670,270.00
32,105.0,519.36,-298.40,13.440,270.00
32,106.0,505.76,-298.40,13.600,270.00
32,107.0,492.19,-298.40,13.580,270.00
32,108.0,479.20,-298.40,12.980,270.00
32,109.0,466.51,-298.40,12.700,270.00
32,110.0,453.68,-298.40,12.830,270.00
32,111.0,440.80,-298.40,12.880,270.00
32,112.0,427.21,-298.40,13.590,270.00
32,113.0,413.50,-298.40,13.710,270.00
32,114.0,399.81,-298.40,13.680,270.00
32,115.0,385.88,-298.40,13.930,270.00
32,116.0,372.69,-298.40,13.190,270.00
32,117.0,359.29,-298.40,13.400,270.00
32,118.0,346.50,-298.40,12.780,270.00
32,119.0,333.40,-298.40,13.110,270.00
32,120.0,319.83,-298.40,13.570,270.00
33,0.0,-612.30,601.60,0.000,270.00
33,1.0,-614.26,601.60,1.960,270.00
33,2.0,-618.01,601.60,3.750,270.00
33,3.0,-623.37,601.60,5.360,270.00
33,4.0,-630.23,601.60,6.860,270.00
33,5.0,-638.40,601.60,8.170,270.00
33,6.0,-648.47,601.60,10.070,270.00
33,7.0,-660.37,601.60,11.900,270.00
33,8.0,-674.21,601.60,13.840,270.00
33,9.0,-689.84,601.60,15.630,270.00
33,10.0,-704.95,601.60,15.100,270.00
33,11.0,-721.05,601.60,16.110,270.00
33,12.0,-736.55,601.60,15.500,270.00
33,13.0,-752.28,601.60,15.720,270.00
33,14.0,-767.55,601.60,15.270,270.00
33,15.0,-783.23,601.60,15.680,270.00
33,16.0,-799.11,601.60,15.890,270.00
33,17.0,-815.05,601.60,15.940,270.00
33,18.0,-831.14,601.60,16.090,270.00
33,19.0,-847.15,601.60,16.010,270.00
33,20.0,-863.08,601.60,15.930,270.00
33,21.0,-876.96,601.60,13.890,270.00
33,22.0,-886.35,601.60,9.390,270.00
33,23.0,-891.30,601.60,4.960,270.00
33,24.0,-898.04,600.22,7.000,254.51
33,25.0,-901.58,592.94,8.540,193.79
33,26.0,-901.60,583.59,9.350,180.00
33,27.0,-901.60,572.59,11.000,180.00
33,28.0,-901.60,559.02,13.570,180.00
33,29.0,-901.60,543.03,15.990,180.00
33,30.0,-901.60,527.47,15.560,180.00
33,31.0,-901.60,511.23,16.240,180.00
33,32.0,-901.60,495.78,15.450,180.00
33,33.0,-901.60,479.76,16.020,180.00
33,34.0,-901.60,464.07,15.690,180.00
33,35.0,-901.60,448.00,16.070,180.00
33,36.0,-901.60,432.19,15.810,180.00
33,37.0,-901.60,417.16,15.030,180.00
33,38.0,-901.60,401.79,15.370,180.00
33,39.0,-901.60,386.27,15.510,180.00
33,40.0,-901.60,370.36,15.910,180.00
33,41.0,-901.60,354.23,16.130,180.00
33,42.0,-901.60,339.09,15.140,180.00
33,43.0,-901.60,325.72,13.370,180.00
33,44.0,-901.60,311.06,14.660,180.00
33,45.0,-901.60,299.84,11.230,180.00
33,46.0,-901.60,289.19,10.640,180.00
33,47.0,-901.60,279.23,9.960,180.00
33,48.0,-901.60,268.17,11.060,180.00
33,49.0,-901.60,254.93,13.250,180.00
33,50.0,-901.60,241.54,13.390,180.00
33,51.0,-901.60,227.20,14.340,180.00
33,52.0,-901.60,213.17,14.030,180.00
33,53.0,-901.60,199.13,14.050,180.00
33,54.0,-901.60,185.75,13.380,180.00
33,55.0,-901.60,170.85,14.900,180.00
33,56.0,-901.60,156.73,14.110,180.00
33,57.0,-901.60,142.65,14.080,180.00
33,58.0,-901.60,129.66,12.990,180.00
33,59.0,-901.60,115.32,14.340,180.00
33,60.0,-901.60,100.77,14.550,180.00
33,61.0,-901.60,85.87,14.900,180.00
33,62.0,-901.60,72.65,13.230,180.00
33,63.0,-901.60,58.81,13.840,180.00
33,64.0,-901.60,44.97,13.840,180.00
33,65.0,-901.60,31.33,13.640,180.00
33,66.0,-901.60,16.76,14.570,180.00
33,67.0,-901.60,2.13,14.630,180.00
33,68.0,-901.60,-12.68,14.820,180.00
33,69.0,-901.60,-26.34,13.660,180.00
33,70.0,-901.60,-39.99,13.640,180.00
33,71.0,-901.60,-53.21,13.230,180.00
33,72.0,-901.60,-66.91,13.700,180.00
33,73.0,-901.60,-81.35,14.440,180.00
33,74.0,-901.60,-95.18,13.820,180.00
33,75.0,-901.60,-108.90,13.720,180.00
33,76.0,-901.60,-123.34,14.440,180.00
33,77.0,-901.60,-137.18,13.840,180.00
33,78.0,-901.60,-150.35,13.160,180.00
33,79.0,-901.60,-164.54,14.200,180.00
33,80.0,-901.60,-178.24,13.690,180.00
33,81.0,-901.60,-191.01,12.780,180.00
33,82.0,-901.60,-204.56,13.550,180.00
33,83.0,-901.60,-218.78,14.220,180.00
33,84.0,-901.60,-233.35,14.580,180.00
33,85.0,-901.60,-247.34,13.990,180.00
33,86.0,-901.60,-261.81,14.460,180.00
33,87.0,-901.60,-274.99,13.190,180.00
33,88.0,-901.60,-287.70,12.700,180.00
33,89.0,-901.60,-300.98,13.290,180.00
33,90.0,-901.60,-315.08,14.090,180.00
33,91.0,-901.60,-329.36,14.280,180.00
33,92.0,-901.60,-342.40,13.040,180.00
33,93.0,-901.60,-356.50,14.110,180.00
33,94.0,-901.60,-369.96,13.460,180.00
33,95.0,-901.60,-384.70,14.730,180.00
33,96.0,-901.60,-398.76,14.060,180.00
33,97.0,-901.60,-412.68,13.930,180.00
33,98.0,-901.60,-427.03,14.340,180.00
33,99.0,-901.60,-441.22,14.190,180.00
33,100.0,-901.60,-454.74,13.520,180.00
33,101.0,-901.60,-469.41,14.670,180.00
33,102.0,-901.60,-483.42,14.010,180.00
33,103.0,-901.60,-496.35,12.930,180.00
33,104.0,-901.60,-509.55,13.200,180.00
33,105.0,-901.60,-523.65,14.100,180.00
33,106.0,-901.60,-537.43,13.780,180.00
33,107.0,-901.60,-551.47,14.050,180.00
33,108.0,-901.60,-564.45,12.970,180.00
33,109.0,-901.60,-575.63,11.180,180.00
33,110.0,-901.60,-582.77,7.150,180.00
33,111.0,-901.60,-587.83,5.060,180.00
34,0.0,-312.30,-298.40,0.000,270.00
34,1.0,-314.03,-298.40,1.730,270.00
34,2.0,-317.75,-298.40,3.720,270.00
34,3.0,-323.30,-298.40,5.540,270.00
34,4.0,-330.67,-298.40,7.380,270.00
34,5.0,-340.24,-298.40,9.560,270.00
34,6.0,-352.13,-298.40,11.900,270.00
34,7.0,-364.82,-298.40,12.690,270.00
34,8.0,-378.60,-298.40,13.780,270.00
34,9.0,-391.88,-298.40,13.280,270.00
34,10.0,-405.13,-298.40,13.250,270.00
34,11.0,-418.05,-298.40,12.930,270.00
34,12.0,-431.55,-298.40,13.490,270.00
34,13.0,-444.10,-298.40,12.550,270.00
34,14.0,-457.03,-298.40,12.930,270.00
34,15.0,-470.81,-298.40,13.780,270.00
34,16.0,-483.46,-298.40,12.650,270.00
34,17.0,-496.96,-298.40,13.500,270.00
34,18.0,-510.40,-298.40,13.450,270.00
34,19.0,-523.81,-298.40,13.410,270.00
34,20.0,-537.01,-298.40,13.200,270.00
34,21.0,-550.09,-298.40,13.080,270.00
34,22.0,-562.91,-298.40,12.820,270.00
34,23.0,-575.71,-298.40,12.810,270.00
34,24.0,-584.92,-298.40,9.210,270.00
34,25.0,-591.04,-298.40,6.110,270.00
34,26.0,-596.77,-297.14,6.010,284.96
34,27.0,-598.40,-291.92,5.660,345.84
34,28.0,-598.40,-284.10,7.820,0.00
34,29.0,-598.40,-274.41,9.680,0.00
34,30.0,-598.40,-263.03,11.390,0.00
34,31.0,-598.40,-249.41,13.620,0.00
34,32.0,-598.40,-235.71,13.700,0.00
34,33.0,-598.40,-222.74,12.970,0.00
34,34.0,-598.40,-210.00,12.740,0.00
34,35.0,-598.40,-196.63,13.370,0.00
34,36.0,-598.40,-183.41,13.220,0.00
34,37.0,-598.40,-169.95,13.470,0.00
34,38.0,-598.40,-157.31,12.640,0.00
34,39.0,-598.40,-143.78,13.530,0.00
34,40.0,-598.40,-130.33,13.450,0.00
34,41.0,-598.40,-116.84,13.490,0.00
34,42.0,-598.40,-103.61,13.230,0.00
34,43.0,-598.40,-90.66,12.950,0.00
34,44.0,-598.40,-77.39,13.270,0.00
34,45.0,-598.40,-64.22,13.170,0.00
34,46.0,-598.40,-51.63,12.590,0.00
34,47.0,-598.40,-38.18,13.450,0.00
34,48.0,-598.40,-25.13,13.050,0.00
34,49.0,-598.40,-11.70,13.430,0.00
34,50.0,-598.40,2.07,13.760,0.00
34,51.0,-598.40,15.68,13.620,0.00
34,52.0,-598.40,28.46,12.770,0.00
34,53.0,-598.40,42.18,13.720,0.00
34,54.0,-598.40,54.94,12.760,0.00
34,55.0,-598.40,68.24,13.300,0.00
34,56.0,-598.40,81.41,13.170,0.00
34,57.0,-598.40,94.37,12.970,0.00
34,58.0,-598.40,107.04,12.670,0.00
34,59.0,-598.40,119.89,12.850,0.00
34,60.0,-598.40,133.45,13.560,0.00
34,61.0,-598.40,146.34,12.890,0.00
34,62.0,-598.40,158.91,12.570,0.00
34,63.0,-598.40,172.43,13.520,0.00
34,64.0,-598.40,185.60,13.170,0.00
34,65.0,-598.40,199.32,13.720,0.00
34,66.0,-598.40,212.19,12.870,0.00
34,67.0,-598.40,224.74,12.550,0.00
34,68.0,-598.40,238.27,13.530,0.00
34,69.0,-598.40,251.14,12.870,0.00
34,70.0,-598.40,264.07,12.930,0.00
34,71.0,-598.40,277.30,13.230,0.00
34,72.0,-598.40,290.03,12.730,0.00
34,73.0,-598.40,303.59,13.570,0.00
34,74.0,-598.40,316.96,13.370,0.00
34,75.0,-598.40,330.72,13.760,0.00
34,76.0,-598.40,343.35,12.640,0.00
34,77.0,-598.40,356.06,12.700,0.00
34,78.0,-598.40,368.61,12.550,0.00
34,79.0,-598.40,382.29,13.680,0.00
34,80.0,-598.40,395.50,13.220,0.00
34,81.0,-598.40,409.16,13.650,0.00
34,82.0,-598.40,422.29,13.130,0.00
34,83.0,-598.40,435.32,13.030,0.00
34,84.0,-598.40,448.94,13.610,0.00
34,85.0,-598.40,462.27,13.340,0.00
34,86.0,-598.40,474.96,12.690,0.00
34,87.0,-598.40,487.53,12.570,0.00
34,88.0,-598.40,501.31,13.780,0.00
34,89.0,-598.40,514.16,12.850,0.00
34,90.0,-598.40,526.30,12.140,0.00
34,91.0,-598.40,537.06,10.760,0.00
34,92.0,-598.40,549.13,12.070,0.00
34,93.0,-598.40,561.35,12.220,0.00
34,94.0,-598.40,572.72,11.370,0.00
34,95.0,-598.40,581.20,8.480,0.00
34,96.0,-598.40,586.65,5.450,0.00
34,97.0,-598.40,592.25,5.600,0.00
34,98.0,-598.40,599.23,6.980,0.00
34,99.0,-598.40,608.01,8.780,0.00
34,100.0,-598.40,618.30,10.280,0.00
34,101.0,-598.40,630.59,12.290,0.00
34,102.0,-598.40,643.97,13.380,0.00
34,103.0,-598.40,656.77,12.800,0.00
34,104.0,-598.40,670.09,13.330,0.00
34,105.0,-598.40,682.69,12.600,0.00
34,106.0,-598.40,695.76,13.070,0.00
34,107.0,-598.40,708.66,12.900,0.00
34,108.0,-598.40,721.27,12.620,0.00
34,109.0,-598.40,733.84,12.560,0.00
34,110.0,-598.40,746.97,13.130,0.00
34,111.0,-598.40,759.56,12.590,0.00
34,112.0,-598.40,772.60,13.040,0.00
34,113.0,-598.40,786.34,13.740,0.00
34,114.0,-598.40,799.54,13.200,0.00
34,115.0,-598.40,812.11,12.560,0.00
34,116.0,-598.40,824.74,12.640,0.00
34,117.0,-598.40,838.40,13.650,0.00
34,118.0,-598.40,851.64,13.240,0.00
34,119.0,-598.40,864.69,13.050,0.00
34,120.0,-598.40,877.51,12.820,0.00
34,121.0,-598.40,886.81,9.300,0.00
34,122.0,-598.40,891.60,4.800,0.00
34,123.0,-596.69,897.18,6.070,20.73
34,124.0,-590.76,898.40,6.200,83.05
34,125.0,-582.15,898.40,8.610,90.00
34,126.0,-572.04,898.40,10.110,90.00
34,127.0,-559.94,898.40,12.100,90.00
34,128.0,-546.75,898.40,13.190,90.00
34,129.0,-533.14,898.40,13.620,90.00
34,130.0,-519.53,898.40,13.610,90.00
34,131.0,-506.43,898.40,13.100,90.00
34,132.0,-492.91,898.40,13.510,90.00
34,133.0,-479.61,898.40,13.310,90.00
34,134.0,-466.99,898.40,12.610,90.00
34,135.0,-453.89,898.40,13.100,90.00
34,136.0,-440.26,898.40,13.630,90.00
34,137.0,-426.65,898.40,13.610,90.00
34,138.0,-413.28,898.40,13.370,90.00
34,139.0,-399.90,898.40,13.380,90.00
34,140.0,-386.73,898.40,13.170,90.00
34,141.0,-373.90,898.40,12.830,90.00
34,142.0,-360.88,898.40,13.020,90.00
34,143.0,-348.33,898.40,12.550,90.00
34,144.0,-334.55,898.40,13.780,90.00
34,145.0,-320.90,898.40,13.650,90.00
34,146.0,-307.52,898.40,13.380,90.00
35,0.0,-601.60,287.70,0.000,180.00
35,1.0,-601.60,285.74,1.960,180.00
35,2.0,-601.60,281.30,4.440,180.00
35,3.0,-601.60,275.47,5.830,180.00
35,4.0,-601.60,267.26,8.210,180.00
35,5.0,-601.60,257.61,9.650,180.00
35,6.0,-601.60,246.56,11.060,180.00
35,7.0,-601.60,233.43,13.120,180.00
35,8.0,-601.60,220.32,13.110,180.00
35,9.0,-601.60,206.16,14.160,180.00
35,10.0,-601.60,192.55,13.610,180.00
35,11.0,-601.60,179.58,12.970,180.00
35,12.0,-601.60,166.28,13.310,180.00
35,13.0,-601.60,152.12,14.150,180.00
35,14.0,-601.60,138.56,13.570,180.00
35,15.0,-601.60,124.50,14.050,180.00
35,16.0,-601.60,110.46,14.040,180.00
35,17.0,-601.60,97.14,13.320,180.00
35,18.0,-601.60,83.79,13.350,180.00
35,19.0,-601.60,69.88,13.910,180.00
35,20.0,-601.60,56.02,13.870,180.00
35,21.0,-601.60,42.98,13.030,180.00
35,22.0,-601.60,29.78,13.200,180.00
35,23.0,-601.60,16.83,12.950,180.00
35,24.0,-601.60,8.03,8.800,180.00
35,25.0,-601.11,3.77,4.300,174.35
35,26.0,-597.41,-0.60,5.950,136.00
35,27.0,-589.41,-1.60,8.160,92.62
35,28.0,-579.49,-1.60,9.930,90.00
35,29.0,-567.99,-1.60,11.500,90.00
35,30.0,-554.56,-1.60,13.430,90.00
35,31.0,-541.17,-1.60,13.390,90.00
35,32.0,-528.13,-1.60,13.040,90.00
35,33.0,-514.47,-1.60,13.650,90.00
35,34.0,-500.41,-1.60,14.060,90.00
35,35.0,-486.37,-1.60,14.040,90.00
35,36.0,-473.20,-1.60,13.170,90.00
35,37.0,-460.20,-1.60,12.990,90.00
35,38.0,-446.86,-1.60,13.350,90.00
35,39.0,-432.99,-1.60,13.870,90.00
35,40.0,-419.12,-1.60,13.870,90.00
35,41.0,-405.52,-1.60,13.600,90.00
35,42.0,-391.51,-1.60,14.020,90.00
35,43.0,-377.57,-1.60,13.930,90.00
35,44.0,-363.70,-1.60,13.870,90.00
35,45.0,-350.59,-1.60,13.110,90.00
35,46.0,-337.38,-1.60,13.210,90.00
35,47.0,-323.57,-1.60,13.810,90.00
35,48.0,-313.81,-1.60,9.760,90.00
35,49.0,-308.55,-1.60,5.260,90.00
35,50.0,-300.98,-1.60,7.560,90.00
35,51.0,-291.54,-1.60,9.450,90.00
35,52.0,-280.09,-1.60,11.440,90.00
35,53.0,-266.14,-1.60,13.950,90.00
35,54.0,-252.19,-1.60,13.950,90.00
35,55.0,-238.46,-1.60,13.730,90.00
35,56.0,-224.60,-1.60,13.860,90.00
35,57.0,-211.07,-1.60,13.520,90.00
35,58.0,-197.19,-1.60,13.880,90.00
35,59.0,-183.36,-1.60,13.830,90.00
35,60.0,-170.40,-1.60,12.970,90.00
35,61.0,-156.24,-1.60,14.160,90.00
35,62.0,-143.06,-1.60,13.170,90.00
35,63.0,-129.22,-1.60,13.840,90.00
35,64.0,-115.08,-1.60,14.140,90.00
35,65.0,-101.59,-1.60,13.490,90.00
35,66.0,-87.99,-1.60,13.600,90.00
35,67.0,-73.94,-1.60,14.050,90.00
35,68.0,-60.40,-1.60,13.540,90.00
35,69.0,-47.26,-1.60,13.150,90.00
35,70.0,-34.19,-1.60,13.070,90.00
35,71.0,-21.00,-1.60,13.190,90.00
35,72.0,-12.15,-1.60,8.850,90.00
35,73.0,-7.80,-1.60,4.350,90.00
35,74.0,-1.26,-1.60,6.550,90.00
35,75.0,6.90,-1.60,8.150,90.00
35,76.0,17.11,-1.60,10.210,90.00
35,77.0,29.55,-1.60,12.440,90.00
35,78.0,42.87,-1.60,13.320,90.00
35,79.0,56.88,-1.60,14.010,90.00
35,80.0,70.42,-1.60,13.540,90.00
35,81.0,83.87,-1.60,13.450,90.00
35,82.0,97.38,-1.60,13.510,90.00
35,83.0,110.80,-1.60,13.420,90.00
35,84.0,124.13,-1.60,13.330,90.00
35,85.0,137.11,-1.60,12.980,90.00
35,86.0,150.77,-1.60,13.660,90.00
35,87.0,164.47,-1.60,13.710,90.00
35,88.0,177.37,-1.60,12.900,90.00
35,89.0,190.46,-1.60,13.090,90.00
35,90.0,203.92,-1.60,13.460,90.00
35,91.0,217.77,-1.60,13.850,90.00
35,92.0,231.28,-1.60,13.510,90.00
35,93.0,244.57,-1.60,13.290,90.00
35,94.0,257.50,-1.60,12.930,90.00
35,95.0,270.72,-1.60,13.220,90.00
35,96.0,282.07,-1.60,11.350,90.00
35,97.0,289.47,-1.60,7.390,90.00
35,98.0,299.22,-1.60,9.760,90.00
35,99.0,310.50,-1.60,11.280,90.00
35,100.0,323.17,-1.60,12.670,90.00
35,101.0,336.32,-1.60,13.150,90.00
35,102.0,349.60,-1.60,13.280,90.00
35,103.0,363.37,-1.60,13.770,90.00
35,104.0,376.85,-1.60,13.490,90.00
35,105.0,389.99,-1.60,13.140,90.00
35,106.0,403.85,-1.60,13.850,90.00
35,107.0,417.72,-1.60,13.870,90.00
35,108.0,431.35,-1.60,13.630,90.00
35,109.0,444.22,-1.60,12.880,90.00
35,110.0,457.49,-1.60,13.260,90.00
35,111.0,470.52,-1.60,13.030,90.00
35,112.0,483.47,-1.60,12.950,90.00
35,113.0,496.67,-1.60,13.200,90.00
35,114.0,509.62,-1.60,12.950,90.00
35,115.0,523.34,-1.60,13.720,90.00
35,116.0,537.12,-1.60,13.780,90.00
35,117.0,550.07,-1.60,12.950,90.00
35,118.0,563.38,-1.60,13.310,90.00
35,119.0,577.08,-1.60,13.700,90.00
35,120.0,586.28,-1.60,9.200,90.00
35,121.0,590.97,-1.60,4.700,90.00
35,122.0,597.81,-1.60,6.830,90.00
35,123.0,605.69,-1.60,7.880,90.00
35,124.0,614.79,-1.60,9.100,90.00
35,125.0,623.62,-1.60,8.840,90.00
35,126.0,634.13,-1.60,10.510,90.00
35,127.0,647.04,-1.60,12.910,90.00
35,128.0,660.66,-1.60,13.620,90.00
35,129.0,673.52,-1.60,12.870,90.00
35,130.0,686.71,-1.60,13.190,90.00
35,131.0,700.72,-1.60,14.010,90.00
35,132.0,713.51,-1.60,12.790,90.00
35,133.0,726.52,-1.60,13.010,90.00
35,134.0,739.93,-1.60,13.410,90.00
35,135.0,752.47,-1.60,12.540,90.00
35,136.0,765.56,-1.60,13.080,90.00
35,137.0,778.54,-1.60,12.980,90.00
35,138.0,791.75,-1.60,13.210,90.00
35,139.0,804.81,-1.60,13.060,90.00
35,140.0,818.44,-1.60,13.630,90.00
35,141.0,831.79,-1.60,13.350,90.00
35,142.0,844.74,-1.60,12.950,90.00
35,143.0,857.71,-1.60,12.970,90.00
35,144.0,868.24,-1.60,10.540,90.00
35,145.0,876.08,-1.60,7.830,90.00
35,146.0,881.32,-1.60,5.240,90.00
35,147.0,884.28,-1.60,2.960,90.00
35,148.0,884.69,-1.60,0.420,90.00
35,149.0,885.06,-1.60,0.360,90.00
35,150.0,885.18,-1.60,0.120,90.00
35,151.0,885.19,-1.60,0.010,90.00
35,152.0,885.20,-1.60,0.010,90.00
35,153.0,885.20,-1.60,0.000,90.00
35,154.0,885.20,-1.60,0.000,90.00
35,155.0,885.20,-1.60,0.000,90.00
35,156.0,885.20,-1.60,0.000,90.00
35,157.0,885.20,-1.60,0.000,90.00
35,158.0,885.20,-1.60,0.000,90.00
35,159.0,885.20,-1.60,0.000,90.00
35,160.0,885.20,-1.60,0.000,90.00
35,161.0,885.20,-1.60,0.000,90.00
35,162.0,885.20,-1.60,0.000,90.00
35,163.0,885.20,-1.60,0.000,90.00
35,164.0,885.20,-1.60,0.000,90.00
35,165.0,885.20,-1.60,0.000,90.00
35,166.0,885.20,-1.60,0.000,90.00
35,167.0,885.20,-1.60,0.000,90.00
35,168.0,885.20,-1.60,0.000,90.00
35,169.0,885.20,-1.60,0.000,90.00
35,170.0,885.20,-1.60,0.000,90.00
35,171.0,885.20,-1.60,0.000,90.00
35,172.0,885.20,-1.60,0.000,90.00
35,173.0,886.72,-1.60,1.530,90.00
35,174.0,890.12,-1.60,3.390,90.00
35,175.0,895.89,-2.34,5.910,98.60
35,176.0,898.36,-6.95,5.550,155.27
35,177.0,898.40,-12.98,6.030,180.00
35,178.0,898.40,-21.09,8.110,180.00
35,179.0,898.40,-31.20,10.110,180.00
35,180.0,898.40,-43.17,11.970,180.00
35,181.0,898.40,-56.06,12.890,180.00
35,182.0,898.40,-69.94,13.880,180.00
35,183.0,898.40,-83.36,13.420,180.00
35,184.0,898.40,-96.49,13.130,180.00
35,185.0,898.40,-109.97,13.480,180.00
35,186.0,898.40,-123.19,13.220,180.00
35,187.0,898.40,-137.11,13.920,180.00
35,188.0,898.40,-150.17,13.060,180.00
35,189.0,898.40,-163.38,13.210,180.00
35,190.0,898.40,-177.04,13.660,180.00
35,191.0,898.40,-190.68,13.640,180.00
35,192.0,898.40,-204.31,13.630,180.00
35,193.0,898.40,-217.47,13.160,180.00
35,194.0,898.40,-231.36,13.890,180.00
35,195.0,898.40,-245.14,13.780,180.00
35,196.0,898.40,-259.13,13.990,180.00
35,197.0,898.40,-272.85,13.720,180.00
35,198.0,898.40,-285.90,13.050,180.00
36,0.0,598.40,887.70,0.000,180.00
36,1.0,598.40,885.22,2.480,180.00
36,2.0,598.40,881.41,3.810,180.00
36,3.0,598.40,876.18,5.230,180.00
36,4.0,598.40,869.41,6.760,180.00
36,5.0,598.40,861.28,8.130,180.00
36,6.0,598.40,850.92,10.360,180.00
36,7.0,598.40,838.73,12.190,180.00
36,8.0,598.40,825.77,12.960,180.00
36,9.0,598.40,812.83,12.940,180.00
36,10.0,598.40,800.29,12.540,180.00
36,11.0,598.40,787.52,12.770,180.00
36,12.0,598.40,774.22,13.310,180.00
36,13.0,598.40,760.94,13.280,180.00
36,14.0,598.40,748.37,12.570,180.00
36,15.0,598.40,735.10,13.270,180.00
36,16.0,598.40,722.47,12.630,180.00
36,17.0,598.40,709.32,13.150,180.00
36,18.0,598.40,697.09,12.240,180.00
36,19.0,598.40,684.17,12.920,180.00
36,20.0,598.40,671.62,12.550,180.00
36,21.0,598.40,658.93,12.690,180.00
36,22.0,598.40,645.69,13.240,180.00
36,23.0,598.40,632.61,13.070,180.00
36,24.0,598.40,619.29,13.330,180.00
36,25.0,598.40,606.89,12.400,180.00
36,26.0,598.40,593.44,13.450,180.00
36,27.0,598.40,580.95,12.490,180.00
36,28.0,598.40,567.84,13.110,180.00
36,29.0,598.40,555.24,12.610,180.00
36,30.0,598.40,542.69,12.550,180.00
36,31.0,598.40,530.17,12.520,180.00
36,32.0,598.40,517.48,12.700,180.00
36,33.0,598.40,504.38,13.100,180.00
36,34.0,598.40,491.04,13.340,180.00
36,35.0,598.40,478.43,12.610,180.00
36,36.0,598.40,465.38,13.050,180.00
36,37.0,598.40,452.37,13.010,180.00
36,38.0,598.40,439.11,13.260,180.00
36,39.0,598.40,426.89,12.230,180.00
36,40.0,598.40,414.37,12.510,180.00
36,41.0,598.40,401.17,13.200,180.00
36,42.0,598.40,388.86,12.310,180.00
36,43.0,598.40,375.96,12.900,180.00
36,44.0,598.40,362.54,13.420,180.00
36,45.0,598.40,349.53,13.010,180.00
36,46.0,598.40,336.26,13.270,180.00
36,47.0,598.40,323.45,12.800,180.00
36,48.0,598.40,310.44,13.010,180.00
36,49.0,598.40,297.63,12.810,180.00
36,50.0,598.40,285.06,12.570,180.00
36,51.0,598.40,272.15,12.900,180.00
36,52.0,598.40,259.04,13.120,180.00
36,53.0,598.40,246.00,13.040,180.00
36,54.0,598.40,233.67,12.330,180.00
36,55.0,598.40,220.94,12.740,180.00
36,56.0,598.40,207.79,13.150,180.00
36,57.0,598.40,195.54,12.250,180.00
36,58.0,598.40,182.97,12.570,180.00
36,59.0,598.40,169.96,13.010,180.00
36,60.0,598.40,156.66,13.310,180.00
36,61.0,598.40,143.54,13.110,180.00
36,62.0,598.40,130.82,12.730,180.00
36,63.0,598.40,117.72,13.100,180.00
36,64.0,598.40,104.23,13.490,180.00
36,65.0,598.40,91.76,12.470,180.00
36,66.0,598.40,78.90,12.860,180.00
36,67.0,598.40,66.45,12.450,180.00
36,68.0,598.40,54.03,12.430,180.00
36,69.0,598.40,40.62,13.410,180.00
36,70.0,598.40,27.37,13.240,180.00
36,71.0,598.40,14.98,12.390,180.00
36,72.0,598.40,1.84,13.140,180.00
36,73.0,598.40,-10.62,12.460,180.00
36,74.0,598.40,-23.65,13.030,180.00
36,75.0,598.40,-36.55,12.900,180.00
36,76.0,598.40,-49.78,13.230,180.00
36,77.0,598.40,-62.53,12.750,180.00
36,78.0,598.40,-74.78,12.250,180.00
36,79.0,598.40,-88.16,13.380,180.00
36,80.0,598.40,-101.25,13.100,180.00
36,81.0,598.40,-114.31,13.060,180.00
36,82.0,598.40,-126.69,12.380,180.00
36,83.0,598.40,-139.46,12.770,180.00
36,84.0,598.40,-151.79,12.330,180.00
36,85.0,598.40,-164.07,12.280,180.00
36,86.0,598.40,-176.95,12.880,180.00
36,87.0,598.40,-189.34,12.390,180.00
36,88.0,598.40,-202.63,13.290,180.00
36,89.0,598.40,-215.00,12.370,180.00
36,90.0,598.40,-228.48,13.480,180.00
36,91.0,598.40,-241.48,12.990,180.00
36,92.0,598.40,-254.64,13.160,180.00
36,93.0,598.40,-267.52,12.880,180.00
36,94.0,598.40,-279.77,12.250,180.00
36,95.0,598.40,-290.45,10.680,180.00
36,96.0,597.35,-296.41,6.180,192.34
36,97.0,592.32,-298.40,5.680,253.27
36,98.0,584.37,-298.40,7.950,270.00
36,99.0,574.87,-298.40,9.500,270.00
36,100.0,563.54,-298.40,11.330,270.00
36,101.0,550.67,-298.40,12.870,270.00
36,102.0,537.91,-298.40,12.770,270.00
36,103.0,525.05,-298.40,12.860,270.00
36,104.0,511.71,-298.40,13.340,270.00
36,105.0,498.80,-298.40,12.920,270.00
36,106.0,485.59,-298.40,13.200,270.00
36,107.0,473.21,-298.40,12.380,270.00
36,108.0,460.07,-298.40,13.140,270.00
36,109.0,446.87,-298.40,13.200,270.00
36,110.0,434.41,-298.40,12.460,270.00
36,111.0,421.81,-298.40,12.600,270.00
36,112.0,408.85,-298.40,12.960,270.00
36,113.0,396.30,-298.40,12.550,270.00
36,114.0,383.06,-298.40,13.240,270.00
36,115.0,369.66,-298.40,13.400,270.00
36,116.0,356.47,-298.40,13.200,270.00
36,117.0,343.79,-298.40,12.680,270.00
36,118.0,331.36,-298.40,12.430,270.00
36,119.0,319.22,-298.40,12.130,270.00
36,120.0,311.59,-298.40,7.630,270.00
36,121.0,301.91,-298.40,9.680,270.00
36,122.0,290.13,-298.40,11.780,270.00
36,123.0,277.06,-298.40,13.070,270.00
36,124.0,264.26,-298.40,12.810,270.00
36,125.0,252.03,-298.40,12.230,270.00
36,126.0,238.90,-298.40,13.130,270.00
36,127.0,226.08,-298.40,12.820,270.00
36,128.0,213.84,-298.40,12.240,270.00
36,129.0,200.36,-298.40,13.480,270.00
36,130.0,186.91,-298.40,13.450,270.00
36,131.0,173.77,-298.40,13.140,270.00
36,132.0,161.14,-298.40,12.630,270.00
36,133.0,147.99,-298.40,13.150,270.00
36,134.0,134.81,-298.40,13.180,270.00
36,135.0,122.21,-298.40,12.610,270.00
36,136.0,109.86,-298.40,12.350,270.00
36,137.0,97.47,-298.40,12.380,270.00
36,138.0,84.40,-298.40,13.080,270.00
36,139.0,71.99,-298.40,12.410,270.00
36,140.0,58.88,-298.40,13.110,270.00
36,141.0,46.54,-298.40,12.340,270.00
36,142.0,34.28,-298.40,12.260,270.00
36,143.0,21.21,-298.40,13.070,270.00
36,144.0,12.48,-298.40,8.730,270.00
36,145.0,8.25,-298.40,4.230,270.00
36,146.0,1.92,-298.40,6.330,270.00
36,147.0,-6.04,-298.40,7.960,270.00
36,148.0,-16.57,-298.40,10.530,270.00
36,149.0,-29.03,-298.40,12.460,270.00
36,150.0,-41.99,-298.40,12.960,270.00
36,151.0,-54.22,-298.40,12.240,270.00
36,152.0,-67.53,-298.40,13.310,270.00
36,153.0,-80.41,-298.40,12.880,270.00
36,154.0,-93.03,-298.40,12.620,270.00
36,155.0,-105.38,-298.40,12.360,270.00
36,156.0,-118.04,-298.40,12.660,270.00
36,157.0,-131.22,-298.40,13.180,270.00
36,158.0,-144.31,-298.40,13.090,270.00
36,159.0,-157.39,-298.40,13.070,270.00
36,160.0,-169.74,-298.40,12.360,270.00
36,161.0,-182.69,-298.40,12.950,270.00
36,162.0,-195.19,-298.40,12.500,270.00
36,163.0,-207.52,-298.40,12.320,270.00
36,164.0,-220.29,-298.40,12.770,270.00
36,165.0,-233.54,-298.40,13.250,270.00
36,166.0,-246.19,-298.40,12.650,270.00
36,167.0,-258.69,-298.40,12.500,270.00
36,168.0,-271.88,-298.40,13.190,270.00
36,169.0,-283.29,-298.40,11.410,270.00
36,170.0,-290.19,-298.40,6.910,270.00
36,171.0,-298.43,-298.40,8.240,270.00
36,172.0,-308.39,-298.40,9.960,270.00
36,173.0,-320.67,-298.40,12.280,270.00
36,174.0,-333.95,-298.40,13.280,270.00
36,175.0,-347.39,-298.40,13.440,270.00
36,176.0,-360.33,-298.40,12.940,270.00
36,177.0,-373.54,-298.40,13.210,270.00
36,178.0,-386.04,-298.40,12.500,270.00
36,179.0,-399.03,-298.40,12.990,270.00
36,180.0,-411.98,-298.40,12.950,270.00
36,181.0,-424.21,-298.40,12.230,270.00
36,182.0,-437.18,-298.40,12.970,270.00
36,183.0,-450.53,-298.40,13.360,270.00
36,184.0,-463.10,-298.40,12.560,270.00
36,185.0,-476.26,-298.40,13.160,270.00
36,186.0,-488.68,-298.40,12.420,270.00
36,187.0,-502.01,-298.40,13.330,270.00
36,188.0,-515.16,-298.40,13.150,270.00
36,189.0,-527.86,-298.40,12.700,270.00
36,190.0,-541.34,-298.40,13.470,270.00
36,191.0,-554.02,-298.40,12.680,270.00
36,192.0,-566.30,-298.40,12.280,270.00
36,193.0,-579.47,-298.40,13.170,270.00
36,194.0,-592.66,-298.40,13.190,270.00
37,0.0,301.60,12.30,0.000,0.00
37,1.0,301.60,13.65,1.350,0.00
37,2.0,301.60,16.58,2.930,0.00
37,3.0,301.60,21.08,4.500,0.00
37,4.0,301.60,27.09,6.010,0.00
37,5.0,301.60,35.68,8.600,0.00
37,6.0,301.60,46.72,11.040,0.00
37,7.0,301.60,59.24,12.520,0.00
37,8.0,301.60,74.15,14.900,0.00
37,9.0,301.60,89.51,15.360,0.00
37,10.0,301.60,105.10,15.590,0.00
37,11.0,301.60,120.56,15.460,0.00
37,12.0,301.60,136.05,15.490,0.00
37,13.0,301.60,151.20,15.150,0.00
37,14.0,301.60,166.47,15.270,0.00
37,15.0,301.60,182.57,16.090,0.00
37,16.0,301.60,198.78,16.220,0.00
37,17.0,301.60,214.50,15.720,0.00
37,18.0,301.60,230.05,15.540,0.00
37,19.0,301.60,245.30,15.260,0.00
37,20.0,301.60,261.58,16.270,0.00
37,21.0,301.60,277.71,16.130,0.00
37,22.0,301.60,292.86,15.150,0.00
37,23.0,301.60,308.07,15.220,0.00
37,24.0,301.60,323.67,15.590,0.00
37,25.0,301.60,339.94,16.270,0.00
37,26.0,301.60,355.62,15.680,0.00
37,27.0,301.60,371.75,16.130,0.00
37,28.0,301.60,387.18,15.430,0.00
37,29.0,301.60,403.40,16.210,0.00
37,30.0,301.60,419.46,16.060,0.00
37,31.0,301.60,435.31,15.850,0.00
37,32.0,301.60,451.40,16.100,0.00
37,33.0,301.60,467.46,16.050,0.00
37,34.0,301.60,482.80,15.350,0.00
37,35.0,301.60,498.88,16.080,0.00
37,36.0,301.60,514.26,15.380,0.00
37,37.0,301.60,530.56,16.300,0.00
37,38.0,301.60,546.81,16.240,0.00
37,39.0,301.60,562.86,16.050,0.00
37,40.0,301.60,575.35,12.490,0.00
37,41.0,301.60,583.34,7.990,0.00
37,42.0,301.60,591.64,8.300,0.00
37,43.0,301.20,595.63,4.020,355.34
37,44.0,297.86,600.32,6.030,319.07
37,45.0,290.66,601.60,7.450,274.65
37,46.0,281.59,601.60,9.070,270.00
37,47.0,271.15,601.60,10.440,270.00
37,48.0,258.16,601.60,12.990,270.00
37,49.0,242.64,601.60,15.520,270.00
37,50.0,227.41,601.60,15.230,270.00
37,51.0,211.70,601.60,15.710,270.00
37,52.0,196.27,601.60,15.430,270.00
37,53.0,180.50,601.60,15.770,270.00
37,54.0,164.18,601.60,16.320,270.00
37,55.0,148.47,601.60,15.710,270.00
37,56.0,132.38,601.60,16.090,270.00
37,57.0,116.11,601.60,16.270,270.00
37,58.0,100.53,601.60,15.590,270.00
37,59.0,85.30,601.60,15.220,270.00
37,60.0,70.18,601.60,15.120,270.00
37,61.0,54.08,601.60,16.110,270.00
37,62.0,38.63,601.60,15.440,270.00
37,63.0,27.49,601.60,11.150,270.00
37,64.0,16.78,601.60,10.710,270.00
37,65.0,10.57,601.60,6.210,270.00
37,66.0,2.09,601.60,8.470,270.00
37,67.0,-7.88,601.60,9.970,270.00
37,68.0,-19.92,601.60,12.040,270.00
37,69.0,-33.46,601.60,13.540,270.00
37,70.0,-48.62,601.60,15.160,270.00
37,71.0,-64.19,601.60,15.570,270.00
37,72.0,-79.45,601.60,15.260,270.00
37,73.0,-95.20,601.60,15.750,270.00
37,74.0,-110.29,601.60,15.100,270.00
37,75.0,-125.93,601.60,15.640,270.00
37,76.0,-141.78,601.60,15.850,270.00
37,77.0,-157.86,601.60,16.080,270.00
37,78.0,-173.08,601.60,15.220,270.00
37,79.0,-188.27,601.60,15.200,270.00
37,80.0,-203.89,601.60,15.610,270.00
37,81.0,-219.86,601.60,15.970,270.00
37,82.0,-235.90,601.60,16.040,270.00
37,83.0,-251.98,601.60,16.080,270.00
37,84.0,-267.15,601.60,15.170,270.00
37,85.0,-279.72,601.60,12.570,270.00
37,86.0,-288.28,601.60,8.560,270.00
37,87.0,-292.34,601.60,4.060,270.00
37,88.0,-297.26,603.43,5.480,292.38
37,89.0,-298.40,610.06,6.870,356.52
37,90.0,-298.40,619.36,9.310,0.00
37,91.0,-298.40,630.58,11.220,0.00
37,92.0,-298.40,643.89,13.310,0.00
37,93.0,-298.40,658.71,14.820,0.00
37,94.0,-298.40,674.37,15.660,0.00
37,95.0,-298.40,689.80,15.430,0.00
37,96.0,-298.40,705.48,15.680,0.00
37,97.0,-298.40,720.82,15.340,0.00
37,98.0,-298.40,736.40,15.580,0.00
37,99.0,-298.40,751.50,15.100,0.00
37,100.0,-298.40,766.71,15.210,0.00
37,101.0,-298.40,781.91,15.200,0.00
37,102.0,-298.40,797.45,15.550,0.00
37,103.0,-298.40,813.79,16.330,0.00
37,104.0,-298.40,830.17,16.380,0.00
37,105.0,-298.40,846.22,16.050,0.00
37,106.0,-298.40,861.59,15.370,0.00
37,107.0,-298.40,874.62,13.040,0.00
37,108.0,-298.40,889.56,14.940,0.00
38,0.0,901.60,-587.70,0.000,0.00
38,1.0,901.60,-586.27,1.430,0.00
38,2.0,901.60,-582.23,4.030,0.00
38,3.0,901.60,-576.03,6.210,0.00
38,4.0,901.60,-567.39,8.630,0.00
38,5.0,901.60,-556.73,10.670,0.00
38,6.0,901.60,-543.64,13.090,0.00
38,7.0,901.60,-529.45,14.190,0.00
38,8.0,901.60,-515.38,14.070,0.00
38,9.0,901.60,-500.69,14.690,0.00
38,10.0,901.60,-486.63,14.060,0.00
38,11.0,901.60,-471.49,15.140,0.00
38,12.0,901.60,-456.82,14.670,0.00
38,13.0,901.60,-442.16,14.660,0.00
38,14.0,901.60,-427.68,14.480,0.00
38,15.0,901.60,-413.29,14.390,0.00
38,16.0,901.60,-398.02,15.270,0.00
38,17.0,901.60,-383.03,14.990,0.00
38,18.0,901.60,-368.57,14.460,0.00
38,19.0,901.60,-354.07,14.500,0.00
38,20.0,901.60,-339.11,14.960,0.00
38,21.0,901.60,-325.06,14.050,0.00
38,22.0,901.60,-314.44,10.620,0.00
38,23.0,901.60,-307.93,6.510,0.00
38,24.0,899.60,-305.80,3.500,331.18
38,25.0,898.40,-308.48,3.170,232.21
38,26.0,898.40,-313.20,4.720,180.00
38,27.0,898.40,-320.28,7.080,180.00
38,28.0,898.40,-329.68,9.410,180.00
38,29.0,898.40,-341.02,11.330,180.00
38,30.0,898.40,-353.99,12.970,180.00
38,31.0,898.40,-368.53,14.540,180.00
38,32.0,898.40,-383.40,14.870,180.00
38,33.0,898.40,-398.30,14.900,180.00
38,34.0,898.40,-413.50,15.200,180.00
38,35.0,898.40,-428.61,15.110,180.00
38,36.0,898.40,-443.02,14.420,180.00
38,37.0,898.40,-457.89,14.870,180.00
38,38.0,898.40,-472.42,14.530,180.00
38,39.0,898.40,-486.96,14.530,180.00
38,40.0,898.40,-501.14,14.180,180.00
38,41.0,898.40,-516.28,15.140,180.00
38,42.0,898.40,-530.45,14.170,180.00
38,43.0,898.40,-544.51,14.060,180.00
38,44.0,898.40,-558.95,14.440,180.00
38,45.0,898.40,-574.17,15.220,180.00
38,46.0,898.40,-584.88,10.720,180.00
38,47.0,898.40,-591.50,6.620,180.00
38,48.0,896.43,-597.34,6.480,204.01
38,49.0,890.73,-598.40,5.920,263.23
38,50.0,882.46,-598.40,8.260,270.00
38,51.0,872.76,-598.40,9.710,270.00
38,52.0,860.60,-598.40,12.160,270.00
38,53.0,846.14,-598.40,14.460,270.00
38,54.0,831.99,-598.40,14.150,270.00
38,55.0,817.81,-598.40,14.190,270.00
38,56.0,803.54,-598.40,14.270,270.00
38,57.0,788.68,-598.40,14.870,270.00
38,58.0,774.19,-598.40,14.490,270.00
38,59.0,759.87,-598.40,14.320,270.00
38,60.0,745.04,-598.40,14.830,270.00
38,61.0,730.37,-598.40,14.670,270.00
38,62.0,716.23,-598.40,14.140,270.00
38,63.0,701.47,-598.40,14.750,270.00
38,64.0,686.65,-598.40,14.830,270.00
38,65.0,672.50,-598.40,14.150,270.00
38,66.0,657.82,-598.40,14.670,270.00
38,67.0,643.11,-598.40,14.710,270.00
38,68.0,627.97,-598.40,15.140,270.00
38,69.0,617.32,-598.40,10.640,270.00
38,70.0,611.18,-598.40,6.140,270.00
38,71.0,603.47,-598.40,7.710,270.00
38,72.0,593.88,-598.40,9.590,270.00
38,73.0,582.16,-598.40,11.710,270.00
38,74.0,568.54,-598.40,13.630,270.00
38,75.0,554.36,-598.40,14.180,270.00
38,76.0,539.09,-598.40,15.270,270.00
38,77.0,524.83,-598.40,14.260,270.00
38,78.0,510.64,-598.40,14.190,270.00
38,79.0,495.91,-598.40,14.730,270.00
38,80.0,481.07,-598.40,14.850,270.00
38,81.0,466.70,-598.40,14.360,270.00
38,82.0,452.24,-598.40,14.460,270.00
38,83.0,437.86,-598.40,14.370,270.00
38,84.0,423.75,-598.40,14.120,270.00
38,85.0,409.02,-598.40,14.720,270.00
38,86.0,394.98,-598.40,14.040,270.00
38,87.0,380.56,-598.40,14.430,270.00
38,88.0,365.28,-598.40,15.280,270.00
38,89.0,350.34,-598.40,14.930,270.00
38,90.0,336.15,-598.40,14.190,270.00
38,91.0,322.38,-598.40,13.780,270.00
38,92.0,313.10,-598.40,9.280,270.00
38,93.0,308.09,-598.40,5.010,270.00
38,94.0,307.45,-598.40,0.640,270.00
38,95.0,305.92,-598.40,1.530,270.00
38,96.0,302.26,-598.40,3.660,270.00
38,97.0,296.81,-598.40,5.450,270.00
38,98.0,289.73,-598.40,7.080,270.00
38,99.0,280.19,-598.40,9.540,270.00
38,100.0,268.09,-598.40,12.090,270.00
38,101.0,254.45,-598.40,13.650,270.00
38,102.0,239.75,-598.40,14.700,270.00
38,103.0,224.52,-598.40,15.230,270.00
38,104.0,209.29,-598.40,15.230,270.00
38,105.0,194.46,-598.40,14.830,270.00
38,106.0,179.79,-598.40,14.660,270.00
38,107.0,164.83,-598.40,14.960,270.00
38,108.0,149.71,-598.40,15.120,270.00
38,109.0,135.11,-598.40,14.600,270.00
38,110.0,120.68,-598.40,14.430,270.00
38,111.0,106.15,-598.40,14.530,270.00
38,112.0,90.99,-598.40,15.160,270.00
38,113.0,76.09,-598.40,14.900,270.00
38,114.0,61.04,-598.40,15.050,270.00
38,115.0,46.73,-598.40,14.300,270.00
38,116.0,32.34,-598.40,14.390,270.00
38,117.0,19.84,-598.40,12.500,270.00
38,118.0,11.84,-598.40,8.000,270.00
38,119.0,8.34,-598.40,3.500,270.00
38,120.0,5.74,-599.73,3.170,253.35
38,121.0,8.36,-601.60,3.800,146.04
38,122.0,13.82,-601.60,5.470,90.00
38,123.0,21.34,-601.60,7.520,90.00
38,124.0,30.73,-601.60,9.380,90.00
38,125.0,42.08,-601.60,11.350,90.00
38,126.0,54.88,-601.60,12.790,90.00
38,127.0,69.80,-601.60,14.920,90.00
38,128.0,84.00,-601.60,14.200,90.00
38,129.0,98.40,-601.60,14.410,90.00
38,130.0,112.85,-601.60,14.440,90.00
38,131.0,127.60,-601.60,14.750,90.00
38,132.0,141.73,-601.60,14.130,90.00
38,133.0,155.91,-601.60,14.190,90.00
38,134.0,170.55,-601.60,14.640,90.00
38,135.0,185.08,-601.60,14.520,90.00
38,136.0,200.08,-601.60,15.010,90.00
38,137.0,215.05,-601.60,14.960,90.00
38,138.0,229.61,-601.60,14.570,90.00
38,139.0,244.50,-601.60,14.890,90.00
38,140.0,259.22,-601.60,14.720,90.00
38,141.0,274.44,-601.60,15.230,90.00
38,142.0,288.62,-601.60,14.170,90.00
39,0.0,-587.70,898.40,0.000,90.00
39,1.0,-585.62,898.40,2.080,90.00
39,2.0,-581.08,898.40,4.530,90.00
39,3.0,-574.27,898.40,6.820,90.00
39,4.0,-565.15,898.40,9.120,90.00
39,5.0,-553.80,898.40,11.360,90.00
39,6.0,-541.90,898.40,11.900,90.00
39,7.0,-529.72,898.40,12.180,90.00
39,8.0,-517.51,898.40,12.210,90.00
39,9.0,-505.10,898.40,12.410,90.00
39,10.0,-493.24,898.40,11.860,90.00
39,11.0,-481.10,898.40,12.140,90.00
39,12.0,-469.66,898.40,11.440,90.00
39,13.0,-458.11,898.40,11.560,90.00
39,14.0,-446.63,898.40,11.470,90.00
39,15.0,-434.63,898.40,12.000,90.00
39,16.0,-423.27,898.40,11.360,90.00
39,17.0,-411.73,898.40,11.540,90.00
39,18.0,-399.65,898.40,12.080,90.00
39,19.0,-387.29,898.40,12.360,90.00
39,20.0,-375.65,898.40,11.640,90.00
39,21.0,-363.97,898.40,11.680,90.00
39,22.0,-351.73,898.40,12.240,90.00
39,23.0,-340.33,898.40,11.400,90.00
39,24.0,-327.99,898.40,12.340,90.00
39,25.0,-316.33,898.40,11.650,90.00
39,26.0,-307.85,898.40,8.480,90.00
39,27.0,-302.93,896.89,5.300,108.15
39,28.0,-301.60,891.39,5.790,169.15
39,29.0,-301.60,883.41,7.980,180.00
39,30.0,-301.60,873.48,9.920,180.00
39,31.0,-301.60,862.20,11.280,180.00
39,32.0,-301.60,850.20,12.000,180.00
39,33.0,-301.60,838.99,11.210,180.00
39,34.0,-301.60,827.12,11.860,180.00
39,35.0,-301.60,814.64,12.490,180.00
39,36.0,-301.60,802.52,12.120,180.00
39,37.0,-301.60,790.97,11.550,180.00
39,38.0,-301.60,778.64,12.330,180.00
39,39.0,-301.60,767.23,11.400,180.00
39,40.0,-301.60,754.99,12.240,180.00
39,41.0,-301.60,743.33,11.660,180.00
39,42.0,-301.60,731.28,12.050,180.00
39,43.0,-301.60,719.67,11.600,180.00
39,44.0,-301.60,707.48,12.200,180.00
39,45.0,-301.60,695.28,12.190,180.00
39,46.0,-301.60,683.15,12.130,180.00
39,47.0,-301.60,671.75,11.400,180.00
39,48.0,-301.60,659.88,11.870,180.00
39,49.0,-301.60,648.08,11.800,180.00
39,50.0,-301.60,636.64,11.450,180.00
39,51.0,-301.60,625.06,11.570,180.00
39,52.0,-301.60,614.02,11.040,180.00
39,53.0,-301.60,607.48,6.540,180.00
39,54.0,-303.67,602.60,5.580,205.25
39,55.0,-308.18,601.60,4.710,256.49
39,56.0,-314.57,601.60,6.380,270.00
39,57.0,-322.68,601.60,8.110,270.00
39,58.0,-332.15,601.60,9.480,270.00
39,59.0,-343.21,601.60,11.060,270.00
39,60.0,-355.64,601.60,12.430,270.00
39,61.0,-368.08,601.60,12.440,270.00
39,62.0,-379.80,601.60,11.720,270.00
39,63.0,-391.77,601.60,11.970,270.00
39,64.0,-403.61,601.60,11.840,270.00
39,65.0,-416.07,601.60,12.460,270.00
39,66.0,-428.42,601.60,12.350,270.00
39,67.0,-439.89,601.60,11.470,270.00
39,68.0,-451.91,601.60,12.020,270.00
39,69.0,-463.26,601.60,11.350,270.00
39,70.0,-474.64,601.60,11.380,270.00
39,71.0,-487.07,601.60,12.430,270.00
39,72.0,-499.47,601.60,12.400,270.00
39,73.0,-511.82,601.60,12.350,270.00
39,74.0,-523.96,601.60,12.140,270.00
39,75.0,-536.02,601.60,12.060,270.00
39,76.0,-547.34,601.60,11.320,270.00
39,77.0,-558.64,601.60,11.300,270.00
39,78.0,-570.82,601.60,12.180,270.00
39,79.0,-581.75,601.60,10.920,270.00
39,80.0,-588.29,601.60,6.550,270.00
39,81.0,-592.55,601.60,4.260,270.00
39,82.0,-594.21,599.62,3.010,241.53
39,83.0,-592.15,598.40,2.560,162.98
39,84.0,-587.96,598.40,4.190,91.00
39,85.0,-582.17,598.40,5.790,90.00
39,86.0,-574.78,598.40,7.380,90.00
39,87.0,-566.08,598.40,8.710,90.00
39,88.0,-554.99,598.40,11.090,90.00
39,89.0,-543.73,598.40,11.260,90.00
39,90.0,-532.31,598.40,11.420,90.00
39,91.0,-519.94,598.40,12.370,90.00
39,92.0,-507.53,598.40,12.400,90.00
39,93.0,-495.73,598.40,11.800,90.00
39,94.0,-484.06,598.40,11.670,90.00
39,95.0,-472.76,598.40,11.300,90.00
39,96.0,-460.37,598.40,12.390,90.00
39,97.0,-448.32,598.40,12.040,90.00
39,98.0,-436.69,598.40,11.630,90.00
39,99.0,-425.42,598.40,11.270,90.00
39,100.0,-413.93,598.40,11.490,90.00
39,101.0,-402.42,598.40,11.500,90.00
39,102.0,-390.85,598.40,11.570,90.00
39,103.0,-379.05,598.40,11.800,90.00
39,104.0,-366.97,598.40,12.080,90.00
39,105.0,-354.59,598.40,12.380,90.00
39,106.0,-342.69,598.40,11.900,90.00
39,107.0,-330.83,598.40,11.860,90.00
39,108.0,-318.89,598.40,11.940,90.00
4,0.0,-287.70,898.40,0.000,90.00
4,1.0,-285.34,898.40,2.360,90.00
4,2.0,-281.61,898.40,3.720,90.00
4,3.0,-276.27,898.40,5.340,90.00
4,4.0,-269.20,898.40,7.070,90.00
4,5.0,-260.39,898.40,8.810,90.00
4,6.0,-249.32,898.40,11.080,90.00
4,7.0,-236.19,898.40,13.130,90.00
4,8.0,-222.16,898.40,14.030,90.00
4,9.0,-208.00,898.40,14.160,90.00
4,10.0,-194.31,898.40,13.690,90.00
4,11.0,-181.30,898.40,13.010,90.00
4,12.0,-168.01,898.40,13.290,90.00
4,13.0,-153.83,898.40,14.180,90.00
4,14.0,-140.11,898.40,13.720,90.00
4,15.0,-125.82,898.40,14.290,90.00
4,16.0,-112.63,898.40,13.190,90.00
4,17.0,-99.23,898.40,13.400,90.00
4,18.0,-85.94,898.40,13.280,90.00
4,19.0,-72.65,898.40,13.290,90.00
4,20.0,-59.48,898.40,13.170,90.00
4,21.0,-45.48,898.40,14.000,90.00
4,22.0,-31.49,898.40,13.990,90.00
4,23.0,-19.11,898.40,12.390,90.00
4,24.0,-11.22,898.40,7.890,90.00
4,25.0,-7.70,898.40,3.520,90.00
4,26.0,-5.99,900.79,3.710,51.35
4,27.0,-9.00,901.60,3.250,308.28
4,28.0,-14.24,901.60,5.240,270.00
4,29.0,-20.97,901.60,6.730,270.00
4,30.0,-29.71,901.60,8.740,270.00
4,31.0,-39.93,901.60,10.220,270.00
4,32.0,-51.56,901.60,11.620,270.00
4,33.0,-65.04,901.60,13.480,270.00
4,34.0,-79.01,901.60,13.970,270.00
4,35.0,-93.00,901.60,13.990,270.00
4,36.0,-106.88,901.60,13.890,270.00
4,37.0,-121.03,901.60,14.140,270.00
4,38.0,-134.40,901.60,13.370,270.00
4,39.0,-148.48,901.60,14.080,270.00
4,40.0,-161.56,901.60,13.090,270.00
4,41.0,-175.32,901.60,13.750,270.00
4,42.0,-189.48,901.60,14.160,270.00
4,43.0,-202.51,901.60,13.030,270.00
4,44.0,-215.71,901.60,13.200,270.00
4,45.0,-229.24,901.60,13.530,270.00
4,46.0,-242.77,901.60,13.520,270.00
4,47.0,-256.64,901.60,13.870,270.00
4,48.0,-270.83,901.60,14.190,270.00
4,49.0,-284.21,901.60,13.380,270.00
4,50.0,-297.31,901.60,13.100,270.00
4,51.0,-310.81,901.60,13.500,270.00
4,52.0,-324.03,901.60,13.220,270.00
4,53.0,-338.05,901.60,14.020,270.00
4,54.0,-351.18,901.60,13.140,270.00
4,55.0,-365.37,901.60,14.180,270.00
4,56.0,-378.53,901.60,13.170,270.00
4,57.0,-392.24,901.60,13.710,270.00
4,58.0,-406.50,901.60,14.270,270.00
4,59.0,-420.08,901.60,13.580,270.00
4,60.0,-433.42,901.60,13.340,270.00
4,61.0,-447.24,901.60,13.810,270.00
4,62.0,-460.57,901.60,13.340,270.00
4,63.0,-474.52,901.60,13.940,270.00
4,64.0,-488.53,901.60,14.020,270.00
4,65.0,-501.67,901.60,13.140,270.00
4,66.0,-514.89,901.60,13.220,270.00
4,67.0,-529.07,901.60,14.180,270.00
4,68.0,-542.36,901.60,13.290,270.00
4,69.0,-555.62,901.60,13.250,270.00
4,70.0,-569.60,901.60,13.980,270.00
4,71.0,-582.74,901.60,13.140,270.00
4,72.0,-596.66,901.60,13.920,270.00
4,73.0,-610.01,901.60,13.350,270.00
4,74.0,-623.85,901.60,13.840,270.00
4,75.0,-637.61,901.60,13.770,270.00
4,76.0,-651.19,901.60,13.580,270.00
4,77.0,-664.48,901.60,13.290,270.00
4,78.0,-677.77,901.60,13.290,270.00
4,79.0,-692.03,901.60,14.270,270.00
4,80.0,-705.50,901.60,13.470,270.00
4,81.0,-718.84,901.60,13.340,270.00
4,82.0,-732.96,901.60,14.130,270.00
4,83.0,-746.90,901.60,13.940,270.00
4,84.0,-760.88,901.60,13.980,270.00
4,85.0,-774.83,901.60,13.950,270.00
4,86.0,-787.86,901.60,13.030,270.00
4,87.0,-802.03,901.60,14.170,270.00
4,88.0,-815.95,901.60,13.930,270.00
4,89.0,-829.80,901.60,13.840,270.00
4,90.0,-843.54,901.60,13.740,270.00
4,91.0,-857.27,901.60,13.730,270.00
4,92.0,-871.55,901.60,14.270,270.00
4,93.0,-885.25,901.60,13.710,270.00
4,94.0,-895.99,901.60,10.730,270.00
4,95.0,-901.20,899.07,6.230,238.20
4,96.0,-901.60,893.55,5.570,182.84
4,97.0,-901.60,886.34,7.210,180.00
4,98.0,-901.60,877.25,9.080,180.00
4,99.0,-901.60,866.66,10.600,180.00
4,100.0,-901.60,854.01,12.650,180.00
4,101.0,-901.60,840.18,13.830,180.00
4,102.0,-901.60,827.08,13.100,180.00
4,103.0,-901.60,813.33,13.750,180.00
4,104.0,-901.60,799.39,13.940,180.00
4,105.0,-901.60,786.32,13.070,180.00
4,106.0,-901.60,772.13,14.190,180.00
4,107.0,-901.60,758.23,13.890,180.00
4,108.0,-901.60,744.10,14.130,180.00
4,109.0,-901.60,730.37,13.730,180.00
4,110.0,-901.60,716.65,13.720,180.00
4,111.0,-901.60,703.56,13.100,180.00
4,112.0,-901.60,689.26,14.300,180.00
4,113.0,-901.60,675.79,13.470,180.00
4,114.0,-901.60,662.63,13.160,180.00
4,115.0,-901.60,648.68,13.950,180.00
4,116.0,-901.60,634.96,13.720,180.00
4,117.0,-901.60,621.36,13.600,180.00
4,118.0,-901.60,607.61,13.750,180.00
4,119.0,-901.60,594.17,13.440,180.00
4,120.0,-901.60,580.18,13.990,180.00
4,121.0,-901.60,566.53,13.640,180.00
4,122.0,-901.60,552.61,13.930,180.00
4,123.0,-901.60,539.21,13.400,180.00
4,124.0,-901.60,525.11,14.100,180.00
4,125.0,-901.60,510.81,14.290,180.00
4,126.0,-901.60,497.12,13.690,180.00
4,127.0,-901.60,482.99,14.130,180.00
4,128.0,-901.60,469.49,13.500,180.00
4,129.0,-901.60,455.96,13.530,180.00
4,130.0,-901.60,442.40,13.560,180.00
4,131.0,-901.60,428.68,13.730,180.00
4,132.0,-901.60,415.59,13.080,180.00
4,133.0,-901.60,402.45,13.140,180.00
4,134.0,-901.60,388.90,13.540,180.00
4,135.0,-901.60,375.29,13.620,180.00
4,136.0,-901.60,362.23,13.060,180.00
4,137.0,-901.60,349.12,13.110,180.00
4,138.0,-901.60,335.84,13.280,180.00
4,139.0,-901.60,322.54,13.300,180.00
4,140.0,-901.60,309.45,13.090,180.00
4,141.0,-901.60,295.54,13.910,180.00
4,142.0,-901.60,282.53,13.020,180.00
4,143.0,-901.60,269.05,13.470,180.00
4,144.0,-901.60,255.79,13.260,180.00
4,145.0,-901.60,242.46,13.330,180.00
4,146.0,-901.60,228.95,13.510,180.00
4,147.0,-901.60,214.99,13.960,180.00
4,148.0,-901.60,201.11,13.880,180.00
4,149.0,-901.60,187.64,13.470,180.00
4,150.0,-901.60,174.06,13.580,180.00
4,151.0,-901.60,159.84,14.220,180.00
4,152.0,-901.60,146.76,13.080,180.00
4,153.0,-901.60,133.02,13.740,180.00
4,154.0,-901.60,119.64,13.380,180.00
4,155.0,-901.60,106.12,13.520,180.00
4,156.0,-901.60,92.76,13.360,180.00
4,157.0,-901.60,78.94,13.820,180.00
4,158.0,-901.60,64.65,14.280,180.00
4,159.0,-901.60,51.13,13.530,180.00
4,160.0,-901.60,37.94,13.190,180.00
4,161.0,-901.60,24.59,13.350,180.00
4,162.0,-901.60,11.30,13.290,180.00
4,163.0,-901.60,-2.95,14.250,180.00
4,164.0,-901.60,-16.19,13.240,180.00
4,165.0,-901.60,-30.02,13.830,180.00
4,166.0,-901.60,-43.33,13.310,180.00
4,167.0,-901.60,-57.01,13.680,180.00
4,168.0,-901.60,-71.19,14.180,180.00
4,169.0,-901.60,-84.48,13.290,180.00
4,170.0,-901.60,-98.57,14.090,180.00
4,171.0,-901.60,-112.54,13.970,180.00
4,172.0,-901.60,-125.80,13.260,180.00
4,173.0,-901.60,-139.78,13.980,180.00
4,174.0,-901.60,-152.91,13.120,180.00
4,175.0,-901.60,-166.15,13.250,180.00
4,176.0,-901.60,-179.88,13.730,180.00
4,177.0,-901.60,-194.13,14.250,180.00
4,178.0,-901.60,-207.30,13.170,180.00
4,179.0,-901.60,-221.44,14.140,180.00
4,180.0,-901.60,-235.22,13.780,180.00
4,181.0,-901.60,-248.64,13.420,180.00
4,182.0,-901.60,-262.17,13.530,180.00
4,183.0,-901.60,-276.41,14.240,180.00
4,184.0,-901.60,-289.50,13.090,180.00
4,185.0,-901.60,-303.54,14.030,180.00
4,186.0,-901.60,-316.77,13.230,180.00
4,187.0,-901.60,-330.59,13.820,180.00
4,188.0,-901.60,-343.80,13.210,180.00
4,189.0,-901.60,-357.06,13.260,180.00
4,190.0,-901.60,-370.25,13.190,180.00
4,191.0,-901.60,-383.71,13.460,180.00
4,192.0,-901.60,-397.17,13.460,180.00
4,193.0,-901.60,-411.13,13.960,180.00
4,194.0,-901.60,-424.32,13.190,180.00
4,195.0,-901.60,-438.12,13.800,180.00
4,196.0,-901.60,-452.41,14.280,180.00
4,197.0,-901.60,-466.00,13.590,180.00
4,198.0,-901.60,-480.13,14.130,180.00
4,199.0,-901.60,-494.20,14.070,180.00
4,200.0,-901.60,-508.03,13.830,180.00
4,201.0,-901.60,-522.15,14.110,180.00
4,202.0,-901.60,-536.24,14.090,180.00
4,203.0,-901.60,-550.35,14.110,180.00
4,204.0,-901.60,-563.39,13.040,180.00
4,205.0,-901.60,-576.60,13.210,180.00
4,206.0,-901.60,-590.89,14.290,180.00
40,0.0,-12.30,901.60,0.000,270.00
40,1.0,-14.88,901.60,2.580,270.00
40,2.0,-20.03,901.60,5.150,270.00
40,3.0,-27.40,901.60,7.370,270.00
40,4.0,-36.75,901.60,9.350,270.00
40,5.0,-48.29,901.60,11.540,270.00
40,6.0,-61.83,901.60,13.540,270.00
40,7.0,-75.89,901.60,14.060,270.00
40,8.0,-89.84,901.60,13.960,270.00
40,9.0,-103.28,901.60,13.440,270.00
40,10.0,-117.15,901.60,13.870,270.00
40,11.0,-131.01,901.60,13.860,270.00
40,12.0,-145.07,901.60,14.050,270.00
40,13.0,-159.18,901.60,14.120,270.00
40,14.0,-173.47,901.60,14.290,270.00
40,15.0,-186.80,901.60,13.320,270.00
40,16.0,-200.74,901.60,13.940,270.00
40,17.0,-213.89,901.60,13.150,270.00
40,18.0,-227.72,901.60,13.830,270.00
40,19.0,-241.98,901.60,14.250,270.00
40,20.0,-255.81,901.60,13.830,270.00
40,21.0,-269.18,901.60,13.370,270.00
40,22.0,-282.99,901.60,13.820,270.00
40,23.0,-296.78,901.60,13.790,270.00
40,24.0,-310.60,901.60,13.820,270.00
40,25.0,-324.29,901.60,13.690,270.00
40,26.0,-337.78,901.60,13.500,270.00
40,27.0,-351.00,901.60,13.210,270.00
40,28.0,-364.27,901.60,13.280,270.00
40,29.0,-378.07,901.60,13.790,270.00
40,30.0,-391.22,901.60,13.150,270.00
40,31.0,-404.99,901.60,13.760,270.00
40,32.0,-418.78,901.60,13.790,270.00
40,33.0,-432.19,901.60,13.410,270.00
40,34.0,-446.41,901.60,14.220,270.00
40,35.0,-459.81,901.60,13.400,270.00
40,36.0,-473.87,901.60,14.050,270.00
40,37.0,-487.35,901.60,13.480,270.00
40,38.0,-500.44,901.60,13.090,270.00
40,39.0,-513.98,901.60,13.540,270.00
40,40.0,-527.33,901.60,13.350,270.00
40,41.0,-540.79,901.60,13.460,270.00
40,42.0,-553.85,901.60,13.060,270.00
40,43.0,-566.90,901.60,13.050,270.00
40,44.0,-578.87,901.60,11.970,270.00
40,45.0,-586.80,901.60,7.930,270.00
40,46.0,-592.25,901.60,5.440,270.00
40,47.0,-594.01,899.23,3.750,231.86
40,48.0,-590.60,898.40,3.670,119.31
40,49.0,-584.71,898.40,5.890,90.00
40,50.0,-577.43,898.40,7.280,90.00
40,51.0,-567.73,898.40,9.700,90.00
40,52.0,-555.80,898.40,11.930,90.00
40,53.0,-541.79,898.40,14.010,90.00
40,54.0,-527.84,898.40,13.940,90.00
40,55.0,-513.68,898.40,14.160,90.00
40,56.0,-499.55,898.40,14.130,90.00
40,57.0,-486.29,898.40,13.270,90.00
40,58.0,-472.60,898.40,13.690,90.00
40,59.0,-458.30,898.40,14.300,90.00
40,60.0,-444.55,898.40,13.760,90.00
40,61.0,-431.42,898.40,13.130,90.00
40,62.0,-418.08,898.40,13.340,90.00
40,63.0,-403.85,898.40,14.230,90.00
40,64.0,-390.66,898.40,13.190,90.00
40,65.0,-377.35,898.40,13.310,90.00
40,66.0,-363.71,898.40,13.640,90.00
40,67.0,-350.67,898.40,13.040,90.00
40,68.0,-337.57,898.40,13.100,90.00
40,69.0,-324.39,898.40,13.180,90.00
40,70.0,-310.20,898.40,14.190,90.00
41,0.0,301.60,-887.70,0.000,0.00
41,1.0,301.60,-885.19,2.510,0.00
41,2.0,301.60,-880.60,4.590,0.00
41,3.0,301.60,-874.11,6.490,0.00
41,4.0,301.60,-866.21,7.900,0.00
41,5.0,301.60,-856.59,9.620,0.00
41,6.0,301.60,-845.09,11.500,0.00
41,7.0,301.60,-832.99,12.090,0.00
41,8.0,301.60,-820.67,12.320,0.00
41,9.0,301.60,-808.54,12.130,0.00
41,10.0,301.60,-796.10,12.440,0.00
41,11.0,301.60,-783.82,12.280,0.00
41,12.0,301.60,-770.83,12.990,0.00
41,13.0,301.60,-758.40,12.430,0.00
41,14.0,301.60,-746.33,12.070,0.00
41,15.0,301.60,-733.50,12.830,0.00
41,16.0,301.60,-721.23,12.270,0.00
41,17.0,301.60,-709.17,12.050,0.00
41,18.0,301.60,-696.88,12.290,0.00
41,19.0,301.60,-684.84,12.040,0.00
41,20.0,301.60,-672.31,12.530,0.00
41,21.0,301.60,-659.34,12.970,0.00
41,22.0,301.60,-646.86,12.480,0.00
41,23.0,301.60,-633.91,12.950,0.00
41,24.0,301.60,-620.95,12.960,0.00
41,25.0,301.60,-610.94,10.010,0.00
41,26.0,301.90,-605.13,5.820,3.39
41,27.0,305.50,-601.84,5.230,49.36
41,28.0,311.54,-601.60,6.050,88.92
41,29.0,319.76,-601.60,8.220,90.00
41,30.0,329.97,-601.60,10.220,90.00
41,31.0,342.55,-601.60,12.570,90.00
41,32.0,355.42,-601.60,12.870,90.00
41,33.0,367.96,-601.60,12.540,90.00
41,34.0,380.01,-601.60,12.050,90.00
41,35.0,392.24,-601.60,12.240,90.00
41,36.0,405.32,-601.60,13.070,90.00
41,37.0,417.58,-601.60,12.270,90.00
41,38.0,430.55,-601.60,12.970,90.00
41,39.0,442.94,-601.60,12.380,90.00
41,40.0,455.42,-601.60,12.490,90.00
41,41.0,467.68,-601.60,12.250,90.00
41,42.0,479.98,-601.60,12.310,90.00
41,43.0,492.70,-601.60,12.720,90.00
41,44.0,505.13,-601.60,12.430,90.00
41,45.0,518.33,-601.60,13.200,90.00
41,46.0,531.10,-601.60,12.760,90.00
41,47.0,543.95,-601.60,12.850,90.00
41,48.0,555.95,-601.60,12.000,90.00
41,49.0,568.79,-601.60,12.840,90.00
41,50.0,581.25,-601.60,12.460,90.00
41,51.0,589.20,-601.60,7.960,90.00
41,52.0,595.35,-602.01,6.190,94.71
41,53.0,598.28,-606.38,5.610,149.29
41,54.0,598.40,-611.43,5.050,178.74
41,55.0,598.40,-618.63,7.200,180.00
41,56.0,598.40,-627.40,8.770,180.00
41,57.0,598.40,-637.65,10.250,180.00
41,58.0,598.40,-650.11,12.470,180.00
41,59.0,598.40,-662.19,12.080,180.00
41,60.0,598.40,-674.38,12.190,180.00
41,61.0,598.40,-687.23,12.850,180.00
41,62.0,598.40,-699.30,12.070,180.00
41,63.0,598.40,-711.31,12.010,180.00
41,64.0,598.40,-723.51,12.200,180.00
41,65.0,598.40,-736.46,12.950,180.00
41,66.0,598.40,-749.06,12.610,180.00
41,67.0,598.40,-762.27,13.210,180.00
41,68.0,598.40,-774.96,12.690,180.00
41,69.0,598.40,-787.00,12.030,180.00
41,70.0,598.40,-799.17,12.170,180.00
41,71.0,598.40,-811.88,12.710,180.00
41,72.0,598.40,-825.01,13.130,180.00
41,73.0,598.40,-837.74,12.730,180.00
41,74.0,598.40,-850.73,12.990,180.00
41,75.0,598.40,-863.99,13.260,180.00
41,76.0,598.40,-876.91,12.920,180.00
41,77.0,598.40,-885.78,8.880,180.00
41,78.0,598.40,-891.24,5.450,180.00
41,79.0,599.79,-898.05,7.080,164.47
41,80.0,606.17,-901.45,7.630,107.94
41,81.0,612.98,-901.60,6.820,90.00
41,82.0,622.21,-901.60,9.230,90.00
41,83.0,633.88,-901.60,11.680,90.00
41,84.0,646.03,-901.60,12.150,90.00
41,85.0,658.61,-901.60,12.580,90.00
41,86.0,671.25,-901.60,12.640,90.00
41,87.0,684.33,-901.60,13.090,90.00
41,88.0,697.19,-901.60,12.860,90.00
41,89.0,709.36,-901.60,12.170,90.00
41,90.0,721.72,-901.60,12.360,90.00
41,91.0,734.42,-901.60,12.700,90.00
41,92.0,746.77,-901.60,12.350,90.00
41,93.0,759.45,-901.60,12.680,90.00
41,94.0,772.25,-901.60,12.800,90.00
41,95.0,784.26,-901.60,12.000,90.00
41,96.0,797.52,-901.60,13.260,90.00
41,97.0,809.81,-901.60,12.300,90.00
41,98.0,822.40,-901.60,12.580,90.00
41,99.0,835.03,-901.60,12.630,90.00
41,100.0,848.20,-901.60,13.180,90.00
41,101.0,861.12,-901.60,12.920,90.00
41,102.0,873.64,-901.60,12.510,90.00
41,103.0,886.51,-901.60,12.880,90.00
41,104.0,896.21,-901.60,9.700,90.00
41,105.0,900.84,-899.66,5.320,65.78
41,106.0,901.60,-894.06,5.750,4.29
41,107.0,901.60,-887.00,7.060,0.00
41,108.0,901.60,-877.99,9.010,0.00
41,109.0,901.60,-866.84,11.160,0.00
41,110.0,901.60,-854.14,12.690,0.00
41,111.0,901.60,-841.96,12.190,0.00
41,112.0,901.60,-829.40,12.550,0.00
41,113.0,901.60,-816.42,12.980,0.00
41,114.0,901.60,-803.99,12.430,0.00
41,115.0,901.60,-791.71,12.280,0.00
41,116.0,901.60,-779.58,12.130,0.00
41,117.0,901.60,-766.98,12.600,0.00
41,118.0,901.60,-754.87,12.110,0.00
41,119.0,901.60,-742.63,12.240,0.00
41,120.0,901.60,-730.61,12.020,0.00
41,121.0,901.60,-718.09,12.520,0.00
41,122.0,901.60,-704.90,13.190,0.00
41,123.0,901.60,-691.79,13.110,0.00
41,124.0,901.60,-678.73,13.060,0.00
41,125.0,901.60,-665.59,13.140,0.00
41,126.0,901.60,-652.71,12.880,0.00
41,127.0,901.60,-639.83,12.880,0.00
41,128.0,901.60,-626.84,12.990,0.00
41,129.0,901.60,-613.61,13.230,0.00
42,0.0,-287.70,598.40,0.000,90.00
42,1.0,-285.90,598.40,1.800,90.00
42,2.0,-281.65,598.40,4.250,90.00
42,3.0,-275.99,598.40,5.650,90.00
42,4.0,-269.00,598.40,7.000,90.00
42,5.0,-260.36,598.40,8.640,90.00
42,6.0,-249.63,598.40,10.730,90.00
42,7.0,-237.35,598.40,12.280,90.00
42,8.0,-223.11,598.40,14.240,90.00
42,9.0,-208.00,598.40,15.110,90.00
42,10.0,-193.51,598.40,14.490,90.00
42,11.0,-178.55,598.40,14.960,90.00
42,12.0,-164.67,598.40,13.880,90.00
42,13.0,-150.58,598.40,14.090,90.00
42,14.0,-136.93,598.40,13.650,90.00
42,15.0,-123.53,598.40,13.400,90.00
42,16.0,-111.47,598.40,12.050,90.00
42,17.0,-98.90,598.40,12.580,90.00
42,18.0,-87.73,598.40,11.170,90.00
42,19.0,-75.12,598.40,12.600,90.00
42,20.0,-62.56,598.40,12.560,90.00
42,21.0,-50.51,598.40,12.050,90.00
42,22.0,-39.32,598.40,11.190,90.00
42,23.0,-28.20,598.40,11.120,90.00
42,24.0,-20.68,598.40,7.520,90.00
42,25.0,-12.19,598.40,8.490,90.00
42,26.0,-8.19,598.40,3.990,90.00
42,27.0,-2.59,596.32,6.300,115.32
42,28.0,-1.60,589.67,6.850,176.96
42,29.0,-1.60,580.63,9.040,180.00
42,30.0,-1.60,569.51,11.120,180.00
42,31.0,-1.60,556.74,12.760,180.00
42,32.0,-1.60,542.18,14.560,180.00
42,33.0,-1.60,527.60,14.580,180.00
42,34.0,-1.60,513.27,14.330,180.00
42,35.0,-1.60,498.87,14.400,180.00
42,36.0,-1.60,484.39,14.470,180.00
42,37.0,-1.60,469.73,14.670,180.00
42,38.0,-1.60,454.62,15.110,180.00
42,39.0,-1.60,440.63,13.990,180.00
42,40.0,-1.60,426.24,14.390,180.00
42,41.0,-1.60,412.29,13.950,180.00
42,42.0,-1.60,398.34,13.950,180.00
42,43.0,-1.60,383.43,14.910,180.00
42,44.0,-1.60,369.12,14.310,180.00
42,45.0,-1.60,355.18,13.940,180.00
42,46.0,-1.60,340.67,14.520,180.00
42,47.0,-1.60,325.67,15.000,180.00
42,48.0,-1.60,315.16,10.500,180.00
42,49.0,-1.60,307.76,7.410,180.00
42,50.0,-3.82,302.51,6.020,206.98
42,51.0,-9.85,301.60,6.210,266.18
42,52.0,-17.96,301.60,8.120,270.00
42,53.0,-28.17,301.60,10.210,270.00
42,54.0,-39.96,301.60,11.790,270.00
42,55.0,-53.34,301.60,13.380,270.00
42,56.0,-67.99,301.60,14.650,270.00
42,57.0,-82.30,301.60,14.310,270.00
42,58.0,-96.95,301.60,14.650,270.00
42,59.0,-111.68,301.60,14.730,270.00
42,60.0,-126.22,301.60,14.530,270.00
42,61.0,-140.71,301.60,14.490,270.00
42,62.0,-155.25,301.60,14.550,270.00
42,63.0,-169.23,301.60,13.970,270.00
42,64.0,-183.12,301.60,13.900,270.00
42,65.0,-197.56,301.60,14.440,270.00
42,66.0,-211.45,301.60,13.890,270.00
42,67.0,-225.92,301.60,14.470,270.00
42,68.0,-240.61,301.60,14.690,270.00
42,69.0,-254.86,301.60,14.250,270.00
42,70.0,-269.91,301.60,15.050,270.00
42,71.0,-281.17,301.60,11.260,270.00
42,72.0,-289.10,301.60,7.940,270.00
42,73.0,-292.70,301.60,3.590,270.00
42,74.0,-292.70,301.60,0.000,270.00
42,75.0,-294.30,301.60,1.600,270.00
42,76.0,-298.07,301.60,3.770,270.00
42,77.0,-303.43,301.60,5.360,270.00
42,78.0,-310.63,301.60,7.200,270.00
42,79.0,-319.62,301.60,8.990,270.00
42,80.0,-331.02,301.60,11.400,270.00
42,81.0,-344.16,301.60,13.140,270.00
42,82.0,-358.45,301.60,14.300,270.00
42,83.0,-372.85,301.60,14.400,270.00
42,84.0,-388.01,301.60,15.150,270.00
42,85.0,-402.22,301.60,14.220,270.00
42,86.0,-416.13,301.60,13.910,270.00
42,87.0,-430.28,301.60,14.150,270.00
42,88.0,-444.62,301.60,14.330,270.00
42,89.0,-459.60,301.60,14.980,270.00
42,90.0,-474.26,301.60,14.670,270.00
42,91.0,-489.42,301.60,15.160,270.00
42,92.0,-504.01,301.60,14.590,270.00
42,93.0,-518.46,301.60,14.450,270.00
42,94.0,-533.07,301.60,14.610,270.00
42,95.0,-547.77,301.60,14.700,270.00
42,96.0,-562.38,301.60,14.610,270.00
42,97.0,-575.93,301.60,13.540,270.00
42,98.0,-584.97,301.60,9.040,270.00
42,99.0,-590.33,301.60,5.360,270.00
42,100.0,-596.07,302.44,5.900,279.90
42,101.0,-598.40,308.24,6.630,346.82
42,102.0,-598.40,317.46,9.230,0.00
42,103.0,-598.40,328.53,11.070,0.00
42,104.0,-598.40,341.55,13.020,0.00
42,105.0,-598.40,356.62,15.060,0.00
42,106.0,-598.40,371.67,15.060,0.00
42,107.0,-598.40,386.22,14.550,0.00
42,108.0,-598.40,400.35,14.130,0.00
42,109.0,-598.40,414.89,14.540,0.00
42,110.0,-598.40,428.81,13.920,0.00
42,111.0,-598.40,442.94,14.130,0.00
42,112.0,-598.40,457.18,14.250,0.00
42,113.0,-598.40,471.43,14.240,0.00
42,114.0,-598.40,485.43,14.000,0.00
42,115.0,-598.40,500.41,14.980,0.00
42,116.0,-598.40,515.25,14.840,0.00
42,117.0,-598.40,529.86,14.620,0.00
42,118.0,-598.40,544.11,14.240,0.00
42,119.0,-598.40,558.12,14.010,0.00
42,120.0,-598.40,572.39,14.270,0.00
42,121.0,-598.40,586.50,14.110,0.00
43,0.0,898.40,891.70,0.000,180.00
43,1.0,898.40,890.19,1.510,180.00
43,2.0,898.40,887.23,2.960,180.00
43,3.0,898.40,881.71,5.520,180.00
43,4.0,898.40,874.14,7.570,180.00
43,5.0,898.40,864.15,9.990,180.00
43,6.0,898.40,851.68,12.480,180.00
43,7.0,898.40,837.43,14.240,180.00
43,8.0,898.40,823.56,13.870,180.00
43,9.0,898.40,809.18,14.380,180.00
43,10.0,898.40,795.10,14.090,180.00
43,11.0,898.40,781.85,13.250,180.00
43,12.0,898.40,767.70,14.150,180.00
43,13.0,898.40,754.27,13.420,180.00
43,14.0,898.40,741.15,13.120,180.00
43,15.0,898.40,726.95,14.210,180.00
43,16.0,898.40,713.67,13.280,180.00
43,17.0,898.40,699.67,14.000,180.00
43,18.0,898.40,685.75,13.920,180.00
43,19.0,898.40,672.37,13.380,180.00
43,20.0,898.40,657.99,14.380,180.00
43,21.0,898.40,644.79,13.200,180.00
43,22.0,898.40,631.66,13.130,180.00
43,23.0,898.40,618.20,13.460,180.00
43,24.0,898.40,605.06,13.150,180.00
43,25.0,898.40,591.88,13.180,180.00
43,26.0,898.40,578.42,13.460,180.00
43,27.0,898.40,565.15,13.270,180.00
43,28.0,898.40,552.01,13.140,180.00
43,29.0,898.40,537.68,14.330,180.00
43,30.0,898.40,523.80,13.880,180.00
43,31.0,898.40,510.22,13.580,180.00
43,32.0,898.40,497.08,13.130,180.00
43,33.0,898.40,482.86,14.220,180.00
43,34.0,898.40,469.43,13.430,180.00
43,35.0,898.40,456.18,13.250,180.00
43,36.0,898.40,443.04,13.140,180.00
43,37.0,898.40,429.59,13.450,180.00
43,38.0,898.40,416.11,13.480,180.00
43,39.0,898.40,402.38,13.730,180.00
43,40.0,898.40,387.98,14.400,180.00
43,41.0,898.40,374.08,13.900,180.00
43,42.0,898.40,360.82,13.260,180.00
43,43.0,898.40,347.58,13.250,180.00
43,44.0,898.40,333.79,13.780,180.00
43,45.0,898.40,319.91,13.880,180.00
43,46.0,898.40,306.54,13.370,180.00
43,47.0,898.40,292.61,13.930,180.00
43,48.0,898.40,278.70,13.910,180.00
43,49.0,898.40,265.29,13.410,180.00
43,50.0,898.40,251.48,13.810,180.00
43,51.0,898.40,237.80,13.680,180.00
43,52.0,898.40,223.75,14.050,180.00
43,53.0,898.40,210.08,13.670,180.00
43,54.0,898.40,195.74,14.340,180.00
43,55.0,898.40,181.67,14.070,180.00
43,56.0,898.40,168.22,13.440,180.00
43,57.0,898.40,154.12,14.100,180.00
43,58.0,898.40,140.27,13.860,180.00
43,59.0,898.40,126.90,13.370,180.00
43,60.0,898.40,113.27,13.630,180.00
43,61.0,898.40,98.90,14.380,180.00
43,62.0,898.40,85.41,13.490,180.00
43,63.0,898.40,71.22,14.190,180.00
43,64.0,898.40,56.90,14.310,180.00
43,65.0,898.40,42.76,14.140,180.00
43,66.0,898.40,28.80,13.960,180.00
43,67.0,898.40,17.03,11.770,180.00
43,68.0,898.40,7.71,9.320,180.00
43,69.0,895.95,2.37,6.250,209.84
43,70.0,889.78,1.60,6.300,266.78
43,71.0,881.32,1.60,8.470,270.00
43,72.0,870.26,1.60,11.050,270.00
43,73.0,857.51,1.60,12.760,270.00
43,74.0,843.58,1.60,13.930,270.00
43,75.0,830.42,1.60,13.150,270.00
43,76.0,817.05,1.60,13.370,270.00
43,77.0,803.82,1.60,13.230,270.00
43,78.0,790.68,1.60,13.140,270.00
43,79.0,776.95,1.60,13.730,270.00
43,80.0,763.60,1.60,13.350,270.00
43,81.0,750.10,1.60,13.500,270.00
43,82.0,736.98,1.60,13.120,270.00
43,83.0,723.12,1.60,13.850,270.00
43,84.0,708.93,1.60,14.190,270.00
43,85.0,695.73,1.60,13.200,270.00
43,86.0,681.53,1.60,14.200,270.00
43,87.0,667.27,1.60,14.250,270.00
43,88.0,653.09,1.60,14.180,270.00
43,89.0,639.71,1.60,13.380,270.00
43,90.0,626.50,1.60,13.210,270.00
43,91.0,615.72,1.60,10.780,270.00
43,92.0,609.43,1.60,6.280,270.00
43,93.0,601.20,1.60,8.230,270.00
43,94.0,590.41,1.60,10.800,270.00
43,95.0,577.81,1.60,12.600,270.00
43,96.0,564.62,1.60,13.190,270.00
43,97.0,550.97,1.60,13.640,270.00
43,98.0,537.83,1.60,13.140,270.00
43,99.0,523.74,1.60,14.100,270.00
43,100.0,510.58,1.60,13.160,270.00
43,101.0,496.97,1.60,13.620,270.00
43,102.0,482.74,1.60,14.220,270.00
43,103.0,468.55,1.60,14.190,270.00
43,104.0,455.01,1.60,13.550,270.00
43,105.0,440.70,1.60,14.300,270.00
43,106.0,427.03,1.60,13.680,270.00
43,107.0,413.86,1.60,13.170,270.00
43,108.0,399.48,1.60,14.390,270.00
43,109.0,385.46,1.60,14.020,270.00
43,110.0,371.14,1.60,14.320,270.00
43,111.0,356.98,1.60,14.160,270.00
43,112.0,342.68,1.60,14.300,270.00
43,113.0,328.45,1.60,14.230,270.00
43,114.0,317.17,1.60,11.280,270.00
43,115.0,310.38,1.60,6.780,270.00
43,116.0,301.20,1.60,9.180,270.00
43,117.0,290.15,1.60,11.060,270.00
43,118.0,277.22,1.60,12.920,270.00
43,119.0,263.56,1.60,13.670,270.00
43,120.0,249.95,1.60,13.610,270.00
43,121.0,236.10,1.60,13.850,270.00
43,122.0,221.75,1.60,14.360,270.00
43,123.0,207.47,1.60,14.280,270.00
43,124.0,193.96,1.60,13.510,270.00
43,125.0,180.19,1.60,13.770,270.00
43,126.0,166.73,1.60,13.460,270.00
43,127.0,153.29,1.60,13.440,270.00
43,128.0,139.97,1.60,13.320,270.00
43,129.0,125.62,1.60,14.350,270.00
43,130.0,111.25,1.60,14.370,270.00
43,131.0,97.97,1.60,13.280,270.00
43,132.0,84.21,1.60,13.760,270.00
43,133.0,69.82,1.60,14.390,270.00
43,134.0,55.42,1.60,14.390,270.00
43,135.0,41.85,1.60,13.580,270.00
43,136.0,27.92,1.60,13.930,270.00
43,137.0,16.64,1.60,11.280,270.00
43,138.0,9.86,1.60,6.780,270.00
43,139.0,7.03,1.48,2.870,268.67
43,140.0,6.47,-1.11,3.590,215.45
43,141.0,9.92,-1.60,3.590,109.87
43,142.0,15.50,-1.60,5.580,90.00
43,143.0,22.91,-1.60,7.410,90.00
43,144.0,32.20,-1.60,9.290,90.00
43,145.0,44.03,-1.60,11.830,90.00
43,146.0,57.19,-1.60,13.160,90.00
43,147.0,70.77,-1.60,13.580,90.00
43,148.0,83.94,-1.60,13.170,90.00
43,149.0,97.45,-1.60,13.510,90.00
43,150.0,110.81,-1.60,13.360,90.00
43,151.0,124.10,-1.60,13.290,90.00
43,152.0,137.77,-1.60,13.670,90.00
43,153.0,151.04,-1.60,13.260,90.00
43,154.0,164.45,-1.60,13.410,90.00
43,155.0,178.07,-1.60,13.620,90.00
43,156.0,191.49,-1.60,13.420,90.00
43,157.0,205.31,-1.60,13.820,90.00
43,158.0,219.14,-1.60,13.830,90.00
43,159.0,232.79,-1.60,13.650,90.00
43,160.0,247.20,-1.60,14.410,90.00
43,161.0,261.32,-1.60,14.120,90.00
43,162.0,274.49,-1.60,13.170,90.00
43,163.0,288.90,-1.60,14.410,90.00
44,0.0,-898.40,612.30,0.000,0.00
44,1.0,-898.40,614.64,2.340,0.00
44,2.0,-898.40,618.47,3.830,0.00
44,3.0,-898.40,623.97,5.500,0.00
44,4.0,-898.40,631.72,7.760,0.00
44,5.0,-898.40,641.75,10.020,0.00
44,6.0,-898.40,653.87,12.130,0.00
44,7.0,-898.40,667.18,13.310,0.00
44,8.0,-898.40,680.47,13.280,0.00
44,9.0,-898.40,694.52,14.060,0.00
44,10.0,-898.40,708.42,13.900,0.00
44,11.0,-898.40,721.97,13.550,0.00
44,12.0,-898.40,735.79,13.810,0.00
44,13.0,-898.40,750.14,14.360,0.00
44,14.0,-898.40,764.37,14.220,0.00
44,15.0,-898.40,778.33,13.960,0.00
44,16.0,-898.40,792.61,14.280,0.00
44,17.0,-898.40,806.45,13.850,0.00
44,18.0,-898.40,820.37,13.910,0.00
44,19.0,-898.40,834.26,13.890,0.00
44,20.0,-898.40,847.69,13.430,0.00
44,21.0,-898.40,861.99,14.300,0.00
44,22.0,-898.40,875.57,13.580,0.00
44,23.0,-898.40,887.20,11.640,0.00
44,24.0,-898.40,895.57,8.360,0.00
44,25.0,-896.75,898.40,3.860,22.54
44,26.0,-890.35,898.40,6.410,90.00
44,27.0,-882.62,898.40,7.720,90.00
44,28.0,-873.03,898.40,9.590,90.00
44,29.0,-861.41,898.40,11.620,90.00
44,30.0,-847.27,898.40,14.140,90.00
44,31.0,-833.96,898.40,13.310,90.00
44,32.0,-820.76,898.40,13.200,90.00
44,33.0,-807.55,898.40,13.210,90.00
44,34.0,-793.39,898.40,14.170,90.00
44,35.0,-779.51,898.40,13.880,90.00
44,36.0,-765.92,898.40,13.590,90.00
44,37.0,-751.89,898.40,14.030,90.00
44,38.0,-738.53,898.40,13.360,90.00
44,39.0,-724.18,898.40,14.350,90.00
44,40.0,-710.63,898.40,13.550,90.00
44,41.0,-696.34,898.40,14.280,90.00
44,42.0,-682.17,898.40,14.170,90.00
44,43.0,-668.11,898.40,14.070,90.00
44,44.0,-654.60,898.40,13.510,90.00
44,45.0,-640.32,898.40,14.280,90.00
44,46.0,-626.86,898.40,13.460,90.00
44,47.0,-615.69,898.40,11.160,90.00
44,48.0,-608.48,898.40,7.210,90.00
44,49.0,-602.75,896.58,6.290,112.27
44,50.0,-601.60,890.78,6.040,172.91
44,51.0,-601.60,883.06,7.720,180.00
44,52.0,-601.60,873.04,10.020,180.00
44,53.0,-601.60,860.85,12.190,180.00
44,54.0,-601.60,846.93,13.920,180.00
44,55.0,-601.60,832.89,14.040,180.00
44,56.0,-601.60,818.92,13.980,180.00
44,57.0,-601.60,804.47,14.450,180.00
44,58.0,-601.60,790.55,13.920,180.00
44,59.0,-601.60,776.78,13.760,180.00
44,60.0,-601.60,762.67,14.110,180.00
44,61.0,-601.60,748.42,14.250,180.00
44,62.0,-601.60,734.42,13.990,180.00
44,63.0,-601.60,720.30,14.120,180.00
44,64.0,-601.60,706.10,14.200,180.00
44,65.0,-601.60,691.95,14.150,180.00
44,66.0,-601.60,678.00,13.950,180.00
44,67.0,-601.60,664.56,13.440,180.00
44,68.0,-601.60,650.94,13.620,180.00
44,69.0,-601.60,637.33,13.610,180.00
44,70.0,-601.60,623.74,13.590,180.00
44,71.0,-601.60,609.55,14.190,180.00
44,72.0,-601.60,595.96,13.590,180.00
44,73.0,-601.60,581.94,14.020,180.00
44,74.0,-601.60,567.56,14.380,180.00
44,75.0,-601.60,553.29,14.270,180.00
44,76.0,-601.60,539.61,13.680,180.00
44,77.0,-601.60,526.13,13.480,180.00
44,78.0,-601.60,512.27,13.850,180.00
44,79.0,-601.60,498.66,13.610,180.00
44,80.0,-601.60,484.80,13.860,180.00
44,81.0,-601.60,471.06,13.740,180.00
44,82.0,-601.60,456.58,14.480,180.00
44,83.0,-601.60,443.37,13.210,180.00
44,84.0,-601.60,430.14,13.230,180.00
44,85.0,-601.60,415.71,14.430,180.00
44,86.0,-601.60,402.14,13.570,180.00
44,87.0,-601.60,387.77,14.370,180.00
44,88.0,-601.60,373.50,14.270,180.00
44,89.0,-601.60,359.94,13.560,180.00
44,90.0,-601.60,346.04,13.900,180.00
44,91.0,-601.60,332.33,13.710,180.00
44,92.0,-601.60,317.96,14.370,180.00
44,93.0,-601.60,303.95,14.020,180.00
44,94.0,-601.60,290.49,13.460,180.00
44,95.0,-601.60,276.12,14.360,180.00
44,96.0,-601.60,262.21,13.920,180.00
44,97.0,-601.60,248.40,13.810,180.00
44,98.0,-601.60,234.57,13.820,180.00
44,99.0,-601.60,220.98,13.600,180.00
44,100.0,-601.60,207.24,13.730,180.00
44,101.0,-601.60,192.84,14.410,180.00
44,102.0,-601.60,178.37,14.470,180.00
44,103.0,-601.60,164.42,13.950,180.00
44,104.0,-601.60,150.75,13.660,180.00
44,105.0,-601.60,137.45,13.310,180.00
44,106.0,-601.60,123.73,13.710,180.00
44,107.0,-601.60,109.83,13.900,180.00
44,108.0,-601.60,96.16,13.670,180.00
44,109.0,-601.60,82.09,14.070,180.00
44,110.0,-601.60,68.13,13.960,180.00
44,111.0,-601.60,54.40,13.730,180.00
44,112.0,-601.60,40.08,14.320,180.00
44,113.0,-601.60,26.15,13.920,180.00
44,114.0,-601.60,12.14,14.020,180.00
44,115.0,-601.60,-2.29,14.430,180.00
44,116.0,-601.60,-16.27,13.980,180.00
44,117.0,-601.60,-30.32,14.040,180.00
44,118.0,-601.60,-44.77,14.450,180.00
44,119.0,-601.60,-58.12,13.360,180.00
44,120.0,-601.60,-72.27,14.150,180.00
44,121.0,-601.60,-86.06,13.790,180.00
44,122.0,-601.60,-100.13,14.070,180.00
44,123.0,-601.60,-114.17,14.050,180.00
44,124.0,-601.60,-128.66,14.480,180.00
44,125.0,-601.60,-142.40,13.740,180.00
44,126.0,-601.60,-156.23,13.830,180.00
44,127.0,-601.60,-170.36,14.130,180.00
44,128.0,-601.60,-184.71,14.350,180.00
44,129.0,-601.60,-198.22,13.510,180.00
44,130.0,-601.60,-211.56,13.340,180.00
44,131.0,-601.60,-225.05,13.500,180.00
44,132.0,-601.60,-238.54,13.480,180.00
44,133.0,-601.60,-252.91,14.380,180.00
44,134.0,-601.60,-266.75,13.830,180.00
44,135.0,-601.60,-279.94,13.200,180.00
44,136.0,-601.60,-290.09,10.140,180.00
44,137.0,-602.76,-296.60,6.770,193.75
44,138.0,-608.45,-298.40,6.230,258.15
44,139.0,-617.03,-298.40,8.580,270.00
44,140.0,-627.84,-298.40,10.810,270.00
44,141.0,-640.09,-298.40,12.250,270.00
44,142.0,-653.92,-298.40,13.820,270.00
44,143.0,-667.98,-298.40,14.060,270.00
44,144.0,-682.14,-298.40,14.160,270.00
44,145.0,-696.45,-298.40,14.320,270.00
44,146.0,-710.84,-298.40,14.390,270.00
44,147.0,-724.13,-298.40,13.280,270.00
44,148.0,-737.92,-298.40,13.790,270.00
44,149.0,-751.17,-298.40,13.250,270.00
44,150.0,-764.75,-298.40,13.580,270.00
44,151.0,-778.41,-298.40,13.670,270.00
44,152.0,-792.66,-298.40,14.250,270.00
44,153.0,-806.98,-298.40,14.310,270.00
44,154.0,-820.73,-298.40,13.750,270.00
44,155.0,-833.98,-298.40,13.250,270.00
44,156.0,-848.40,-298.40,14.430,270.00
44,157.0,-862.53,-298.40,14.120,270.00
44,158.0,-875.56,-298.40,13.030,270.00
44,159.0,-885.61,-298.40,10.050,270.00
44,160.0,-891.16,-298.40,5.550,270.00
44,161.0,-893.82,-299.08,2.870,261.93
44,162.0,-893.40,-301.20,2.730,210.50
44,163.0,-890.22,-301.60,3.300,112.01
44,164.0,-884.70,-301.60,5.520,90.00
44,165.0,-877.41,-301.60,7.290,90.00
44,166.0,-867.99,-301.60,9.420,90.00
44,167.0,-856.15,-301.60,11.840,90.00
44,168.0,-843.01,-301.60,13.150,90.00
44,169.0,-829.42,-301.60,13.590,90.00
44,170.0,-815.41,-301.60,14.010,90.00
44,171.0,-801.57,-301.60,13.840,90.00
44,172.0,-787.66,-301.60,13.920,90.00
44,173.0,-773.44,-301.60,14.210,90.00
44,174.0,-759.33,-301.60,14.110,90.00
44,175.0,-745.85,-301.60,13.480,90.00
44,176.0,-731.78,-301.60,14.070,90.00
44,177.0,-717.80,-301.60,13.980,90.00
44,178.0,-703.71,-301.60,14.100,90.00
44,179.0,-690.19,-301.60,13.510,90.00
44,180.0,-676.88,-301.60,13.320,90.00
44,181.0,-663.60,-301.60,13.280,90.00
44,182.0,-649.89,-301.60,13.710,90.00
44,183.0,-636.61,-301.60,13.280,90.00
44,184.0,-622.68,-301.60,13.930,90.00
44,185.0,-608.75,-301.60,13.940,90.00
45,0.0,-891.70,898.40,0.000,90.00
45,1.0,-889.77,898.40,1.930,90.00
45,2.0,-885.94,898.40,3.830,90.00
45,3.0,-880.24,898.40,5.700,90.00
45,4.0,-872.01,898.40,8.230,90.00
45,5.0,-862.21,898.40,9.800,90.00
45,6.0,-850.76,898.40,11.450,90.00
45,7.0,-837.80,898.40,12.960,90.00
45,8.0,-822.84,898.40,14.960,90.00
45,9.0,-808.44,898.40,14.400,90.00
45,10.0,-794.43,898.40,14.010,90.00
45,11.0,-780.25,898.40,14.170,90.00
45,12.0,-765.85,898.40,14.410,90.00
45,13.0,-751.62,898.40,14.230,90.00
45,14.0,-737.71,898.40,13.910,90.00
45,15.0,-723.25,898.40,14.460,90.00
45,16.0,-709.31,898.40,13.940,90.00
45,17.0,-695.46,898.40,13.850,90.00
45,18.0,-680.54,898.40,14.920,90.00
45,19.0,-666.71,898.40,13.830,90.00
45,20.0,-652.80,898.40,13.910,90.00
45,21.0,-638.13,898.40,14.670,90.00
45,22.0,-624.16,898.40,13.970,90.00
45,23.0,-609.65,898.40,14.510,90.00
45,24.0,-594.98,898.40,14.660,90.00
45,25.0,-580.37,898.40,14.620,90.00
45,26.0,-565.30,898.40,15.070,90.00
45,27.0,-551.37,898.40,13.930,90.00
45,28.0,-536.75,898.40,14.620,90.00
45,29.0,-522.82,898.40,13.930,90.00
45,30.0,-508.63,898.40,14.190,90.00
45,31.0,-494.16,898.40,14.470,90.00
45,32.0,-479.23,898.40,14.930,90.00
45,33.0,-464.39,898.40,14.840,90.00
45,34.0,-449.97,898.40,14.420,90.00
45,35.0,-436.01,898.40,13.960,90.00
45,36.0,-422.09,898.40,13.930,90.00
45,37.0,-407.62,898.40,14.460,90.00
45,38.0,-393.69,898.40,13.930,90.00
45,39.0,-379.34,898.40,14.350,90.00
45,40.0,-364.23,898.40,15.110,90.00
45,41.0,-349.13,898.40,15.100,90.00
45,42.0,-335.10,898.40,14.030,90.00
45,43.0,-320.23,898.40,14.870,90.00
45,44.0,-305.61,898.40,14.620,90.00
45,45.0,-291.16,898.40,14.450,90.00
45,46.0,-276.16,898.40,15.010,90.00
45,47.0,-261.45,898.40,14.700,90.00
45,48.0,-247.06,898.40,14.400,90.00
45,49.0,-232.54,898.40,14.520,90.00
45,50.0,-217.91,898.40,14.630,90.00
45,51.0,-203.35,898.40,14.560,90.00
45,52.0,-189.31,898.40,14.050,90.00
45,53.0,-174.73,898.40,14.570,90.00
45,54.0,-160.49,898.40,14.240,90.00
45,55.0,-146.44,898.40,14.060,90.00
45,56.0,-132.23,898.40,14.210,90.00
45,57.0,-117.61,898.40,14.620,90.00
45,58.0,-103.29,898.40,14.320,90.00
45,59.0,-88.69,898.40,14.600,90.00
45,60.0,-74.44,898.40,14.250,90.00
45,61.0,-60.49,898.40,13.950,90.00
45,62.0,-45.74,898.40,14.750,90.00
45,63.0,-31.78,898.40,13.960,90.00
45,64.0,-16.78,898.40,14.990,90.00
45,65.0,-1.84,898.40,14.940,90.00
45,66.0,12.00,898.40,13.840,90.00
45,67.0,25.90,898.40,13.900,90.00
45,68.0,39.86,898.40,13.960,90.00
45,69.0,54.29,898.40,14.420,90.00
45,70.0,68.20,898.40,13.910,90.00
45,71.0,82.63,898.40,14.440,90.00
45,72.0,97.43,898.40,14.800,90.00
45,73.0,112.34,898.40,14.910,90.00
45,74.0,127.25,898.40,14.920,90.00
45,75.0,142.02,898.40,14.770,90.00
45,76.0,156.09,898.40,14.070,90.00
45,77.0,170.59,898.40,14.500,90.00
45,78.0,185.61,898.40,15.020,90.00
45,79.0,199.45,898.40,13.840,90.00
45,80.0,213.70,898.40,14.240,90.00
45,81.0,228.71,898.40,15.020,90.00
45,82.0,243.54,898.40,14.830,90.00
45,83.0,257.66,898.40,14.120,90.00
45,84.0,272.01,898.40,14.350,90.00
45,85.0,284.03,898.40,12.020,90.00
45,86.0,292.71,898.40,8.670,90.00
45,87.0,297.77,895.72,6.100,122.59
45,88.0,298.40,889.40,6.420,177.40
45,89.0,298.40,881.00,8.400,180.00
45,90.0,298.40,870.20,10.800,180.00
45,91.0,298.40,857.75,12.440,180.00
45,92.0,298.40,843.77,13.990,180.00
45,93.0,298.40,829.85,13.920,180.00
45,94.0,298.40,815.39,14.460,180.00
45,95.0,298.40,801.36,14.020,180.00
45,96.0,298.40,786.56,14.810,180.00
45,97.0,298.40,771.95,14.610,180.00
45,98.0,298.40,757.37,14.580,180.00
45,99.0,298.40,743.04,14.320,180.00
45,100.0,298.40,728.34,14.710,180.00
45,101.0,298.40,713.50,14.840,180.00
45,102.0,298.40,699.12,14.380,180.00
45,103.0,298.40,684.91,14.210,180.00
45,104.0,298.40,670.87,14.040,180.00
45,105.0,298.40,656.64,14.230,180.00
45,106.0,298.40,642.47,14.170,180.00
45,107.0,298.40,628.29,14.180,180.00
45,108.0,298.40,614.38,13.900,180.00
45,109.0,298.40,600.21,14.170,180.00
45,110.0,298.40,585.57,14.640,180.00
45,111.0,298.40,570.58,14.990,180.00
45,112.0,298.40,556.43,14.150,180.00
45,113.0,298.40,541.40,15.030,180.00
45,114.0,298.40,526.92,14.480,180.00
45,115.0,298.40,512.76,14.160,180.00
45,116.0,298.40,498.49,14.270,180.00
45,117.0,298.40,484.02,14.480,180.00
45,118.0,298.40,470.13,13.890,180.00
45,119.0,298.40,456.09,14.040,180.00
45,120.0,298.40,441.74,14.350,180.00
45,121.0,298.40,427.27,14.470,180.00
45,122.0,298.40,413.36,13.910,180.00
45,123.0,298.40,398.98,14.380,180.00
45,124.0,298.40,384.27,14.700,180.00
45,125.0,298.40,369.61,14.660,180.00
45,126.0,298.40,355.25,14.360,180.00
45,127.0,298.40,341.09,14.160,180.00
45,128.0,298.40,326.62,14.460,180.00
45,129.0,298.40,311.55,15.080,180.00
45,130.0,298.40,297.03,14.520,180.00
45,131.0,298.40,282.60,14.430,180.00
45,132.0,298.40,267.89,14.710,180.00
45,133.0,298.40,253.58,14.310,180.00
45,134.0,298.40,239.75,13.830,180.00
45,135.0,298.40,225.90,13.850,180.00
45,136.0,298.40,210.80,15.100,180.00
45,137.0,298.40,195.72,15.080,180.00
45,138.0,298.40,181.69,14.040,180.00
45,139.0,298.40,167.09,14.600,180.00
45,140.0,298.40,152.72,14.370,180.00
45,141.0,298.40,138.44,14.280,180.00
45,142.0,298.40,123.72,14.730,180.00
45,143.0,298.40,109.24,14.470,180.00
45,144.0,298.40,95.31,13.930,180.00
45,145.0,298.40,80.46,14.850,180.00
45,146.0,298.40,66.62,13.840,180.00
45,147.0,298.40,52.43,14.190,180.00
45,148.0,298.40,37.84,14.590,180.00
45,149.0,298.40,22.81,15.030,180.00
45,150.0,298.40,8.69,14.120,180.00
45,151.0,298.40,-5.90,14.590,180.00
45,152.0,298.40,-20.03,14.130,180.00
45,153.0,298.40,-34.99,14.960,180.00
45,154.0,298.40,-49.03,14.040,180.00
45,155.0,298.40,-63.67,14.640,180.00
45,156.0,298.40,-78.19,14.520,180.00
45,157.0,298.40,-92.23,14.040,180.00
45,158.0,298.40,-107.01,14.780,180.00
45,159.0,298.40,-120.90,13.880,180.00
45,160.0,298.40,-134.86,13.960,180.00
45,161.0,298.40,-149.60,14.740,180.00
45,162.0,298.40,-164.50,14.900,180.00
45,163.0,298.40,-178.97,14.470,180.00
45,164.0,298.40,-193.26,14.290,180.00
45,165.0,298.40,-207.56,14.290,180.00
45,166.0,298.40,-222.11,14.550,180.00
45,167.0,298.40,-237.11,15.000,180.00
45,168.0,298.40,-251.95,14.830,180.00
45,169.0,298.40,-266.71,14.760,180.00
45,170.0,298.40,-278.25,11.540,180.00
45,171.0,298.40,-285.30,7.040,180.00
45,172.0,298.40,-288.83,3.540,180.00
45,173.0,298.40,-289.17,0.330,180.00
45,174.0,298.40,-289.22,0.050,180.00
45,175.0,298.40,-289.25,0.030,180.00
45,176.0,298.40,-290.60,1.360,180.00
45,177.0,298.40,-294.24,3.640,180.00
45,178.0,298.40,-300.25,6.010,180.00
45,179.0,298.40,-308.49,8.240,180.00
45,180.0,298.40,-318.10,9.610,180.00
45,181.0,298.40,-329.70,11.600,180.00
45,182.0,298.40,-343.48,13.780,180.00
45,183.0,298.40,-357.55,14.060,180.00
45,184.0,298.40,-371.60,14.060,180.00
45,185.0,298.40,-386.39,14.790,180.00
45,186.0,298.40,-401.18,14.790,180.00
45,187.0,298.40,-415.03,13.850,180.00
45,188.0,298.40,-429.49,14.460,180.00
45,189.0,298.40,-444.56,15.070,180.00
45,190.0,298.40,-459.64,15.080,180.00
45,191.0,298.40,-473.83,14.190,180.00
45,192.0,298.40,-487.79,13.960,180.00
45,193.0,298.40,-502.59,14.790,180.00
45,194.0,298.40,-517.46,14.870,180.00
45,195.0,298.40,-531.69,14.230,180.00
46,0.0,612.30,-301.60,0.000,90.00
46,1.0,614.44,-301.60,2.140,90.00
46,2.0,617.99,-301.60,3.550,90.00
46,3.0,623.08,-301.60,5.090,90.00
46,4.0,629.79,-301.60,6.710,90.00
46,5.0,638.45,-301.60,8.660,90.00
46,6.0,649.23,-301.60,10.780,90.00
46,7.0,661.70,-301.60,12.470,90.00
46,8.0,674.63,-301.60,12.930,90.00
46,9.0,688.20,-301.60,13.580,90.00
46,10.0,701.12,-301.60,12.920,90.00
46,11.0,713.68,-301.60,12.550,90.00
46,12.0,727.39,-301.60,13.710,90.00
46,13.0,739.95,-301.60,12.560,90.00
46,14.0,753.50,-301.60,13.550,90.00
46,15.0,766.51,-301.60,13.010,90.00
46,16.0,779.76,-301.60,13.240,90.00
46,17.0,793.31,-301.60,13.560,90.00
46,18.0,806.96,-301.60,13.650,90.00
46,19.0,820.74,-301.60,13.780,90.00
46,20.0,833.40,-301.60,12.660,90.00
46,21.0,846.19,-301.60,12.790,90.00
46,22.0,858.90,-301.60,12.710,90.00
46,23.0,871.49,-301.60,12.600,90.00
46,24.0,882.93,-301.60,11.440,90.00
46,25.0,889.87,-301.60,6.940,90.00
46,26.0,896.76,-300.99,6.950,82.91
46,27.0,901.15,-295.95,7.000,33.73
46,28.0,901.60,-288.58,7.400,1.26
46,29.0,901.60,-278.91,9.660,0.00
46,30.0,901.60,-267.42,11.500,0.00
46,31.0,901.60,-254.83,12.580,0.00
46,32.0,901.60,-242.20,12.630,0.00
46,33.0,901.60,-229.46,12.750,0.00
46,34.0,901.60,-216.46,12.990,0.00
46,35.0,901.60,-202.68,13.780,0.00
46,36.0,901.60,-189.19,13.490,0.00
46,37.0,901.60,-175.70,13.500,0.00
46,38.0,901.60,-162.37,13.330,0.00
46,39.0,901.60,-149.11,13.260,0.00
46,40.0,901.60,-135.65,13.460,0.00
46,41.0,901.60,-122.17,13.480,0.00
46,42.0,901.60,-108.45,13.720,0.00
46,43.0,901.60,-94.62,13.840,0.00
46,44.0,901.60,-82.00,12.620,0.00
46,45.0,901.60,-68.74,13.260,0.00
46,46.0,901.60,-55.86,12.880,0.00
46,47.0,901.60,-42.78,13.080,0.00
46,48.0,901.60,-29.42,13.360,0.00
46,49.0,901.60,-15.69,13.730,0.00
46,50.0,901.60,-3.05,12.640,0.00
46,51.0,901.60,10.58,13.640,0.00
46,52.0,901.60,23.99,13.400,0.00
46,53.0,901.60,37.62,13.640,0.00
46,54.0,901.60,50.59,12.970,0.00
46,55.0,901.60,63.25,12.660,0.00
46,56.0,901.60,77.01,13.760,0.00
46,57.0,901.60,90.80,13.790,0.00
46,58.0,901.60,104.31,13.510,0.00
46,59.0,901.60,117.70,13.390,0.00
46,60.0,901.60,130.89,13.190,0.00
46,61.0,901.60,144.55,13.660,0.00
46,62.0,901.60,157.35,12.800,0.00
46,63.0,901.60,171.02,13.670,0.00
46,64.0,901.60,184.42,13.400,0.00
46,65.0,901.60,197.51,13.090,0.00
46,66.0,901.60,211.07,13.560,0.00
46,67.0,901.60,223.64,12.570,0.00
46,68.0,901.60,236.62,12.970,0.00
46,69.0,901.60,250.27,13.650,0.00
46,70.0,901.60,263.60,13.330,0.00
46,71.0,901.60,276.50,12.910,0.00
46,72.0,901.60,289.37,12.870,0.00
46,73.0,901.60,302.14,12.770,0.00
46,74.0,901.60,315.34,13.190,0.00
46,75.0,901.60,327.95,12.610,0.00
46,76.0,901.60,341.39,13.450,0.00
46,77.0,901.60,354.61,13.220,0.00
46,78.0,901.60,367.55,12.940,0.00
46,79.0,901.60,380.39,12.840,0.00
46,80.0,901.60,393.25,12.860,0.00
46,81.0,901.60,406.19,12.940,0.00
46,82.0,901.60,419.50,13.310,0.00
46,83.0,901.60,433.19,13.690,0.00
46,84.0,901.60,446.58,13.390,0.00
46,85.0,901.60,459.96,13.380,0.00
46,86.0,901.60,473.47,13.510,0.00
46,87.0,901.60,486.25,12.780,0.00
46,88.0,901.60,498.83,12.580,0.00
46,89.0,901.60,511.61,12.790,0.00
46,90.0,901.60,524.57,12.960,0.00
46,91.0,901.60,537.95,13.380,0.00
46,92.0,901.60,550.77,12.820,0.00
46,93.0,901.60,563.82,13.050,0.00
46,94.0,901.60,577.14,13.320,0.00
46,95.0,901.60,590.78,13.640,0.00
46,96.0,901.60,603.56,12.780,0.00
46,97.0,901.60,617.09,13.530,0.00
46,98.0,901.60,630.31,13.220,0.00
46,99.0,901.60,643.99,13.680,0.00
46,100.0,901.60,657.30,13.310,0.00
46,101.0,901.60,670.70,13.410,0.00
46,102.0,901.60,683.68,12.970,0.00
46,103.0,901.60,697.21,13.530,0.00
46,104.0,901.60,710.54,13.330,0.00
46,105.0,901.60,724.16,13.620,0.00
46,106.0,901.60,737.78,13.620,0.00
46,107.0,901.60,751.02,13.240,0.00
46,108.0,901.60,764.62,13.600,0.00
46,109.0,901.60,777.43,12.800,0.00
46,110.0,901.60,790.20,12.770,0.00
46,111.0,901.60,803.40,13.200,0.00
46,112.0,901.60,816.44,13.050,0.00
46,113.0,901.60,829.67,13.230,0.00
46,114.0,901.60,842.64,12.970,0.00
46,115.0,901.60,855.94,13.300,0.00
46,116.0,901.60,869.07,13.120,0.00
46,117.0,901.60,882.26,13.200,0.00
46,118.0,901.60,892.80,10.540,0.00
46,119.0,901.31,898.82,6.040,356.68
46,120.0,897.15,901.55,5.340,301.14
46,121.0,891.50,901.60,5.650,270.00
46,122.0,883.59,901.60,7.920,270.00
46,123.0,873.88,901.60,9.700,270.00
46,124.0,861.86,901.60,12.030,270.00
46,125.0,848.65,901.60,13.210,270.00
46,126.0,835.69,901.60,12.960,270.00
46,127.0,822.21,901.60,13.480,270.00
46,128.0,808.90,901.60,13.310,270.00
46,129.0,796.21,901.60,12.680,270.00
46,130.0,782.51,901.60,13.700,270.00
46,131.0,769.50,901.60,13.020,270.00
46,132.0,756.80,901.60,12.700,270.00
46,133.0,743.19,901.60,13.610,270.00
46,134.0,730.28,901.60,12.910,270.00
46,135.0,717.41,901.60,12.870,270.00
46,136.0,704.07,901.60,13.340,270.00
46,137.0,690.68,901.60,13.390,270.00
46,138.0,677.80,901.60,12.880,270.00
46,139.0,664.59,901.60,13.210,270.00
46,140.0,650.77,901.60,13.810,270.00
46,141.0,637.37,901.60,13.410,270.00
46,142.0,624.05,901.60,13.320,270.00
46,143.0,611.49,901.60,12.560,270.00
46,144.0,598.09,901.60,13.400,270.00
46,145.0,585.52,901.60,12.570,270.00
46,146.0,572.87,901.60,12.650,270.00
46,147.0,559.89,901.60,12.980,270.00
46,148.0,547.08,901.60,12.810,270.00
46,149.0,534.40,901.60,12.680,270.00
46,150.0,520.68,901.60,13.720,270.00
46,151.0,507.37,901.60,13.300,270.00
46,152.0,493.71,901.60,13.660,270.00
46,153.0,480.04,901.60,13.670,270.00
46,154.0,467.42,901.60,12.620,270.00
46,155.0,453.74,901.60,13.680,270.00
46,156.0,440.10,901.60,13.640,270.00
46,157.0,426.52,901.60,13.580,270.00
46,158.0,413.50,901.60,13.020,270.00
46,159.0,400.82,901.60,12.680,270.00
46,160.0,387.61,901.60,13.220,270.00
46,161.0,374.49,901.60,13.110,270.00
46,162.0,360.80,901.60,13.690,270.00
46,163.0,347.75,901.60,13.050,270.00
46,164.0,334.03,901.60,13.720,270.00
46,165.0,320.76,901.60,13.260,270.00
46,166.0,307.03,901.60,13.730,270.00
46,167.0,294.33,901.60,12.690,270.00
46,168.0,280.54,901.60,13.800,270.00
46,169.0,266.76,901.60,13.780,270.00
46,170.0,254.02,901.60,12.740,270.00
46,171.0,240.67,901.60,13.350,270.00
46,172.0,227.16,901.60,13.520,270.00
46,173.0,213.46,901.60,13.700,270.00
46,174.0,199.92,901.60,13.540,270.00
46,175.0,187.34,901.60,12.580,270.00
46,176.0,173.83,901.60,13.510,270.00
46,177.0,160.96,901.60,12.870,270.00
46,178.0,147.49,901.60,13.470,270.00
46,179.0,134.49,901.60,13.010,270.00
46,180.0,121.81,901.60,12.680,270.00
46,181.0,108.16,901.60,13.650,270.00
46,182.0,94.98,901.60,13.170,270.00
46,183.0,82.24,901.60,12.750,270.00
46,184.0,68.46,901.60,13.780,270.00
46,185.0,54.79,901.60,13.670,270.00
46,186.0,41.95,901.60,12.840,270.00
46,187.0,28.97,901.60,12.980,270.00
46,188.0,16.35,901.60,12.620,270.00
46,189.0,3.47,901.60,12.880,270.00
46,190.0,-10.17,901.60,13.640,270.00
46,191.0,-23.79,901.60,13.630,270.00
46,192.0,-36.36,901.60,12.560,270.00
46,193.0,-49.94,901.60,13.590,270.00
47,0.0,-887.70,-1.60,0.000,90.00
47,1.0,-886.10,-1.60,1.600,90.00
47,2.0,-882.45,-1.60,3.650,90.00
47,3.0,-876.53,-1.60,5.920,90.00
47,4.0,-868.45,-1.60,8.080,90.00
47,5.0,-858.45,-1.60,10.000,90.00
47,6.0,-846.03,-1.60,12.410,90.00
47,7.0,-834.78,-1.60,11.250,90.00
47,8.0,-822.44,-1.60,12.350,90.00
47,9.0,-810.34,-1.60,12.100,90.00
47,10.0,-797.91,-1.60,12.430,90.00
47,11.0,-786.04,-1.60,11.870,90.00
47,12.0,-774.61,-1.60,11.430,90.00
47,13.0,-762.75,-1.60,11.870,90.00
47,14.0,-751.45,-1.60,11.300,90.00
47,15.0,-739.30,-1.60,12.150,90.00
47,16.0,-727.13,-1.60,12.170,90.00
47,17.0,-714.64,-1.60,12.490,90.00
47,18.0,-702.26,-1.60,12.380,90.00
47,19.0,-690.72,-1.60,11.540,90.00
47,20.0,-678.66,-1.60,12.060,90.00
47,21.0,-666.46,-1.60,12.210,90.00
47,22.0,-654.95,-1.60,11.510,90.00
47,23.0,-643.11,-1.60,11.840,90.00
47,24.0,-631.39,-1.60,11.720,90.00
47,25.0,-619.45,-1.60,11.940,90.00
47,26.0,-611.22,-1.60,8.230,90.00
47,27.0,-605.15,-1.31,6.090,86.64
47,28.0,-599.67,2.14,6.830,49.00
47,29.0,-598.40,8.02,6.110,8.11
47,30.0,-598.40,15.70,7.680,0.00
47,31.0,-598.40,25.44,9.740,0.00
47,32.0,-598.40,36.86,11.420,0.00
47,33.0,-598.40,48.31,11.450,0.00
47,34.0,-598.40,60.79,12.480,0.00
47,35.0,-598.40,73.29,12.500,0.00
47,36.0,-598.40,85.62,12.340,0.00
47,37.0,-598.40,97.41,11.780,0.00
47,38.0,-598.40,109.84,12.430,0.00
47,39.0,-598.40,121.56,11.730,0.00
47,40.0,-598.40,133.70,12.140,0.00
47,41.0,-598.40,145.59,11.890,0.00
47,42.0,-598.40,157.02,11.440,0.00
47,43.0,-598.40,168.37,11.350,0.00
47,44.0,-598.40,179.74,11.370,0.00
47,45.0,-598.40,191.02,11.280,0.00
47,46.0,-598.40,203.47,12.450,0.00
47,47.0,-598.40,215.64,12.170,0.00
47,48.0,-598.40,226.92,11.280,0.00
47,49.0,-598.40,238.24,11.320,0.00
47,50.0,-598.40,249.73,11.490,0.00
47,51.0,-598.40,262.04,12.300,0.00
47,52.0,-598.40,274.31,12.270,0.00
47,53.0,-598.40,286.22,11.910,0.00
47,54.0,-598.40,298.37,12.150,0.00
47,55.0,-598.40,310.03,11.660,0.00
47,56.0,-598.40,322.43,12.390,0.00
47,57.0,-598.40,333.66,11.230,0.00
47,58.0,-598.40,345.79,12.130,0.00
47,59.0,-598.40,357.64,11.850,0.00
47,60.0,-598.40,369.61,11.970,0.00
47,61.0,-598.40,381.65,12.040,0.00
47,62.0,-598.40,393.97,12.320,0.00
47,63.0,-598.40,405.21,11.240,0.00
47,64.0,-598.40,417.24,12.030,0.00
47,65.0,-598.40,428.52,11.280,0.00
47,66.0,-598.40,440.51,11.990,0.00
47,67.0,-598.40,452.84,12.330,0.00
47,68.0,-598.40,464.91,12.070,0.00
47,69.0,-598.40,476.56,11.650,0.00
47,70.0,-598.40,487.96,11.400,0.00
47,71.0,-598.40,500.27,12.310,0.00
47,72.0,-598.40,512.60,12.330,0.00
47,73.0,-598.40,524.20,11.600,0.00
47,74.0,-598.40,535.55,11.350,0.00
47,75.0,-598.40,547.01,11.460,0.00
47,76.0,-598.40,559.17,12.160,0.00
47,77.0,-598.40,571.62,12.450,0.00
47,78.0,-598.40,583.13,11.510,0.00
47,79.0,-598.40,591.62,8.490,0.00
47,80.0,-597.47,596.22,4.790,10.98
47,81.0,-592.61,598.40,5.610,69.95
47,82.0,-585.43,598.40,7.180,90.00
47,83.0,-575.88,598.40,9.550,90.00
47,84.0,-564.43,598.40,11.450,90.00
47,85.0,-552.45,598.40,11.980,90.00
47,86.0,-540.99,598.40,11.460,90.00
47,87.0,-528.54,598.40,12.450,90.00
47,88.0,-516.66,598.40,11.880,90.00
47,89.0,-505.20,598.40,11.460,90.00
47,90.0,-493.46,598.40,11.740,90.00
47,91.0,-481.17,598.40,12.280,90.00
47,92.0,-469.38,598.40,11.790,90.00
47,93.0,-456.98,598.40,12.400,90.00
47,94.0,-444.76,598.40,12.220,90.00
47,95.0,-432.36,598.40,12.400,90.00
47,96.0,-419.90,598.40,12.460,90.00
47,97.0,-408.21,598.40,11.700,90.00
47,98.0,-395.73,598.40,12.480,90.00
47,99.0,-383.68,598.40,12.050,90.00
47,100.0,-371.65,598.40,12.030,90.00
47,101.0,-360.37,598.40,11.280,90.00
47,102.0,-348.67,598.40,11.700,90.00
47,103.0,-336.71,598.40,11.960,90.00
47,104.0,-324.73,598.40,11.980,90.00
47,105.0,-315.52,598.40,9.210,90.00
47,106.0,-309.79,598.40,5.730,90.00
47,107.0,-306.79,598.67,3.090,86.82
47,108.0,-306.18,600.92,2.950,45.59
47,109.0,-308.01,601.60,2.030,337.56
47,110.0,-311.45,601.60,3.440,274.90
47,111.0,-317.08,601.60,5.640,270.00
47,112.0,-325.26,601.60,8.170,270.00
47,113.0,-334.82,601.60,9.560,270.00
47,114.0,-346.38,601.60,11.560,270.00
47,115.0,-357.72,601.60,11.340,270.00
47,116.0,-369.72,601.60,12.000,270.00
47,117.0,-380.96,601.60,11.250,270.00
47,118.0,-393.19,601.60,12.220,270.00
47,119.0,-404.42,601.60,11.230,270.00
47,120.0,-416.48,601.60,12.070,270.00
47,121.0,-427.84,601.60,11.360,270.00
47,122.0,-439.72,601.60,11.880,270.00
47,123.0,-451.08,601.60,11.360,270.00
47,124.0,-462.64,601.60,11.550,270.00
47,125.0,-475.02,601.60,12.380,270.00
47,126.0,-486.31,601.60,11.290,270.00
47,127.0,-497.79,601.60,11.470,270.00
47,128.0,-509.79,601.60,12.010,270.00
47,129.0,-521.89,601.60,12.090,270.00
47,130.0,-533.42,601.60,11.540,270.00
47,131.0,-545.21,601.60,11.790,270.00
47,132.0,-557.29,601.60,12.080,270.00
47,133.0,-569.21,601.60,11.920,270.00
47,134.0,-580.90,601.60,11.690,270.00
47,135.0,-592.68,601.60,11.780,270.00
48,0.0,898.40,891.70,0.000,180.00
48,1.0,898.40,890.20,1.500,180.00
48,2.0,898.40,886.52,3.670,180.00
48,3.0,898.40,881.08,5.440,180.00
48,4.0,898.40,873.56,7.520,180.00
48,5.0,898.40,864.35,9.210,180.00
48,6.0,898.40,853.75,10.600,180.00
48,7.0,898.40,842.27,11.480,180.00
48,8.0,898.40,830.68,11.590,180.00
48,9.0,898.40,819.41,11.270,180.00
48,10.0,898.40,808.28,11.140,180.00
48,11.0,898.40,796.59,11.690,180.00
48,12.0,898.40,784.89,11.700,180.00
48,13.0,898.40,773.13,11.770,180.00
48,14.0,898.40,762.04,11.090,180.00
48,15.0,898.40,750.82,11.220,180.00
48,16.0,898.40,739.09,11.730,180.00
48,17.0,898.40,728.15,10.940,180.00
48,18.0,898.40,716.85,11.300,180.00
48,19.0,898.40,704.72,12.130,180.00
48,20.0,898.40,692.84,11.880,180.00
48,21.0,898.40,681.45,11.390,180.00
48,22.0,898.40,669.55,11.900,180.00
48,23.0,898.40,658.50,11.050,180.00
48,24.0,898.40,646.60,11.900,180.00
48,25.0,898.40,635.03,11.570,180.00
48,26.0,898.40,623.16,11.870,180.00
48,27.0,898.40,611.03,12.130,180.00
48,28.0,898.40,598.98,12.050,180.00
48,29.0,898.40,587.56,11.420,180.00
48,30.0,898.40,575.43,12.130,180.00
48,31.0,898.40,563.33,12.090,180.00
48,32.0,898.40,551.58,11.750,180.00
48,33.0,898.40,539.56,12.020,180.00
48,34.0,898.40,527.88,11.680,180.00
48,35.0,898.40,516.96,10.910,180.00
48,36.0,898.40,505.01,11.950,180.00
48,37.0,898.40,493.21,11.810,180.00
48,38.0,898.40,481.13,12.070,180.00
48,39.0,898.40,469.91,11.220,180.00
48,40.0,898.40,458.98,10.930,180.00
48,41.0,898.40,447.44,11.540,180.00
48,42.0,898.40,435.74,11.700,180.00
48,43.0,898.40,424.41,11.330,180.00
48,44.0,898.40,413.42,10.990,180.00
48,45.0,898.40,401.34,12.080,180.00
48,46.0,898.40,390.17,11.170,180.00
48,47.0,898.40,379.12,11.040,180.00
48,48.0,898.40,367.20,11.930,180.00
48,49.0,898.40,356.22,10.980,180.00
48,50.0,898.40,344.20,12.010,180.00
48,51.0,898.40,332.71,11.500,180.00
48,52.0,898.40,321.29,11.410,180.00
48,53.0,898.40,311.28,10.010,180.00
48,54.0,898.20,305.78,5.510,182.33
48,55.0,895.49,302.09,4.840,215.39
48,56.0,890.23,301.60,5.330,266.06
48,57.0,883.56,301.60,6.660,270.00
48,58.0,875.23,301.60,8.330,270.00
48,59.0,865.28,301.60,9.950,270.00
48,60.0,853.14,301.60,12.140,270.00
48,61.0,841.76,301.60,11.380,270.00
48,62.0,830.04,301.60,11.710,270.00
48,63.0,818.48,301.60,11.570,270.00
48,64.0,806.35,301.60,12.130,270.00
48,65.0,795.09,301.60,11.260,270.00
48,66.0,782.94,301.60,12.150,270.00
48,67.0,771.65,301.60,11.290,270.00
48,68.0,760.01,301.60,11.640,270.00
48,69.0,748.51,301.60,11.500,270.00
48,70.0,737.45,301.60,11.060,270.00
48,71.0,726.12,301.60,11.330,270.00
48,72.0,714.93,301.60,11.190,270.00
48,73.0,702.91,301.60,12.020,270.00
48,74.0,691.64,301.60,11.270,270.00
48,75.0,680.08,301.60,11.560,270.00
48,76.0,668.68,301.60,11.400,270.00
48,77.0,657.67,301.60,11.000,270.00
48,78.0,646.11,301.60,11.560,270.00
48,79.0,634.31,301.60,11.800,270.00
48,80.0,622.90,301.60,11.400,270.00
48,81.0,613.43,301.60,9.480,270.00
48,82.0,608.45,301.60,4.980,270.00
48,83.0,601.61,301.60,6.850,270.00
48,84.0,592.91,301.60,8.700,270.00
48,85.0,582.83,301.60,10.080,270.00
48,86.0,570.92,301.60,11.910,270.00
48,87.0,559.40,301.60,11.510,270.00
48,88.0,548.12,301.60,11.280,270.00
48,89.0,536.47,301.60,11.660,270.00
48,90.0,524.70,301.60,11.770,270.00
48,91.0,513.10,301.60,11.600,270.00
48,92.0,501.09,301.60,12.000,270.00
48,93.0,489.79,301.60,11.300,270.00
48,94.0,477.79,301.60,12.000,270.00
48,95.0,466.39,301.60,11.400,270.00
48,96.0,454.89,301.60,11.490,270.00
48,97.0,443.22,301.60,11.680,270.00
48,98.0,431.28,301.60,11.940,270.00
48,99.0,419.62,301.60,11.660,270.00
48,100.0,408.14,301.60,11.470,270.00
48,101.0,396.14,301.60,12.000,270.00
48,102.0,384.34,301.60,11.800,270.00
48,103.0,373.04,301.60,11.300,270.00
48,104.0,361.74,301.60,11.300,270.00
48,105.0,350.86,301.60,10.880,270.00
48,106.0,339.89,301.60,10.970,270.00
48,107.0,327.79,301.60,12.100,270.00
48,108.0,317.12,301.60,10.670,270.00
48,109.0,310.08,301.60,7.040,270.00
48,110.0,300.47,301.60,9.610,270.00
48,111.0,288.50,301.60,11.970,270.00
48,112.0,276.49,301.60,12.010,270.00
48,113.0,265.04,301.60,11.450,270.00
48,114.0,253.87,301.60,11.160,270.00
48,115.0,242.43,301.60,11.450,270.00
48,116.0,231.48,301.60,10.940,270.00
48,117.0,219.47,301.60,12.020,270.00
48,118.0,208.51,301.60,10.960,270.00
48,119.0,197.18,301.60,11.330,270.00
48,120.0,185.78,301.60,11.400,270.00
48,121.0,174.72,301.60,11.060,270.00
48,122.0,162.84,301.60,11.880,270.00
48,123.0,150.74,301.60,12.100,270.00
48,124.0,139.34,301.60,11.400,270.00
48,125.0,128.16,301.60,11.180,270.00
48,126.0,116.80,301.60,11.360,270.00
48,127.0,105.31,301.60,11.490,270.00
48,128.0,93.99,301.60,11.320,270.00
48,129.0,82.95,301.60,11.040,270.00
48,130.0,72.01,301.60,10.940,270.00
48,131.0,60.50,301.60,11.510,270.00
48,132.0,48.79,301.60,11.710,270.00
48,133.0,37.61,301.60,11.170,270.00
48,134.0,26.05,301.60,11.560,270.00
48,135.0,18.99,301.60,7.060,270.00
48,136.0,14.39,301.60,4.600,270.00
48,137.0,9.44,301.60,4.950,270.00
48,138.0,4.48,302.11,5.030,275.93
48,139.0,1.68,306.62,5.660,331.81
48,140.0,1.60,312.25,5.640,0.00
48,141.0,1.60,319.99,7.730,0.00
48,142.0,1.60,329.42,9.430,0.00
48,143.0,1.60,341.18,11.760,0.00
48,144.0,1.60,353.31,12.130,0.00
48,145.0,1.60,364.53,11.220,0.00
48,146.0,1.60,376.67,12.140,0.00
48,147.0,1.60,387.63,10.960,0.00
48,148.0,1.60,399.03,11.400,0.00
48,149.0,1.60,410.22,11.190,0.00
48,150.0,1.60,422.14,11.920,0.00
48,151.0,1.60,434.15,12.010,0.00
48,152.0,1.60,445.32,11.170,0.00
48,153.0,1.60,456.73,11.420,0.00
48,154.0,1.60,468.37,11.640,0.00
48,155.0,1.60,479.93,11.560,0.00
48,156.0,1.60,491.70,11.770,0.00
48,157.0,1.60,502.65,10.950,0.00
48,158.0,1.60,514.42,11.770,0.00
48,159.0,1.60,525.95,11.530,0.00
48,160.0,1.60,537.79,11.830,0.00
48,161.0,1.60,548.87,11.080,0.00
48,162.0,1.60,560.00,11.130,0.00
48,163.0,1.60,571.23,11.230,0.00
48,164.0,1.60,583.09,11.860,0.00
5,0.0,-598.40,312.30,0.000,0.00
5,1.0,-598.40,314.50,2.200,0.00
5,2.0,-598.40,318.72,4.220,0.00
5,3.0,-598.40,325.52,6.800,0.00
5,4.0,-598.40,334.50,8.980,0.00
5,5.0,-598.40,345.38,10.880,0.00
5,6.0,-598.40,356.63,11.240,0.00
5,7.0,-598.40,367.09,10.470,0.00
5,8.0,-598.40,377.80,10.700,0.00
5,9.0,-598.40,388.83,11.030,0.00
5,10.0,-598.40,400.36,11.530,0.00
5,11.0,-598.40,410.67,10.310,0.00
5,12.0,-598.40,421.32,10.650,0.00
5,13.0,-598.40,431.83,10.520,0.00
5,14.0,-598.40,442.18,10.340,0.00
5,15.0,-598.40,453.02,10.850,0.00
5,16.0,-598.40,464.27,11.250,0.00
5,17.0,-598.40,474.74,10.470,0.00
5,18.0,-598.40,486.18,11.430,0.00
5,19.0,-598.40,497.07,10.890,0.00
5,20.0,-598.40,507.53,10.460,0.00
5,21.0,-598.40,518.54,11.010,0.00
5,22.0,-598.40,529.83,11.290,0.00
5,23.0,-598.40,540.24,10.410,0.00
5,24.0,-598.40,551.30,11.060,0.00
5,25.0,-598.40,562.38,11.080,0.00
5,26.0,-598.40,573.49,11.120,0.00
5,27.0,-598.40,584.17,10.670,0.00
5,28.0,-598.40,592.16,8.000,0.00
5,29.0,-597.09,596.84,4.970,15.50
5,30.0,-592.81,598.40,4.690,67.72
5,31.0,-588.06,598.40,4.750,89.58
5,32.0,-581.19,598.40,6.870,90.00
5,33.0,-572.98,598.40,8.210,90.00
5,34.0,-563.15,598.40,9.830,90.00
5,35.0,-552.84,598.40,10.310,90.00
5,36.0,-541.79,598.40,11.050,90.00
5,37.0,-530.71,598.40,11.070,90.00
5,38.0,-520.43,598.40,10.280,90.00
5,39.0,-509.74,598.40,10.700,90.00
5,40.0,-498.66,598.40,11.070,90.00
5,41.0,-488.40,598.40,10.260,90.00
5,42.0,-477.91,598.40,10.490,90.00
5,43.0,-467.52,598.40,10.390,90.00
5,44.0,-456.82,598.40,10.700,90.00
5,45.0,-445.89,598.40,10.920,90.00
5,46.0,-434.36,598.40,11.530,90.00
5,47.0,-423.66,598.40,10.700,90.00
5,48.0,-412.54,598.40,11.120,90.00
5,49.0,-401.84,598.40,10.710,90.00
5,50.0,-390.84,598.40,11.000,90.00
5,51.0,-380.33,598.40,10.510,90.00
5,52.0,-368.99,598.40,11.340,90.00
5,53.0,-358.13,598.40,10.860,90.00
5,54.0,-347.49,598.40,10.640,90.00
5,55.0,-337.10,598.40,10.390,90.00
5,56.0,-326.00,598.40,11.100,90.00
5,57.0,-316.22,598.40,9.770,90.00
5,58.0,-310.56,598.40,5.660,90.00
5,59.0,-302.95,598.40,7.610,90.00
5,60.0,-293.36,598.40,9.590,90.00
5,61.0,-282.21,598.40,11.150,90.00
5,62.0,-271.84,598.40,10.370,90.00
5,63.0,-261.36,598.40,10.480,90.00
5,64.0,-250.07,598.40,11.290,90.00
5,65.0,-239.65,598.40,10.410,90.00
5,66.0,-229.27,598.40,10.380,90.00
5,67.0,-218.82,598.40,10.450,90.00
5,68.0,-208.25,598.40,10.580,90.00
5,69.0,-197.31,598.40,10.940,90.00
5,70.0,-186.39,598.40,10.910,90.00
5,71.0,-175.56,598.40,10.830,90.00
5,72.0,-164.56,598.40,11.000,90.00
5,73.0,-153.42,598.40,11.140,90.00
5,74.0,-142.90,598.40,10.510,90.00
5,75.0,-131.90,598.40,11.010,90.00
5,76.0,-120.67,598.40,11.220,90.00
5,77.0,-110.15,598.40,10.520,90.00
5,78.0,-98.83,598.40,11.330,90.00
5,79.0,-87.83,598.40,10.990,90.00
5,80.0,-77.13,598.40,10.700,90.00
5,81.0,-65.75,598.40,11.380,90.00
5,82.0,-55.24,598.40,10.510,90.00
5,83.0,-44.48,598.40,10.760,90.00
5,84.0,-33.56,598.40,10.920,90.00
5,85.0,-22.56,598.40,11.000,90.00
5,86.0,-13.34,598.40,9.220,90.00
5,87.0,-8.62,598.40,4.720,90.00
5,88.0,-4.03,597.62,4.730,99.17
5,89.0,-1.77,594.00,4.500,145.30
5,90.0,-1.60,589.53,4.480,177.19
5,91.0,-1.60,583.72,5.810,180.00
5,92.0,-1.60,576.22,7.500,180.00
5,93.0,-1.60,566.27,9.950,180.00
5,94.0,-1.60,555.45,10.820,180.00
5,95.0,-1.60,544.26,11.190,180.00
5,96.0,-1.60,533.52,10.740,180.00
5,97.0,-1.60,522.50,11.020,180.00
5,98.0,-1.60,512.24,10.250,180.00
5,99.0,-1.60,501.13,11.110,180.00
5,100.0,-1.60,490.20,10.930,180.00
5,101.0,-1.60,478.87,11.320,180.00
5,102.0,-1.60,467.60,11.280,180.00
5,103.0,-1.60,456.42,11.180,180.00
5,104.0,-1.60,445.11,11.310,180.00
5,105.0,-1.60,434.26,10.850,180.00
5,106.0,-1.60,423.51,10.740,180.00
5,107.0,-1.60,413.00,10.510,180.00
5,108.0,-1.60,401.90,11.100,180.00
5,109.0,-1.60,391.21,10.690,180.00
5,110.0,-1.60,380.30,10.900,180.00
5,111.0,-1.60,370.01,10.290,180.00
5,112.0,-1.60,358.86,11.140,180.00
5,113.0,-1.60,347.90,10.960,180.00
5,114.0,-1.60,337.23,10.680,180.00
5,115.0,-1.60,325.99,11.230,180.00
5,116.0,-1.60,315.45,10.550,180.00
5,117.0,-1.60,303.99,11.460,180.00
5,118.0,-1.60,293.00,10.990,180.00
5,119.0,-1.60,281.96,11.040,180.00
5,120.0,-1.60,271.28,10.680,180.00
5,121.0,-1.60,260.70,10.580,180.00
5,122.0,-1.60,249.31,11.390,180.00
5,123.0,-1.60,238.07,11.240,180.00
5,124.0,-1.60,226.97,11.100,180.00
5,125.0,-1.60,216.15,10.820,180.00
5,126.0,-1.60,204.89,11.260,180.00
5,127.0,-1.60,193.40,11.490,180.00
5,128.0,-1.60,182.65,10.750,180.00
5,129.0,-1.60,172.03,10.620,180.00
5,130.0,-1.60,161.47,10.560,180.00
5,131.0,-1.60,150.72,10.750,180.00
5,132.0,-1.60,140.34,10.380,180.00
5,133.0,-1.60,129.46,10.880,180.00
5,134.0,-1.60,118.37,11.100,180.00
5,135.0,-1.60,107.60,10.770,180.00
5,136.0,-1.60,97.08,10.520,180.00
5,137.0,-1.60,85.78,11.300,180.00
5,138.0,-1.60,74.83,10.940,180.00
5,139.0,-1.60,64.32,10.520,180.00
5,140.0,-1.60,53.99,10.330,180.00
5,141.0,-1.60,43.04,10.950,180.00
5,142.0,-1.60,32.06,10.980,180.00
5,143.0,-1.60,21.04,11.020,180.00
5,144.0,-1.60,13.15,7.900,180.00
5,145.0,-1.60,7.55,5.600,180.00
5,146.0,-0.53,5.87,2.090,166.90
5,147.0,1.52,7.08,2.790,100.59
5,148.0,1.60,9.48,2.420,27.67
5,149.0,1.60,14.08,4.600,0.00
5,150.0,1.60,21.07,6.990,0.00
5,151.0,1.60,30.54,9.470,0.00
5,152.0,1.60,41.66,11.130,0.00
5,153.0,1.60,52.96,11.290,0.00
5,154.0,1.60,63.76,10.800,0.00
5,155.0,1.60,74.56,10.800,0.00
5,156.0,1.60,85.24,10.680,0.00
5,157.0,1.60,96.02,10.780,0.00
5,158.0,1.60,106.60,10.580,0.00
5,159.0,1.60,117.89,11.290,0.00
5,160.0,1.60,128.92,11.030,0.00
5,161.0,1.60,139.78,10.860,0.00
5,162.0,1.60,150.57,10.790,0.00
5,163.0,1.60,161.40,10.830,0.00
5,164.0,1.60,171.77,10.370,0.00
5,165.0,1.60,182.12,10.350,0.00
5,166.0,1.60,193.42,11.300,0.00
5,167.0,1.60,204.62,11.200,0.00
5,168.0,1.60,215.77,11.150,0.00
5,169.0,1.60,226.23,10.470,0.00
5,170.0,1.60,236.56,10.320,0.00
5,171.0,1.60,248.08,11.530,0.00
5,172.0,1.60,258.88,10.790,0.00
5,173.0,1.60,270.38,11.500,0.00
5,174.0,1.60,280.73,10.350,0.00
5,175.0,1.60,291.90,11.170,0.00
50,0.0,-891.70,-901.60,0.000,90.00
50,1.0,-889.82,-901.60,1.880,90.00
50,2.0,-885.91,-901.60,3.910,90.00
50,3.0,-879.72,-901.60,6.190,90.00
50,4.0,-871.04,-901.60,8.680,90.00
50,5.0,-860.18,-901.60,10.860,90.00
50,6.0,-848.41,-901.60,11.770,90.00
50,7.0,-837.41,-901.60,11.000,90.00
50,8.0,-826.67,-901.60,10.740,90.00
50,9.0,-815.72,-901.60,10.940,90.00
50,10.0,-804.21,-901.60,11.510,90.00
50,11.0,-792.84,-901.60,11.370,90.00
50,12.0,-781.70,-901.60,11.140,90.00
50,13.0,-769.99,-901.60,11.710,90.00
50,14.0,-758.71,-901.60,11.280,90.00
50,15.0,-747.41,-901.60,11.300,90.00
50,16.0,-735.60,-901.60,11.810,90.00
50,17.0,-724.38,-901.60,11.220,90.00
50,18.0,-713.71,-901.60,10.670,90.00
50,19.0,-703.02,-901.60,10.690,90.00
50,20.0,-691.38,-901.60,11.640,90.00
50,21.0,-679.52,-901.60,11.860,90.00
50,22.0,-668.86,-901.60,10.660,90.00
50,23.0,-657.27,-901.60,11.590,90.00
50,24.0,-646.36,-901.60,10.910,90.00
50,25.0,-635.14,-901.60,11.230,90.00
50,26.0,-624.44,-901.60,10.690,90.00
50,27.0,-613.61,-901.60,10.830,90.00
50,28.0,-602.69,-901.60,10.920,90.00
50,29.0,-591.03,-901.60,11.660,90.00
50,30.0,-579.81,-901.60,11.220,90.00
50,31.0,-568.74,-901.60,11.070,90.00
50,32.0,-557.29,-901.60,11.450,90.00
50,33.0,-546.13,-901.60,11.170,90.00
50,34.0,-535.39,-901.60,10.730,90.00
50,35.0,-524.39,-901.60,11.000,90.00
50,36.0,-513.13,-901.60,11.260,90.00
50,37.0,-502.40,-901.60,10.730,90.00
50,38.0,-491.13,-901.60,11.270,90.00
50,39.0,-479.35,-901.60,11.780,90.00
50,40.0,-467.84,-901.60,11.510,90.00
50,41.0,-456.60,-901.60,11.230,90.00
50,42.0,-444.93,-901.60,11.670,90.00
50,43.0,-434.12,-901.60,10.810,90.00
50,44.0,-422.92,-901.60,11.190,90.00
50,45.0,-411.30,-901.60,11.620,90.00
50,46.0,-400.40,-901.60,10.900,90.00
50,47.0,-389.18,-901.60,11.220,90.00
50,48.0,-378.38,-901.60,10.810,90.00
50,49.0,-366.55,-901.60,11.820,90.00
50,50.0,-355.25,-901.60,11.310,90.00
50,51.0,-344.45,-901.60,10.800,90.00
50,52.0,-333.75,-901.60,10.700,90.00
50,53.0,-322.95,-901.60,10.800,90.00
50,54.0,-312.14,-901.60,10.800,90.00
50,55.0,-301.15,-901.60,10.990,90.00
50,56.0,-290.33,-901.60,10.820,90.00
50,57.0,-278.59,-901.60,11.740,90.00
50,58.0,-267.48,-901.60,11.110,90.00
50,59.0,-255.61,-901.60,11.870,90.00
50,60.0,-244.14,-901.60,11.470,90.00
50,61.0,-233.27,-901.60,10.870,90.00
50,62.0,-222.38,-901.60,10.890,90.00
50,63.0,-211.39,-901.60,10.980,90.00
50,64.0,-199.86,-901.60,11.530,90.00
50,65.0,-189.22,-901.60,10.640,90.00
50,66.0,-178.06,-901.60,11.160,90.00
50,67.0,-166.71,-901.60,11.350,90.00
50,68.0,-155.06,-901.60,11.650,90.00
50,69.0,-143.71,-901.60,11.360,90.00
50,70.0,-132.00,-901.60,11.710,90.00
50,71.0,-120.58,-901.60,11.420,90.00
50,72.0,-109.05,-901.60,11.530,90.00
50,73.0,-98.17,-901.60,10.880,90.00
50,74.0,-87.40,-901.60,10.780,90.00
50,75.0,-76.70,-901.60,10.700,90.00
50,76.0,-66.02,-901.60,10.680,90.00
50,77.0,-54.97,-901.60,11.050,90.00
50,78.0,-43.48,-901.60,11.490,90.00
50,79.0,-32.22,-901.60,11.260,90.00
50,80.0,-21.10,-901.60,11.120,90.00
50,81.0,-9.79,-901.60,11.300,90.00
50,82.0,0.92,-901.60,10.710,90.00
50,83.0,12.72,-901.60,11.800,90.00
50,84.0,23.37,-901.60,10.650,90.00
50,85.0,35.03,-901.60,11.660,90.00
50,86.0,45.94,-901.60,10.910,90.00
50,87.0,56.62,-901.60,10.690,90.00
50,88.0,67.94,-901.60,11.310,90.00
50,89.0,79.77,-901.60,11.840,90.00
50,90.0,90.69,-901.60,10.920,90.00
50,91.0,101.64,-901.60,10.950,90.00
50,92.0,112.55,-901.60,10.910,90.00
50,93.0,123.30,-901.60,10.750,90.00
50,94.0,134.74,-901.60,11.430,90.00
50,95.0,146.00,-901.60,11.270,90.00
50,96.0,157.65,-901.60,11.650,90.00
50,97.0,168.92,-901.60,11.270,90.00
50,98.0,179.87,-901.60,10.940,90.00
50,99.0,190.62,-901.60,10.760,90.00
50,100.0,201.97,-901.60,11.350,90.00
50,101.0,213.61,-901.60,11.640,90.00
50,102.0,224.28,-901.60,10.670,90.00
50,103.0,235.87,-901.60,11.590,90.00
50,104.0,247.64,-901.60,11.770,90.00
50,105.0,259.15,-901.60,11.510,90.00
50,106.0,270.71,-901.60,11.560,90.00
50,107.0,281.33,-901.60,10.620,90.00
50,108.0,289.87,-901.60,8.540,90.00
50,109.0,294.78,-901.32,4.940,86.75
50,110.0,300.12,-898.20,6.490,53.07
50,111.0,301.59,-892.86,5.640,13.43
50,112.0,301.60,-886.92,5.940,0.00
50,113.0,301.60,-879.15,7.770,0.00
50,114.0,301.60,-870.04,9.120,0.00
50,115.0,301.60,-858.66,11.370,0.00
50,116.0,301.60,-848.08,10.580,0.00
50,117.0,301.60,-837.21,10.870,0.00
50,118.0,301.60,-825.97,11.240,0.00
50,119.0,301.60,-814.18,11.790,0.00
50,120.0,301.60,-802.58,11.600,0.00
50,121.0,301.60,-791.43,11.140,0.00
50,122.0,301.60,-780.72,10.710,0.00
50,123.0,301.60,-769.38,11.330,0.00
50,124.0,301.60,-758.17,11.220,0.00
50,125.0,301.60,-746.44,11.730,0.00
50,126.0,301.60,-734.90,11.540,0.00
50,127.0,301.60,-724.08,10.820,0.00
50,128.0,301.60,-712.28,11.800,0.00
50,129.0,301.60,-701.52,10.760,0.00
50,130.0,301.60,-690.72,10.800,0.00
50,131.0,301.60,-679.39,11.340,0.00
50,132.0,301.60,-667.64,11.750,0.00
50,133.0,301.60,-656.99,10.650,0.00
50,134.0,301.60,-645.93,11.060,0.00
50,135.0,301.60,-634.91,11.020,0.00
50,136.0,301.60,-623.75,11.160,0.00
50,137.0,301.60,-613.13,10.620,0.00
50,138.0,301.60,-602.37,10.760,0.00
50,139.0,301.60,-590.87,11.490,0.00
50,140.0,301.60,-579.42,11.450,0.00
50,141.0,301.60,-567.76,11.660,0.00
50,142.0,301.60,-556.57,11.190,0.00
50,143.0,301.60,-545.79,10.780,0.00
50,144.0,301.60,-534.35,11.440,0.00
50,145.0,301.60,-522.67,11.690,0.00
50,146.0,301.60,-511.06,11.610,0.00
50,147.0,301.60,-499.93,11.130,0.00
50,148.0,301.60,-488.64,11.290,0.00
50,149.0,301.60,-477.96,10.680,0.00
50,150.0,301.60,-466.36,11.610,0.00
50,151.0,301.60,-454.80,11.550,0.00
50,152.0,301.60,-444.04,10.770,0.00
50,153.0,301.60,-432.72,11.320,0.00
50,154.0,301.60,-421.07,11.650,0.00
50,155.0,301.60,-410.46,10.610,0.00
50,156.0,301.60,-398.62,11.840,0.00
50,157.0,301.60,-387.50,11.120,0.00
50,158.0,301.60,-375.96,11.540,0.00
50,159.0,301.60,-364.65,11.310,0.00
50,160.0,301.60,-353.38,11.270,0.00
50,161.0,301.60,-341.76,11.620,0.00
50,162.0,301.60,-330.33,11.420,0.00
50,163.0,301.60,-318.64,11.690,0.00
50,164.0,301.60,-307.02,11.620,0.00
50,165.0,301.60,-295.74,11.280,0.00
50,166.0,301.60,-284.40,11.350,0.00
50,167.0,301.60,-272.75,11.640,0.00
50,168.0,301.60,-261.80,10.960,0.00
50,169.0,301.60,-250.26,11.540,0.00
50,170.0,301.60,-238.40,11.850,0.00
50,171.0,301.60,-227.29,11.110,0.00
50,172.0,301.60,-215.47,11.820,0.00
50,173.0,301.60,-204.17,11.300,0.00
50,174.0,301.60,-193.27,10.900,0.00
50,175.0,301.60,-182.12,11.150,0.00
50,176.0,301.60,-170.87,11.250,0.00
50,177.0,301.60,-160.19,10.680,0.00
50,178.0,301.60,-148.59,11.600,0.00
50,179.0,301.60,-137.57,11.020,0.00
50,180.0,301.60,-125.93,11.640,0.00
50,181.0,301.60,-114.59,11.340,0.00
50,182.0,301.60,-103.12,11.470,0.00
50,183.0,301.60,-92.28,10.840,0.00
50,184.0,301.60,-80.48,11.810,0.00
50,185.0,301.60,-69.41,11.060,0.00
50,186.0,301.60,-57.55,11.860,0.00
50,187.0,301.60,-46.22,11.330,0.00
50,188.0,301.60,-35.39,10.830,0.00
50,189.0,301.60,-24.55,10.850,0.00
51,0.0,301.60,312.30,0.000,0.00
51,1.0,301.60,314.55,2.250,0.00
51,2.0,301.60,318.11,3.570,0.00
51,3.0,301.60,323.32,5.200,0.00
51,4.0,301.60,331.04,7.730,0.00
51,5.0,301.60,340.85,9.810,0.00
51,6.0,301.60,352.26,11.410,0.00
51,7.0,301.60,366.26,13.990,0.00
51,8.0,301.60,381.78,15.520,0.00
51,9.0,301.60,397.87,16.090,0.00
51,10.0,301.60,413.36,15.500,0.00
51,11.0,301.60,429.40,16.040,0.00
51,12.0,301.60,444.63,15.230,0.00
51,13.0,301.60,460.19,15.560,0.00
51,14.0,301.60,475.64,15.450,0.00
51,15.0,301.60,490.65,15.010,0.00
51,16.0,301.60,506.46,15.810,0.00
51,17.0,301.60,521.87,15.400,0.00
51,18.0,301.60,537.88,16.010,0.00
51,19.0,301.60,553.54,15.670,0.00
51,20.0,301.60,569.33,15.790,0.00
51,21.0,301.60,582.69,13.350,0.00
51,22.0,301.60,591.54,8.850,0.00
51,23.0,301.16,595.86,4.350,354.96
51,24.0,297.87,600.32,5.790,319.12
51,25.0,289.93,601.60,8.190,273.46
51,26.0,279.49,601.60,10.430,270.00
51,27.0,266.66,601.60,12.830,270.00
51,28.0,251.64,601.60,15.030,270.00
51,29.0,236.63,601.60,15.010,270.00
51,30.0,220.84,601.60,15.780,270.00
51,31.0,205.71,601.60,15.140,270.00
51,32.0,190.13,601.60,15.580,270.00
51,33.0,174.95,601.60,15.180,270.00
51,34.0,159.02,601.60,15.930,270.00
51,35.0,144.07,601.60,14.950,270.00
51,36.0,128.44,601.60,15.630,270.00
51,37.0,112.63,601.60,15.810,270.00
51,38.0,96.86,601.60,15.760,270.00
51,39.0,81.89,601.60,14.970,270.00
51,40.0,66.61,601.60,15.280,270.00
51,41.0,51.47,601.60,15.150,270.00
51,42.0,36.03,601.60,15.430,270.00
51,43.0,22.26,601.60,13.770,270.00
51,44.0,12.99,601.60,9.270,270.00
51,45.0,8.14,601.60,4.850,270.00
51,46.0,1.82,601.60,6.320,270.00
51,47.0,-5.92,601.60,7.740,270.00
51,48.0,-15.07,601.60,9.150,270.00
51,49.0,-26.75,601.60,11.680,270.00
51,50.0,-40.13,601.60,13.380,270.00
51,51.0,-54.91,601.60,14.780,270.00
51,52.0,-70.58,601.60,15.680,270.00
51,53.0,-86.39,601.60,15.810,270.00
51,54.0,-102.50,601.60,16.110,270.00
51,55.0,-117.76,601.60,15.260,270.00
51,56.0,-133.51,601.60,15.740,270.00
51,57.0,-149.33,601.60,15.820,270.00
51,58.0,-164.44,601.60,15.110,270.00
51,59.0,-179.78,601.60,15.340,270.00
51,60.0,-194.82,601.60,15.040,270.00
51,61.0,-210.44,601.60,15.620,270.00
51,62.0,-225.90,601.60,15.450,270.00
51,63.0,-240.93,601.60,15.030,270.00
51,64.0,-256.90,601.60,15.970,270.00
51,65.0,-272.65,601.60,15.740,270.00
51,66.0,-288.07,601.60,15.420,270.00
52,0.0,-587.70,898.40,0.000,90.00
52,1.0,-585.10,898.40,2.600,90.00
52,2.0,-580.04,898.40,5.060,90.00
52,3.0,-572.80,898.40,7.240,90.00
52,4.0,-563.73,898.40,9.070,90.00
52,5.0,-552.60,898.40,11.130,90.00
52,6.0,-538.95,898.40,13.660,90.00
52,7.0,-525.10,898.40,13.850,90.00
52,8.0,-511.37,898.40,13.720,90.00
52,9.0,-498.53,898.40,12.840,90.00
52,10.0,-485.19,898.40,13.340,90.00
52,11.0,-471.40,898.40,13.790,90.00
52,12.0,-457.69,898.40,13.710,90.00
52,13.0,-444.60,898.40,13.080,90.00
52,14.0,-430.88,898.40,13.720,90.00
52,15.0,-417.82,898.40,13.060,90.00
52,16.0,-404.15,898.40,13.670,90.00
52,17.0,-390.80,898.40,13.360,90.00
52,18.0,-376.72,898.40,14.080,90.00
52,19.0,-363.46,898.40,13.250,90.00
52,20.0,-350.48,898.40,12.980,90.00
52,21.0,-337.34,898.40,13.140,90.00
52,22.0,-324.50,898.40,12.850,90.00
52,23.0,-310.85,898.40,13.640,90.00
52,24.0,-297.40,898.40,13.450,90.00
52,25.0,-284.02,898.40,13.380,90.00
52,26.0,-270.54,898.40,13.480,90.00
52,27.0,-256.86,898.40,13.680,90.00
52,28.0,-243.63,898.40,13.230,90.00
52,29.0,-230.28,898.40,13.350,90.00
52,30.0,-217.35,898.40,12.930,90.00
52,31.0,-203.42,898.40,13.930,90.00
52,32.0,-189.62,898.40,13.810,90.00
52,33.0,-175.84,898.40,13.770,90.00
52,34.0,-162.26,898.40,13.590,90.00
52,35.0,-148.20,898.40,14.050,90.00
52,36.0,-135.31,898.40,12.900,90.00
52,37.0,-122.44,898.40,12.860,90.00
52,38.0,-108.77,898.40,13.670,90.00
52,39.0,-95.25,898.40,13.520,90.00
52,40.0,-82.13,898.40,13.120,90.00
52,41.0,-68.72,898.40,13.410,90.00
52,42.0,-55.62,898.40,13.100,90.00
52,43.0,-42.43,898.40,13.190,90.00
52,44.0,-28.51,898.40,13.920,90.00
52,45.0,-14.40,898.40,14.100,90.00
52,46.0,-1.38,898.40,13.030,90.00
52,47.0,12.34,898.40,13.710,90.00
52,48.0,25.64,898.40,13.310,90.00
52,49.0,38.90,898.40,13.260,90.00
52,50.0,52.22,898.40,13.320,90.00
52,51.0,65.14,898.40,12.920,90.00
52,52.0,79.24,898.40,14.100,90.00
52,53.0,92.77,898.40,13.530,90.00
52,54.0,106.49,898.40,13.720,90.00
52,55.0,120.02,898.40,13.520,90.00
52,56.0,133.83,898.40,13.810,90.00
52,57.0,147.19,898.40,13.360,90.00
52,58.0,161.04,898.40,13.850,90.00
52,59.0,173.94,898.40,12.900,90.00
52,60.0,187.58,898.40,13.640,90.00
52,61.0,200.61,898.40,13.030,90.00
52,62.0,214.16,898.40,13.560,90.00
52,63.0,228.28,898.40,14.120,90.00
52,64.0,241.90,898.40,13.620,90.00
52,65.0,255.75,898.40,13.850,90.00
52,66.0,268.63,898.40,12.870,90.00
52,67.0,281.69,898.40,13.060,90.00
52,68.0,292.53,898.40,10.840,90.00
52,69.0,297.83,895.61,6.410,123.91
52,70.0,298.40,889.76,5.930,176.81
52,71.0,298.40,882.38,7.380,180.00
52,72.0,298.40,872.90,9.480,180.00
52,73.0,298.40,861.74,11.160,180.00
52,74.0,298.40,848.03,13.710,180.00
52,75.0,298.40,834.58,13.440,180.00
52,76.0,298.40,821.49,13.100,180.00
52,77.0,298.40,808.12,13.360,180.00
52,78.0,298.40,794.55,13.570,180.00
52,79.0,298.40,781.01,13.540,180.00
52,80.0,298.40,767.56,13.450,180.00
52,81.0,298.40,754.10,13.470,180.00
52,82.0,298.40,740.80,13.300,180.00
52,83.0,298.40,726.92,13.880,180.00
52,84.0,298.40,713.81,13.100,180.00
52,85.0,298.40,700.73,13.080,180.00
52,86.0,298.40,687.88,12.860,180.00
52,87.0,298.40,674.29,13.580,180.00
52,88.0,298.40,660.43,13.870,180.00
52,89.0,298.40,646.87,13.560,180.00
52,90.0,298.40,633.10,13.770,180.00
52,91.0,298.40,619.68,13.420,180.00
52,92.0,298.40,606.70,12.980,180.00
52,93.0,298.40,593.37,13.330,180.00
52,94.0,298.40,579.70,13.670,180.00
52,95.0,298.40,565.72,13.980,180.00
52,96.0,298.40,551.92,13.800,180.00
52,97.0,298.40,538.42,13.500,180.00
52,98.0,298.40,525.44,12.970,180.00
52,99.0,298.40,511.55,13.890,180.00
52,100.0,298.40,498.45,13.100,180.00
52,101.0,298.40,485.43,13.020,180.00
52,102.0,298.40,471.70,13.720,180.00
52,103.0,298.40,458.36,13.350,180.00
52,104.0,298.40,444.81,13.550,180.00
52,105.0,298.40,431.54,13.260,180.00
52,106.0,298.40,418.61,12.940,180.00
52,107.0,298.40,405.57,13.040,180.00
52,108.0,298.40,391.82,13.760,180.00
52,109.0,298.40,378.07,13.740,180.00
52,110.0,298.40,364.05,14.020,180.00
52,111.0,298.40,350.94,13.110,180.00
52,112.0,298.40,336.94,14.000,180.00
52,113.0,298.40,324.08,12.860,180.00
52,114.0,298.40,310.18,13.900,180.00
52,115.0,298.40,296.46,13.720,180.00
52,116.0,298.40,282.60,13.870,180.00
52,117.0,298.40,269.56,13.040,180.00
52,118.0,298.40,256.40,13.160,180.00
52,119.0,298.40,242.67,13.730,180.00
52,120.0,298.40,228.98,13.690,180.00
52,121.0,298.40,215.41,13.570,180.00
52,122.0,298.40,201.46,13.950,180.00
52,123.0,298.40,187.71,13.750,180.00
52,124.0,298.40,174.45,13.260,180.00
52,125.0,298.40,160.94,13.510,180.00
52,126.0,298.40,147.39,13.540,180.00
52,127.0,298.40,134.16,13.230,180.00
52,128.0,298.40,121.25,12.910,180.00
52,129.0,298.40,108.07,13.180,180.00
52,130.0,298.40,94.43,13.640,180.00
52,131.0,298.40,80.80,13.630,180.00
52,132.0,298.40,67.59,13.220,180.00
52,133.0,298.40,54.71,12.880,180.00
52,134.0,298.40,41.13,13.580,180.00
52,135.0,298.40,27.73,13.400,180.00
52,136.0,298.40,13.65,14.090,180.00
52,137.0,298.40,0.59,13.060,180.00
52,138.0,298.40,-12.47,13.050,180.00
52,139.0,298.40,-26.54,14.070,180.00
52,140.0,298.40,-39.70,13.160,180.00
52,141.0,298.40,-53.54,13.840,180.00
52,142.0,298.40,-66.70,13.160,180.00
52,143.0,298.40,-80.77,14.070,180.00
52,144.0,298.40,-94.57,13.800,180.00
52,145.0,298.40,-108.64,14.060,180.00
52,146.0,298.40,-122.03,13.390,180.00
52,147.0,298.40,-135.44,13.410,180.00
52,148.0,298.40,-148.93,13.490,180.00
52,149.0,298.40,-161.89,12.960,180.00
52,150.0,298.40,-175.72,13.820,180.00
52,151.0,298.40,-189.04,13.330,180.00
52,152.0,298.40,-201.91,12.870,180.00
52,153.0,298.40,-215.75,13.840,180.00
52,154.0,298.40,-229.78,14.040,180.00
52,155.0,298.40,-242.73,12.950,180.00
52,156.0,298.40,-256.25,13.520,180.00
52,157.0,298.40,-269.24,12.990,180.00
52,158.0,298.40,-282.66,13.420,180.00
52,159.0,298.40,-291.61,8.950,180.00
52,160.0,298.86,-296.02,4.450,174.70
52,161.0,298.93,-296.48,0.470,173.94
52,162.0,298.94,-296.61,0.130,173.73
52,163.0,298.96,-296.67,0.060,173.55
52,164.0,298.98,-296.70,0.040,173.30
52,165.0,298.99,-296.71,0.010,173.23
52,166.0,300.00,-298.40,1.960,162.59
52,167.0,302.48,-300.53,3.360,136.79
52,168.0,307.75,-301.60,5.460,99.73
52,169.0,314.58,-301.60,6.830,90.00
52,170.0,323.71,-301.60,9.130,90.00
52,171.0,334.80,-301.60,11.090,90.00
52,172.0,348.29,-301.60,13.480,90.00
52,173.0,361.16,-301.60,12.870,90.00
52,174.0,374.44,-301.60,13.280,90.00
52,175.0,388.48,-301.60,14.030,90.00
52,176.0,401.40,-301.60,12.920,90.00
52,177.0,415.06,-301.60,13.660,90.00
52,178.0,428.14,-301.60,13.080,90.00
52,179.0,441.36,-301.60,13.230,90.00
52,180.0,454.42,-301.60,13.050,90.00
52,181.0,468.17,-301.60,13.750,90.00
52,182.0,481.58,-301.60,13.410,90.00
52,183.0,494.99,-301.60,13.410,90.00
52,184.0,507.86,-301.60,12.870,90.00
52,185.0,521.16,-301.60,13.300,90.00
52,186.0,534.28,-301.60,13.120,90.00
53,0.0,-891.70,898.40,0.000,90.00
53,1.0,-889.38,898.40,2.320,90.00
53,2.0,-885.67,898.40,3.710,90.00
53,3.0,-880.60,898.40,5.070,90.00
53,4.0,-873.96,898.40,6.640,90.00
53,5.0,-865.39,898.40,8.570,90.00
53,6.0,-854.99,898.40,10.410,90.00
53,7.0,-842.69,898.40,12.300,90.00
53,8.0,-828.99,898.40,13.700,90.00
53,9.0,-813.96,898.40,15.030,90.00
53,10.0,-799.86,898.40,14.100,90.00
53,11.0,-784.95,898.40,14.910,90.00
53,12.0,-770.92,898.40,14.040,90.00
53,13.0,-755.97,898.40,14.950,90.00
53,14.0,-741.59,898.40,14.380,90.00
53,15.0,-727.20,898.40,14.390,90.00
53,16.0,-712.04,898.40,15.160,90.00
53,17.0,-696.98,898.40,15.060,90.00
53,18.0,-682.70,898.40,14.280,90.00
53,19.0,-667.93,898.40,14.770,90.00
53,20.0,-653.46,898.40,14.470,90.00
53,21.0,-638.27,898.40,15.190,90.00
53,22.0,-623.46,898.40,14.820,90.00
53,23.0,-609.19,898.40,14.270,90.00
53,24.0,-594.54,898.40,14.650,90.00
53,25.0,-580.55,898.40,13.980,90.00
53,26.0,-566.11,898.40,14.440,90.00
53,27.0,-552.01,898.40,14.100,90.00
53,28.0,-536.86,898.40,15.150,90.00
53,29.0,-522.04,898.40,14.820,90.00
53,30.0,-506.90,898.40,15.140,90.00
53,31.0,-492.66,898.40,14.250,90.00
53,32.0,-478.35,898.40,14.300,90.00
53,33.0,-463.16,898.40,15.190,90.00
53,34.0,-448.31,898.40,14.850,90.00
53,35.0,-434.16,898.40,14.140,90.00
53,36.0,-419.83,898.40,14.330,90.00
53,37.0,-404.69,898.40,15.150,90.00
53,38.0,-390.74,898.40,13.940,90.00
53,39.0,-375.88,898.40,14.860,90.00
53,40.0,-361.70,898.40,14.180,90.00
53,41.0,-346.96,898.40,14.740,90.00
53,42.0,-332.14,898.40,14.820,90.00
53,43.0,-317.94,898.40,14.200,90.00
53,44.0,-302.91,898.40,15.030,90.00
53,45.0,-288.54,898.40,14.370,90.00
53,46.0,-273.61,898.40,14.920,90.00
53,47.0,-259.29,898.40,14.320,90.00
53,48.0,-244.19,898.40,15.100,90.00
53,49.0,-230.09,898.40,14.100,90.00
53,50.0,-215.46,898.40,14.640,90.00
53,51.0,-201.08,898.40,14.380,90.00
53,52.0,-186.49,898.40,14.590,90.00
53,53.0,-171.28,898.40,15.220,90.00
53,54.0,-156.12,898.40,15.160,90.00
53,55.0,-141.89,898.40,14.230,90.00
53,56.0,-127.49,898.40,14.390,90.00
53,57.0,-113.48,898.40,14.020,90.00
53,58.0,-98.41,898.40,15.070,90.00
53,59.0,-84.33,898.40,14.070,90.00
53,60.0,-70.12,898.40,14.210,90.00
53,61.0,-55.58,898.40,14.540,90.00
53,62.0,-40.86,898.40,14.720,90.00
53,63.0,-26.65,898.40,14.210,90.00
53,64.0,-15.61,898.40,11.040,90.00
53,65.0,-8.21,898.40,7.400,90.00
53,66.0,-2.36,895.93,6.780,120.06
53,67.0,-1.60,890.15,5.910,176.18
53,68.0,-1.60,882.16,8.000,180.00
53,69.0,-1.60,871.78,10.380,180.00
53,70.0,-1.60,859.66,12.120,180.00
53,71.0,-1.60,845.94,13.720,180.00
53,72.0,-1.60,831.71,14.220,180.00
53,73.0,-1.60,816.72,15.000,180.00
53,74.0,-1.60,801.53,15.190,180.00
53,75.0,-1.60,787.05,14.480,180.00
53,76.0,-1.60,772.60,14.440,180.00
53,77.0,-1.60,758.43,14.170,180.00
53,78.0,-1.60,744.36,14.070,180.00
53,79.0,-1.60,729.44,14.930,180.00
53,80.0,-1.60,714.43,15.000,180.00
53,81.0,-1.60,699.39,15.050,180.00
53,82.0,-1.60,684.46,14.930,180.00
53,83.0,-1.60,669.38,15.080,180.00
53,84.0,-1.60,654.36,15.020,180.00
53,85.0,-1.60,639.37,14.990,180.00
53,86.0,-1.60,624.25,15.120,180.00
53,87.0,-1.60,609.06,15.190,180.00
53,88.0,-1.60,593.90,15.160,180.00
53,89.0,-1.60,579.39,14.510,180.00
53,90.0,-1.60,564.90,14.490,180.00
53,91.0,-1.60,550.72,14.180,180.00
53,92.0,-1.60,536.79,13.930,180.00
53,93.0,-1.60,522.40,14.390,180.00
53,94.0,-1.60,507.41,14.990,180.00
53,95.0,-1.60,493.15,14.260,180.00
53,96.0,-1.60,478.05,15.100,180.00
53,97.0,-1.60,463.59,14.460,180.00
53,98.0,-1.60,450.10,13.480,180.00
53,99.0,-1.60,436.57,13.540,180.00
53,100.0,-1.60,423.94,12.630,180.00
53,101.0,-1.60,412.02,11.920,180.00
53,102.0,-1.60,399.64,12.370,180.00
53,103.0,-1.60,387.87,11.770,180.00
53,104.0,-1.60,375.45,12.420,180.00
53,105.0,-1.60,362.95,12.500,180.00
53,106.0,-1.60,350.28,12.670,180.00
53,107.0,-1.60,337.97,12.300,180.00
53,108.0,-1.60,326.38,11.590,180.00
53,109.0,-1.60,313.01,13.370,180.00
53,110.0,-1.60,297.95,15.050,180.00
53,111.0,-1.60,283.38,14.570,180.00
53,112.0,-1.60,269.17,14.220,180.00
53,113.0,-1.60,254.12,15.050,180.00
53,114.0,-1.60,239.44,14.670,180.00
53,115.0,-1.60,224.62,14.830,180.00
53,116.0,-1.60,210.18,14.440,180.00
53,117.0,-1.60,195.92,14.260,180.00
53,118.0,-1.60,180.79,15.130,180.00
53,119.0,-1.60,165.89,14.900,180.00
53,120.0,-1.60,150.98,14.910,180.00
53,121.0,-1.60,136.18,14.790,180.00
53,122.0,-1.60,121.16,15.020,180.00
53,123.0,-1.60,106.66,14.500,180.00
53,124.0,-1.60,92.20,14.460,180.00
53,125.0,-1.60,77.59,14.620,180.00
53,126.0,-1.60,63.44,14.150,180.00
53,127.0,-1.60,49.49,13.950,180.00
53,128.0,-1.60,34.30,15.190,180.00
53,129.0,-1.60,19.90,14.400,180.00
53,130.0,-1.60,5.68,14.220,180.00
53,131.0,-1.60,-9.43,15.110,180.00
53,132.0,-1.60,-24.61,15.180,180.00
53,133.0,-1.60,-38.60,14.000,180.00
53,134.0,-1.60,-52.94,14.340,180.00
53,135.0,-1.60,-67.18,14.240,180.00
53,136.0,-1.60,-82.05,14.870,180.00
53,137.0,-1.60,-96.58,14.520,180.00
53,138.0,-1.60,-110.50,13.930,180.00
53,139.0,-1.60,-125.65,15.150,180.00
53,140.0,-1.60,-140.40,14.750,180.00
53,141.0,-1.60,-155.42,15.020,180.00
53,142.0,-1.60,-169.92,14.500,180.00
53,143.0,-1.60,-184.24,14.320,180.00
53,144.0,-1.60,-198.40,14.160,180.00
53,145.0,-1.60,-211.96,13.570,180.00
53,146.0,-1.60,-225.67,13.710,180.00
53,147.0,-1.60,-238.86,13.190,180.00
53,148.0,-1.60,-250.69,11.840,180.00
53,149.0,-1.60,-262.24,11.550,180.00
53,150.0,-1.60,-273.25,11.010,180.00
53,151.0,-1.60,-284.02,10.780,180.00
53,152.0,-1.60,-295.05,11.030,180.00
53,153.0,-1.60,-306.12,11.070,180.00
53,154.0,-1.60,-318.36,12.240,180.00
53,155.0,-1.60,-328.76,10.400,180.00
53,156.0,-1.60,-341.21,12.450,180.00
53,157.0,-1.60,-352.39,11.180,180.00
53,158.0,-1.60,-363.65,11.260,180.00
53,159.0,-1.60,-375.84,12.190,180.00
53,160.0,-1.60,-386.98,11.140,180.00
53,161.0,-1.60,-398.64,11.660,180.00
53,162.0,-1.60,-409.44,10.800,180.00
53,163.0,-1.60,-421.27,11.820,180.00
53,164.0,-1.60,-432.34,11.080,180.00
53,165.0,-1.60,-443.27,10.930,180.00
53,166.0,-1.60,-454.12,10.840,180.00
53,167.0,-1.60,-465.87,11.760,180.00
53,168.0,-1.60,-476.28,10.410,180.00
53,169.0,-1.60,-487.14,10.860,180.00
53,170.0,-1.60,-499.13,11.980,180.00
53,171.0,-1.60,-509.85,10.730,180.00
53,172.0,-1.60,-521.08,11.230,180.00
53,173.0,-1.60,-533.66,12.570,180.00
53,174.0,-1.60,-545.30,11.640,180.00
53,175.0,-1.60,-557.78,12.480,180.00
53,176.0,-1.60,-569.52,11.740,180.00
53,177.0,-1.60,-580.37,10.840,180.00
53,178.0,-1.60,-590.81,10.440,180.00
53,179.0,-1.60,-602.38,11.570,180.00
53,180.0,-1.60,-613.74,11.360,180.00
53,181.0,-1.60,-625.97,12.230,180.00
53,182.0,-1.60,-637.15,11.180,180.00
53,183.0,-1.60,-647.88,10.730,180.00
53,184.0,-1.60,-660.09,12.210,180.00
53,185.0,-1.60,-671.66,11.570,180.00
54,0.0,1.60,-587.70,0.000,0.00
54,1.0,1.60,-585.88,1.820,0.00
54,2.0,1.60,-581.86,4.020,0.00
54,3.0,1.60,-576.17,5.690,0.00
54,4.0,1.60,-569.10,7.070,0.00
54,5.0,1.60,-560.37,8.730,0.00
54,6.0,1.60,-549.66,10.710,0.00
54,7.0,1.60,-536.75,12.910,0.00
54,8.0,1.60,-523.14,13.610,0.00
54,9.0,1.60,-509.88,13.260,0.00
54,10.0,1.60,-496.71,13.170,0.00
54,11.0,1.60,-482.82,13.890,0.00
54,12.0,1.60,-469.01,13.810,0.00
54,13.0,1.60,-455.71,13.300,0.00
54,14.0,1.60,-442.61,13.110,0.00
54,15.0,1.60,-429.36,13.240,0.00
54,16.0,1.60,-416.16,13.210,0.00
54,17.0,1.60,-403.17,12.990,0.00
54,18.0,1.60,-389.47,13.700,0.00
54,19.0,1.60,-375.55,13.920,0.00
54,20.0,1.60,-362.21,13.340,0.00
54,21.0,1.60,-348.83,13.380,0.00
54,22.0,1.60,-335.69,13.150,0.00
54,23.0,1.60,-322.81,12.880,0.00
54,24.0,1.60,-310.07,12.730,0.00
54,25.0,1.60,-296.20,13.880,0.00
54,26.0,1.60,-283.00,13.200,0.00
54,27.0,1.60,-269.22,13.780,0.00
54,28.0,1.60,-255.76,13.450,0.00
54,29.0,1.60,-242.39,13.370,0.00
54,30.0,1.60,-229.26,13.130,0.00
54,31.0,1.60,-216.18,13.080,0.00
54,32.0,1.60,-202.99,13.190,0.00
54,33.0,1.60,-189.44,13.560,0.00
54,34.0,1.60,-176.75,12.690,0.00
54,35.0,1.60,-163.36,13.390,0.00
54,36.0,1.60,-150.05,13.310,0.00
54,37.0,1.60,-136.12,13.930,0.00
54,38.0,1.60,-122.93,13.200,0.00
54,39.0,1.60,-109.70,13.230,0.00
54,40.0,1.60,-96.09,13.610,0.00
54,41.0,1.60,-83.19,12.900,0.00
54,42.0,1.60,-70.22,12.970,0.00
54,43.0,1.60,-56.96,13.260,0.00
54,44.0,1.60,-43.38,13.580,0.00
54,45.0,1.60,-30.28,13.100,0.00
54,46.0,1.60,-16.88,13.400,0.00
54,47.0,1.60,-3.65,13.230,0.00
54,48.0,1.60,9.90,13.550,0.00
54,49.0,1.60,23.72,13.820,0.00
54,50.0,1.60,37.59,13.870,0.00
54,51.0,1.60,51.07,13.480,0.00
54,52.0,1.60,64.12,13.050,0.00
54,53.0,1.60,77.55,13.430,0.00
54,54.0,1.60,90.41,12.860,0.00
54,55.0,1.60,103.59,13.170,0.00
54,56.0,1.60,116.98,13.390,0.00
54,57.0,1.60,130.44,13.460,0.00
54,58.0,1.60,143.10,12.660,0.00
54,59.0,1.60,157.01,13.900,0.00
54,60.0,1.60,170.55,13.540,0.00
54,61.0,1.60,184.35,13.800,0.00
54,62.0,1.60,197.14,12.800,0.00
54,63.0,1.60,209.87,12.730,0.00
54,64.0,1.60,223.26,13.380,0.00
54,65.0,1.60,236.27,13.010,0.00
54,66.0,1.60,249.61,13.340,0.00
54,67.0,1.60,262.41,12.800,0.00
54,68.0,1.60,275.60,13.190,0.00
54,69.0,1.60,285.36,9.770,0.00
54,70.0,1.60,292.27,6.900,0.00
54,71.0,3.49,297.29,5.620,23.08
54,72.0,8.98,298.40,5.720,81.41
54,73.0,16.84,298.40,7.860,90.00
54,74.0,26.33,298.40,9.500,90.00
54,75.0,37.45,298.40,11.120,90.00
54,76.0,50.33,298.40,12.880,90.00
54,77.0,63.79,298.40,13.450,90.00
54,78.0,76.81,298.40,13.020,90.00
54,79.0,90.34,298.40,13.530,90.00
54,80.0,103.68,298.40,13.340,90.00
54,81.0,116.51,298.40,12.830,90.00
54,82.0,130.18,298.40,13.680,90.00
54,83.0,143.91,298.40,13.730,90.00
54,84.0,157.31,298.40,13.390,90.00
54,85.0,171.14,298.40,13.840,90.00
54,86.0,183.88,298.40,12.740,90.00
54,87.0,196.67,298.40,12.790,90.00
54,88.0,209.91,298.40,13.240,90.00
54,89.0,223.83,298.40,13.920,90.00
54,90.0,237.28,298.40,13.450,90.00
54,91.0,250.28,298.40,13.000,90.00
54,92.0,263.06,298.40,12.780,90.00
54,93.0,275.79,298.40,12.730,90.00
54,94.0,285.90,298.40,10.110,90.00
54,95.0,291.51,298.40,5.610,90.00
54,96.0,298.71,298.40,7.210,90.00
54,97.0,308.21,298.40,9.500,90.00
54,98.0,319.27,298.40,11.060,90.00
54,99.0,331.85,298.40,12.570,90.00
54,100.0,345.54,298.40,13.690,90.00
54,101.0,359.07,298.40,13.540,90.00
54,102.0,372.82,298.40,13.740,90.00
54,103.0,386.18,298.40,13.360,90.00
54,104.0,398.86,298.40,12.680,90.00
54,105.0,412.45,298.40,13.590,90.00
54,106.0,425.96,298.40,13.510,90.00
54,107.0,438.59,298.40,12.630,90.00
54,108.0,451.95,298.40,13.360,90.00
54,109.0,464.76,298.40,12.820,90.00
54,110.0,478.10,298.40,13.340,90.00
54,111.0,491.39,298.40,13.290,90.00
54,112.0,505.03,298.40,13.640,90.00
54,113.0,517.95,298.40,12.910,90.00
54,114.0,531.37,298.40,13.420,90.00
54,115.0,544.12,298.40,12.750,90.00
54,116.0,556.77,298.40,12.640,90.00
54,117.0,570.25,298.40,13.480,90.00
54,118.0,581.02,298.40,10.770,90.00
54,119.0,588.11,298.40,7.090,90.00
54,120.0,591.58,298.40,3.470,90.00
54,121.0,597.62,298.40,6.040,90.00
54,122.0,605.82,298.40,8.200,90.00
54,123.0,615.97,298.40,10.150,90.00
54,124.0,627.52,298.40,11.560,90.00
54,125.0,640.26,298.40,12.730,90.00
54,126.0,653.81,298.40,13.550,90.00
54,127.0,667.47,298.40,13.670,90.00
54,128.0,680.69,298.40,13.220,90.00
54,129.0,694.57,298.40,13.870,90.00
54,130.0,707.85,298.40,13.280,90.00
54,131.0,721.52,298.40,13.680,90.00
54,132.0,735.44,298.40,13.920,90.00
54,133.0,749.33,298.40,13.890,90.00
54,134.0,762.87,298.40,13.540,90.00
54,135.0,776.23,298.40,13.370,90.00
54,136.0,789.10,298.40,12.870,90.00
54,137.0,802.12,298.40,13.020,90.00
54,138.0,815.79,298.40,13.670,90.00
54,139.0,829.22,298.40,13.430,90.00
54,140.0,841.93,298.40,12.710,90.00
54,141.0,855.12,298.40,13.190,90.00
54,142.0,868.65,298.40,13.530,90.00
54,143.0,880.24,298.40,11.590,90.00
54,144.0,887.90,298.40,7.660,90.00
54,145.0,891.87,298.40,3.960,90.00
54,146.0,894.23,300.34,3.650,62.33
54,147.0,891.10,301.60,3.650,310.69
54,148.0,885.97,301.60,5.130,270.00
54,149.0,878.99,301.60,6.980,270.00
54,150.0,870.09,301.60,8.900,270.00
54,151.0,859.53,301.60,10.560,270.00
54,152.0,847.57,301.60,11.960,270.00
54,153.0,834.85,301.60,12.720,270.00
54,154.0,821.83,301.60,13.020,270.00
54,155.0,808.90,301.60,12.930,270.00
54,156.0,795.50,301.60,13.400,270.00
54,157.0,781.61,301.60,13.900,270.00
54,158.0,768.02,301.60,13.590,270.00
54,159.0,755.32,301.60,12.700,270.00
54,160.0,742.47,301.60,12.850,270.00
54,161.0,729.51,301.60,12.960,270.00
54,162.0,715.61,301.60,13.910,270.00
54,163.0,701.73,301.60,13.870,270.00
54,164.0,687.81,301.60,13.920,270.00
54,165.0,674.98,301.60,12.840,270.00
54,166.0,661.79,301.60,13.180,270.00
54,167.0,648.36,301.60,13.430,270.00
54,168.0,635.70,301.60,12.660,270.00
54,169.0,622.62,301.60,13.080,270.00
54,170.0,608.83,301.60,13.790,270.00
55,0.0,598.40,887.70,0.000,180.00
55,1.0,598.40,885.90,1.800,180.00
55,2.0,598.40,882.53,3.370,180.00
55,3.0,598.40,877.05,5.470,180.00
55,4.0,598.40,870.19,6.860,180.00
55,5.0,598.40,861.02,9.170,180.00
55,6.0,598.40,850.44,10.580,180.00
55,7.0,598.40,838.31,12.130,180.00
55,8.0,598.40,825.15,13.160,180.00
55,9.0,598.40,811.40,13.740,180.00
55,10.0,598.40,798.45,12.960,180.00
55,11.0,598.40,785.46,12.980,180.00
55,12.0,598.40,772.10,13.360,180.00
55,13.0,598.40,758.69,13.410,180.00
55,14.0,598.40,745.52,13.170,180.00
55,15.0,598.40,732.28,13.240,180.00
55,16.0,598.40,719.72,12.560,180.00
55,17.0,598.40,706.04,13.670,180.00
55,18.0,598.40,693.13,12.910,180.00
55,19.0,598.40,679.64,13.490,180.00
55,20.0,598.40,666.98,12.660,180.00
55,21.0,598.40,653.34,13.640,180.00
55,22.0,598.40,640.06,13.280,180.00
55,23.0,598.40,626.82,13.240,180.00
55,24.0,598.40,615.51,11.310,180.00
55,25.0,598.40,608.22,7.290,180.00
55,26.0,597.15,603.24,5.250,194.86
55,27.0,591.66,601.60,5.940,257.48
55,28.0,584.00,601.60,7.660,270.00
55,29.0,574.22,601.60,9.780,270.00
55,30.0,562.27,601.60,11.950,270.00
55,31.0,548.52,601.60,13.750,270.00
55,32.0,535.00,601.60,13.520,270.00
55,33.0,521.56,601.60,13.440,270.00
55,34.0,507.74,601.60,13.820,270.00
55,35.0,494.90,601.60,12.840,270.00
55,36.0,481.93,601.60,12.970,270.00
55,37.0,469.21,601.60,12.720,270.00
55,38.0,455.90,601.60,13.310,270.00
55,39.0,443.36,601.60,12.540,270.00
55,40.0,430.53,601.60,12.830,270.00
55,41.0,417.49,601.60,13.040,270.00
55,42.0,403.94,601.60,13.550,270.00
55,43.0,390.12,601.60,13.820,270.00
55,44.0,376.37,601.60,13.750,270.00
55,45.0,362.75,601.60,13.610,270.00
55,46.0,349.55,601.60,13.200,270.00
55,47.0,336.18,601.60,13.370,270.00
55,48.0,323.51,601.60,12.680,270.00
55,49.0,313.87,601.60,9.640,270.00
55,50.0,308.73,601.60,5.140,270.00
55,51.0,302.82,603.30,6.400,290.62
55,52.0,301.60,608.87,5.840,350.77
55,53.0,301.60,616.86,7.990,0.00
55,54.0,301.60,626.98,10.120,0.00
55,55.0,301.60,639.65,12.670,0.00
55,56.0,301.60,652.79,13.140,0.00
55,57.0,301.60,666.01,13.220,0.00
55,58.0,301.60,679.16,13.150,0.00
55,59.0,301.60,692.18,13.020,0.00
55,60.0,301.60,705.89,13.710,0.00
55,61.0,301.60,719.51,13.620,0.00
55,62.0,301.60,733.26,13.750,0.00
55,63.0,301.60,746.40,13.140,0.00
55,64.0,301.60,759.63,13.230,0.00
55,65.0,301.60,772.92,13.290,0.00
55,66.0,301.60,786.57,13.650,0.00
55,67.0,301.60,799.69,13.130,0.00
55,68.0,301.60,813.24,13.540,0.00
55,69.0,301.60,826.56,13.320,0.00
55,70.0,301.60,839.81,13.250,0.00
55,71.0,301.60,852.96,13.160,0.00
55,72.0,301.60,865.59,12.620,0.00
55,73.0,301.60,878.92,13.330,0.00
55,74.0,301.60,887.76,8.830,0.00
55,75.0,301.60,892.41,4.660,0.00
55,76.0,300.04,898.33,6.230,342.97
55,77.0,293.94,901.44,7.200,288.43
55,78.0,286.40,901.60,7.550,270.00
55,79.0,276.44,901.60,9.960,270.00
55,80.0,264.03,901.60,12.410,270.00
55,81.0,250.68,901.60,13.360,270.00
55,82.0,237.61,901.60,13.070,270.00
55,83.0,224.42,901.60,13.190,270.00
55,84.0,211.42,901.60,12.990,270.00
55,85.0,198.12,901.60,13.300,270.00
55,86.0,185.24,901.60,12.880,270.00
55,87.0,172.33,901.60,12.910,270.00
55,88.0,159.37,901.60,12.970,270.00
55,89.0,145.65,901.60,13.710,270.00
55,90.0,132.33,901.60,13.320,270.00
55,91.0,118.70,901.60,13.630,270.00
55,92.0,104.87,901.60,13.830,270.00
55,93.0,91.34,901.60,13.520,270.00
55,94.0,77.59,901.60,13.750,270.00
55,95.0,64.69,901.60,12.910,270.00
55,96.0,51.73,901.60,12.960,270.00
55,97.0,38.15,901.60,13.580,270.00
55,98.0,24.37,901.60,13.780,270.00
55,99.0,10.56,901.60,13.810,270.00
55,100.0,-3.10,901.60,13.660,270.00
55,101.0,-15.72,901.60,12.620,270.00
55,102.0,-29.33,901.60,13.610,270.00
55,103.0,-43.01,901.60,13.680,270.00
55,104.0,-55.61,901.60,12.610,270.00
55,105.0,-68.77,901.60,13.150,270.00
55,106.0,-82.25,901.60,13.480,270.00
55,107.0,-94.97,901.60,12.710,270.00
55,108.0,-107.92,901.60,12.960,270.00
55,109.0,-121.09,901.60,13.160,270.00
55,110.0,-134.74,901.60,13.650,270.00
55,111.0,-147.70,901.60,12.960,270.00
55,112.0,-160.77,901.60,13.070,270.00
55,113.0,-174.04,901.60,13.270,270.00
55,114.0,-187.01,901.60,12.970,270.00
55,115.0,-200.78,901.60,13.770,270.00
55,116.0,-214.16,901.60,13.380,270.00
55,117.0,-227.67,901.60,13.510,270.00
55,118.0,-241.12,901.60,13.450,270.00
55,119.0,-253.76,901.60,12.640,270.00
55,120.0,-267.48,901.60,13.720,270.00
55,121.0,-280.97,901.60,13.490,270.00
55,122.0,-294.47,901.60,13.500,270.00
55,123.0,-307.75,901.60,13.280,270.00
55,124.0,-321.18,901.60,13.430,270.00
55,125.0,-334.17,901.60,12.990,270.00
55,126.0,-347.94,901.60,13.770,270.00
55,127.0,-360.65,901.60,12.710,270.00
55,128.0,-373.73,901.60,13.080,270.00
55,129.0,-387.06,901.60,13.330,270.00
55,130.0,-400.06,901.60,13.000,270.00
55,131.0,-412.97,901.60,12.910,270.00
55,132.0,-426.03,901.60,13.060,270.00
55,133.0,-439.61,901.60,13.580,270.00
55,134.0,-452.67,901.60,13.050,270.00
55,135.0,-465.76,901.60,13.100,270.00
55,136.0,-479.03,901.60,13.260,270.00
55,137.0,-491.92,901.60,12.890,270.00
55,138.0,-504.97,901.60,13.050,270.00
55,139.0,-517.65,901.60,12.680,270.00
55,140.0,-531.02,901.60,13.370,270.00
55,141.0,-544.09,901.60,13.060,270.00
55,142.0,-557.80,901.60,13.710,270.00
55,143.0,-571.43,901.60,13.640,270.00
55,144.0,-583.32,901.60,11.890,270.00
55,145.0,-590.70,901.60,7.390,270.00
55,146.0,-594.04,900.71,3.640,259.30
55,147.0,-593.36,898.77,2.460,208.91
55,148.0,-590.65,898.40,2.820,120.44
55,149.0,-585.37,898.40,5.280,90.00
55,150.0,-578.08,898.40,7.290,90.00
55,151.0,-568.95,898.40,9.120,90.00
55,152.0,-557.88,898.40,11.080,90.00
55,153.0,-544.53,898.40,13.350,90.00
55,154.0,-531.67,898.40,12.860,90.00
55,155.0,-518.36,898.40,13.310,90.00
55,156.0,-505.32,898.40,13.030,90.00
55,157.0,-492.04,898.40,13.290,90.00
55,158.0,-479.27,898.40,12.770,90.00
55,159.0,-466.31,898.40,12.960,90.00
55,160.0,-452.97,898.40,13.340,90.00
55,161.0,-440.12,898.40,12.850,90.00
55,162.0,-427.18,898.40,12.950,90.00
55,163.0,-414.24,898.40,12.940,90.00
55,164.0,-400.93,898.40,13.310,90.00
55,165.0,-387.36,898.40,13.560,90.00
55,166.0,-373.60,898.40,13.760,90.00
55,167.0,-359.92,898.40,13.680,90.00
55,168.0,-346.62,898.40,13.300,90.00
55,169.0,-333.88,898.40,12.730,90.00
55,170.0,-320.88,898.40,13.010,90.00
55,171.0,-307.57,898.40,13.310,90.00
56,0.0,1.60,12.30,0.000,0.00
56,1.0,1.60,13.74,1.440,0.00
56,2.0,1.60,16.86,3.120,0.00
56,3.0,1.60,22.51,5.660,0.00
56,4.0,1.60,30.13,7.620,0.00
56,5.0,1.60,39.58,9.450,0.00
56,6.0,1.60,51.58,11.990,0.00
56,7.0,1.60,63.09,11.520,0.00
56,8.0,1.60,75.26,12.160,0.00
56,9.0,1.60,87.04,11.780,0.00
56,10.0,1.60,98.55,11.520,0.00
56,11.0,1.60,111.03,12.480,0.00
56,12.0,1.60,122.64,11.610,0.00
56,13.0,1.60,134.52,11.880,0.00
56,14.0,1.60,146.42,11.900,0.00
56,15.0,1.60,158.17,11.750,0.00
56,16.0,1.60,170.31,12.140,0.00
56,17.0,1.60,182.72,12.410,0.00
56,18.0,1.60,194.07,11.350,0.00
56,19.0,1.60,205.66,11.600,0.00
56,20.0,1.60,218.09,12.430,0.00
56,21.0,1.60,229.91,11.820,0.00
56,22.0,1.60,241.99,12.090,0.00
56,23.0,1.60,253.66,11.660,0.00
56,24.0,1.60,265.07,11.410,0.00
56,25.0,1.60,276.40,11.330,0.00
56,26.0,1.60,286.30,9.900,0.00
56,27.0,1.60,292.43,6.130,0.00
56,28.0,-0.33,294.24,3.070,332.70
56,29.0,-1.60,291.60,3.170,234.65
56,30.0,-1.60,286.57,5.030,180.00
56,31.0,-1.60,279.44,7.130,180.00
56,32.0,-1.60,270.55,8.890,180.00
56,33.0,-1.60,260.17,10.380,180.00
56,34.0,-1.60,247.88,12.290,180.00
56,35.0,-1.60,235.96,11.920,180.00
56,36.0,-1.60,223.52,12.440,180.00
56,37.0,-1.60,211.87,11.650,180.00
56,38.0,-1.60,200.37,11.500,180.00
56,39.0,-1.60,189.15,11.220,180.00
56,40.0,-1.60,177.67,11.480,180.00
56,41.0,-1.60,165.81,11.860,180.00
56,42.0,-1.60,153.92,11.880,180.00
56,43.0,-1.60,141.83,12.090,180.00
56,44.0,-1.60,130.55,11.280,180.00
56,45.0,-1.60,118.14,12.410,180.00
56,46.0,-1.60,106.40,11.730,180.00
56,47.0,-1.60,94.09,12.310,180.00
56,48.0,-1.60,82.88,11.220,180.00
56,49.0,-1.60,71.08,11.800,180.00
56,50.0,-1.60,59.77,11.310,180.00
56,51.0,-1.60,48.47,11.300,180.00
56,52.0,-1.60,37.18,11.290,180.00
56,53.0,-1.60,24.91,12.270,180.00
56,54.0,-1.60,13.87,11.040,180.00
56,55.0,-1.60,7.32,6.540,180.00
56,56.0,-3.70,2.58,5.460,205.61
56,57.0,-8.75,1.60,5.250,260.02
56,58.0,-16.51,1.60,7.760,270.00
56,59.0,-26.83,1.60,10.310,270.00
56,60.0,-38.41,1.60,11.580,270.00
56,61.0,-49.60,1.60,11.190,270.00
56,62.0,-62.02,1.60,12.420,270.00
56,63.0,-74.25,1.60,12.230,270.00
56,64.0,-85.59,1.60,11.340,270.00
56,65.0,-98.02,1.60,12.420,270.00
56,66.0,-110.42,1.60,12.400,270.00
56,67.0,-122.82,1.60,12.410,270.00
56,68.0,-134.24,1.60,11.420,270.00
56,69.0,-146.13,1.60,11.890,270.00
56,70.0,-157.33,1.60,11.190,270.00
56,71.0,-168.96,1.60,11.640,270.00
56,72.0,-180.81,1.60,11.840,270.00
56,73.0,-192.88,1.60,12.080,270.00
56,74.0,-204.36,1.60,11.470,270.00
56,75.0,-215.93,1.60,11.570,270.00
56,76.0,-227.44,1.60,11.510,270.00
56,77.0,-238.64,1.60,11.200,270.00
56,78.0,-250.63,1.60,11.990,270.00
56,79.0,-262.81,1.60,12.170,270.00
56,80.0,-275.09,1.60,12.280,270.00
56,81.0,-284.33,1.60,9.250,270.00
56,82.0,-290.04,1.60,5.700,270.00
56,83.0,-297.53,1.60,7.490,270.00
56,84.0,-307.61,1.60,10.090,270.00
56,85.0,-319.94,1.60,12.320,270.00
56,86.0,-331.45,1.60,11.520,270.00
56,87.0,-343.18,1.60,11.720,270.00
56,88.0,-354.38,1.60,11.200,270.00
56,89.0,-365.65,1.60,11.280,270.00
56,90.0,-376.84,1.60,11.190,270.00
56,91.0,-389.13,1.60,12.280,270.00
56,92.0,-401.22,1.60,12.100,270.00
56,93.0,-413.11,1.60,11.890,270.00
56,94.0,-424.46,1.60,11.350,270.00
56,95.0,-436.83,1.60,12.370,270.00
56,96.0,-449.31,1.60,12.480,270.00
56,97.0,-460.97,1.60,11.660,270.00
56,98.0,-473.13,1.60,12.160,270.00
56,99.0,-484.83,1.60,11.710,270.00
56,100.0,-496.84,1.60,12.000,270.00
56,101.0,-508.02,1.60,11.190,270.00
56,102.0,-520.08,1.60,12.060,270.00
56,103.0,-532.55,1.60,12.470,270.00
56,104.0,-543.92,1.60,11.370,270.00
56,105.0,-555.68,1.60,11.760,270.00
56,106.0,-568.12,1.60,12.440,270.00
56,107.0,-580.11,1.60,11.980,270.00
56,108.0,-588.38,1.60,8.270,270.00
56,109.0,-598.96,1.60,10.580,270.00
56,110.0,-610.44,1.60,11.480,270.00
56,111.0,-622.33,1.60,11.880,270.00
56,112.0,-634.79,1.60,12.460,270.00
56,113.0,-647.13,1.60,12.340,270.00
56,114.0,-658.67,1.60,11.540,270.00
56,115.0,-669.93,1.60,11.260,270.00
56,116.0,-681.59,1.60,11.660,270.00
56,117.0,-694.01,1.60,12.420,270.00
56,118.0,-705.30,1.60,11.300,270.00
56,119.0,-717.59,1.60,12.280,270.00
56,120.0,-729.01,1.60,11.420,270.00
56,121.0,-741.20,1.60,12.190,270.00
56,122.0,-753.12,1.60,11.920,270.00
56,123.0,-764.95,1.60,11.830,270.00
56,124.0,-776.32,1.60,11.370,270.00
56,125.0,-787.64,1.60,11.320,270.00
56,126.0,-799.08,1.60,11.440,270.00
56,127.0,-811.54,1.60,12.450,270.00
56,128.0,-823.49,1.60,11.950,270.00
56,129.0,-835.68,1.60,12.180,270.00
56,130.0,-847.36,1.60,11.680,270.00
56,131.0,-858.70,1.60,11.340,270.00
56,132.0,-870.81,1.60,12.110,270.00
56,133.0,-882.56,1.60,11.750,270.00
57,0.0,901.60,-587.70,0.000,0.00
57,1.0,901.60,-585.78,1.920,0.00
57,2.0,901.60,-581.27,4.510,0.00
57,3.0,901.60,-574.37,6.900,0.00
57,4.0,901.60,-565.20,9.180,0.00
57,5.0,901.60,-554.41,10.790,0.00
57,6.0,901.60,-541.28,13.130,0.00
57,7.0,901.60,-525.68,15.600,0.00
57,8.0,901.60,-509.82,15.860,0.00
57,9.0,901.60,-494.58,15.240,0.00
57,10.0,901.60,-479.00,15.590,0.00
57,11.0,901.60,-463.93,15.070,0.00
57,12.0,901.60,-448.37,15.550,0.00
57,13.0,901.60,-433.22,15.150,0.00
57,14.0,901.60,-418.41,14.810,0.00
57,15.0,901.60,-403.22,15.200,0.00
57,16.0,901.60,-388.26,14.960,0.00
57,17.0,901.60,-373.35,14.900,0.00
57,18.0,901.60,-358.62,14.740,0.00
57,19.0,901.60,-343.99,14.630,0.00
57,20.0,901.60,-328.87,15.120,0.00
57,21.0,901.60,-314.11,14.760,0.00
57,22.0,901.60,-299.50,14.600,0.00
57,23.0,901.60,-283.93,15.570,0.00
57,24.0,901.60,-268.63,15.300,0.00
57,25.0,901.60,-254.01,14.620,0.00
57,26.0,901.60,-239.05,14.950,0.00
57,27.0,901.60,-224.40,14.650,0.00
57,28.0,901.60,-209.44,14.960,0.00
57,29.0,901.60,-193.69,15.750,0.00
57,30.0,901.60,-179.10,14.590,0.00
57,31.0,901.60,-163.62,15.480,0.00
57,32.0,901.60,-148.46,15.160,0.00
57,33.0,901.60,-133.16,15.300,0.00
57,34.0,901.60,-118.41,14.750,0.00
57,35.0,901.60,-102.99,15.420,0.00
57,36.0,901.60,-87.85,15.140,0.00
57,37.0,901.60,-72.07,15.780,0.00
57,38.0,901.60,-57.49,14.580,0.00
57,39.0,901.60,-42.10,15.390,0.00
57,40.0,901.60,-27.42,14.690,0.00
57,41.0,901.60,-12.44,14.970,0.00
57,42.0,901.60,3.11,15.550,0.00
57,43.0,901.60,18.01,14.900,0.00
57,44.0,901.60,33.54,15.530,0.00
57,45.0,901.60,48.80,15.260,0.00
57,46.0,901.60,63.73,14.930,0.00
57,47.0,901.60,78.48,14.750,0.00
57,48.0,901.60,93.34,14.860,0.00
57,49.0,901.60,109.03,15.700,0.00
57,50.0,901.60,124.25,15.220,0.00
57,51.0,901.60,139.79,15.540,0.00
57,52.0,901.60,154.74,14.950,0.00
57,53.0,901.60,170.29,15.550,0.00
57,54.0,901.60,185.07,14.790,0.00
57,55.0,901.60,199.99,14.910,0.00
57,56.0,901.60,214.78,14.790,0.00
57,57.0,901.60,229.71,14.930,0.00
57,58.0,901.60,245.49,15.780,0.00
57,59.0,901.60,260.35,14.860,0.00
57,60.0,901.60,274.79,14.440,0.00
57,61.0,901.60,289.32,14.530,0.00
57,62.0,901.60,302.64,13.320,0.00
57,63.0,901.60,316.52,13.870,0.00
57,64.0,901.60,330.89,14.370,0.00
57,65.0,901.60,343.89,13.000,0.00
57,66.0,901.60,357.39,13.510,0.00
57,67.0,901.60,370.71,13.310,0.00
57,68.0,901.60,383.61,12.900,0.00
57,69.0,901.60,395.94,12.330,0.00
57,70.0,901.60,409.48,13.540,0.00
57,71.0,901.60,423.31,13.840,0.00
57,72.0,901.60,436.86,13.550,0.00
57,73.0,901.60,449.61,12.750,0.00
57,74.0,901.60,462.58,12.970,0.00
57,75.0,901.60,475.74,13.170,0.00
57,76.0,901.60,489.22,13.480,0.00
57,77.0,901.60,501.85,12.630,0.00
57,78.0,901.60,514.78,12.930,0.00
57,79.0,901.60,528.04,13.260,0.00
57,80.0,901.60,541.33,13.290,0.00
57,81.0,901.60,554.72,13.390,0.00
57,82.0,901.60,567.90,13.180,0.00
57,83.0,901.60,581.52,13.630,0.00
57,84.0,901.60,593.85,12.330,0.00
57,85.0,901.60,606.77,12.920,0.00
57,86.0,901.60,620.61,13.840,0.00
57,87.0,901.60,634.12,13.510,0.00
57,88.0,901.60,646.89,12.770,0.00
57,89.0,901.60,660.91,14.020,0.00
57,90.0,901.60,673.57,12.660,0.00
57,91.0,901.60,687.51,13.940,0.00
57,92.0,901.60,701.32,13.810,0.00
57,93.0,901.60,714.14,12.820,0.00
57,94.0,901.60,727.78,13.640,0.00
57,95.0,901.60,741.12,13.340,0.00
57,96.0,901.60,754.47,13.360,0.00
57,97.0,901.60,768.03,13.560,0.00
57,98.0,901.60,780.38,12.350,0.00
57,99.0,901.60,793.63,13.250,0.00
57,100.0,901.60,806.69,13.060,0.00
57,101.0,901.60,820.46,13.770,0.00
57,102.0,901.60,833.78,13.320,0.00
57,103.0,901.60,846.70,12.920,0.00
57,104.0,901.60,859.52,12.820,0.00
57,105.0,901.60,873.11,13.600,0.00
57,106.0,901.60,884.20,11.080,0.00
57,107.0,901.60,890.78,6.580,0.00
57,108.0,901.60,895.79,5.010,0.00
57,109.0,899.56,900.91,5.870,334.31
57,110.0,893.25,901.60,6.440,272.35
57,111.0,885.00,901.60,8.240,270.00
57,112.0,875.14,901.60,9.860,270.00
57,113.0,863.78,901.60,11.360,270.00
57,114.0,850.52,901.60,13.260,270.00
57,115.0,836.04,901.60,14.480,270.00
57,116.0,821.70,901.60,14.340,270.00
57,117.0,807.50,901.60,14.200,270.00
57,118.0,794.15,901.60,13.350,270.00
57,119.0,780.20,901.60,13.950,270.00
57,120.0,767.10,901.60,13.100,270.00
57,121.0,752.95,901.60,14.150,270.00
57,122.0,740.36,901.60,12.600,270.00
57,123.0,727.67,901.60,12.690,270.00
57,124.0,714.18,901.60,13.490,270.00
57,125.0,700.51,901.60,13.670,270.00
57,126.0,686.98,901.60,13.520,270.00
57,127.0,674.41,901.60,12.570,270.00
57,128.0,661.16,901.60,13.260,270.00
57,129.0,647.28,901.60,13.870,270.00
57,130.0,633.65,901.60,13.630,270.00
57,131.0,620.78,901.60,12.870,270.00
57,132.0,607.65,901.60,13.130,270.00
57,133.0,595.22,901.60,12.430,270.00
57,134.0,582.60,901.60,12.620,270.00
57,135.0,569.29,901.60,13.300,270.00
57,136.0,556.60,901.60,12.700,270.00
57,137.0,544.37,901.60,12.230,270.00
57,138.0,531.05,901.60,13.320,270.00
57,139.0,517.96,901.60,13.090,270.00
57,140.0,503.57,901.60,14.390,270.00
57,141.0,489.94,901.60,13.630,270.00
57,142.0,477.13,901.60,12.810,270.00
57,143.0,463.79,901.60,13.330,270.00
57,144.0,450.81,901.60,12.990,270.00
57,145.0,436.54,901.60,14.270,270.00
57,146.0,422.99,901.60,13.550,270.00
57,147.0,410.34,901.60,12.650,270.00
57,148.0,397.56,901.60,12.780,270.00
57,149.0,384.60,901.60,12.960,270.00
57,150.0,370.60,901.60,14.010,270.00
57,151.0,358.06,901.60,12.530,270.00
57,152.0,344.09,901.60,13.970,270.00
57,153.0,330.46,901.60,13.630,270.00
57,154.0,316.19,901.60,14.270,270.00
58,0.0,-298.40,-587.70,0.000,0.00
58,1.0,-298.40,-586.30,1.400,0.00
58,2.0,-298.40,-582.48,3.820,0.00
58,3.0,-298.40,-576.86,5.620,0.00
58,4.0,-298.40,-568.68,8.180,0.00
58,5.0,-298.40,-559.08,9.590,0.00
58,6.0,-298.40,-547.38,11.700,0.00
58,7.0,-298.40,-533.38,14.000,0.00
58,8.0,-298.40,-520.44,12.930,0.00
58,9.0,-298.40,-507.13,13.320,0.00
58,10.0,-298.40,-493.69,13.440,0.00
58,11.0,-298.40,-480.47,13.220,0.00
58,12.0,-298.40,-466.46,14.010,0.00
58,13.0,-298.40,-452.42,14.030,0.00
58,14.0,-298.40,-439.23,13.200,0.00
58,15.0,-298.40,-425.16,14.060,0.00
58,16.0,-298.40,-411.92,13.240,0.00
58,17.0,-298.40,-398.41,13.520,0.00
58,18.0,-298.40,-385.49,12.920,0.00
58,19.0,-298.40,-372.50,12.990,0.00
58,20.0,-298.40,-358.43,14.070,0.00
58,21.0,-298.40,-345.07,13.360,0.00
58,22.0,-298.40,-331.43,13.640,0.00
58,23.0,-298.40,-318.27,13.160,0.00
58,24.0,-298.40,-307.55,10.710,0.00
58,25.0,-295.85,-302.31,6.210,31.06
58,26.0,-289.62,-301.60,6.350,87.04
58,27.0,-281.32,-301.60,8.300,90.00
58,28.0,-270.43,-301.60,10.890,90.00
58,29.0,-257.99,-301.60,12.440,90.00
58,30.0,-244.98,-301.60,13.020,90.00
58,31.0,-231.24,-301.60,13.740,90.00
58,32.0,-217.98,-301.60,13.250,90.00
58,33.0,-205.05,-301.60,12.930,90.00
58,34.0,-191.06,-301.60,13.990,90.00
58,35.0,-177.47,-301.60,13.590,90.00
58,36.0,-163.48,-301.60,13.990,90.00
58,37.0,-149.44,-301.60,14.040,90.00
58,38.0,-136.40,-301.60,13.050,90.00
58,39.0,-123.07,-301.60,13.320,90.00
58,40.0,-110.02,-301.60,13.050,90.00
58,41.0,-96.25,-301.60,13.770,90.00
58,42.0,-82.07,-301.60,14.180,90.00
58,43.0,-68.93,-301.60,13.140,90.00
58,44.0,-54.83,-301.60,14.110,90.00
58,45.0,-41.44,-301.60,13.380,90.00
58,46.0,-28.11,-301.60,13.340,90.00
58,47.0,-17.32,-301.60,10.790,90.00
58,48.0,-11.03,-301.60,6.290,90.00
58,49.0,-2.27,-301.60,8.750,90.00
58,50.0,8.63,-301.60,10.900,90.00
58,51.0,21.04,-301.60,12.410,90.00
58,52.0,34.54,-301.60,13.500,90.00
58,53.0,47.81,-301.60,13.270,90.00
58,54.0,61.22,-301.60,13.410,90.00
58,55.0,75.22,-301.60,14.010,90.00
58,56.0,88.72,-301.60,13.500,90.00
58,57.0,102.26,-301.60,13.540,90.00
58,58.0,115.95,-301.60,13.690,90.00
58,59.0,129.89,-301.60,13.940,90.00
58,60.0,143.97,-301.60,14.080,90.00
58,61.0,157.99,-301.60,14.020,90.00
58,62.0,171.53,-301.60,13.550,90.00
58,63.0,185.31,-301.60,13.780,90.00
58,64.0,198.47,-301.60,13.150,90.00
58,65.0,212.44,-301.60,13.980,90.00
58,66.0,226.37,-301.60,13.930,90.00
58,67.0,239.71,-301.60,13.340,90.00
58,68.0,253.59,-301.60,13.880,90.00
58,69.0,266.95,-301.60,13.360,90.00
58,70.0,279.11,-301.60,12.160,90.00
58,71.0,287.64,-301.60,8.530,90.00
58,72.0,291.67,-301.60,4.030,90.00
58,73.0,297.69,-301.60,6.020,90.00
58,74.0,305.40,-301.60,7.710,90.00
58,75.0,315.38,-301.60,9.980,90.00
58,76.0,327.30,-301.60,11.920,90.00
58,77.0,341.30,-301.60,14.000,90.00
58,78.0,355.43,-301.60,14.130,90.00
58,79.0,368.50,-301.60,13.070,90.00
58,80.0,381.89,-301.60,13.390,90.00
58,81.0,396.08,-301.60,14.190,90.00
58,82.0,409.08,-301.60,13.010,90.00
58,83.0,423.13,-301.60,14.040,90.00
58,84.0,436.23,-301.60,13.100,90.00
58,85.0,450.19,-301.60,13.970,90.00
58,86.0,463.48,-301.60,13.290,90.00
58,87.0,477.03,-301.60,13.550,90.00
58,88.0,490.98,-301.60,13.950,90.00
58,89.0,504.38,-301.60,13.400,90.00
58,90.0,517.54,-301.60,13.160,90.00
58,91.0,530.48,-301.60,12.930,90.00
58,92.0,543.93,-301.60,13.450,90.00
58,93.0,557.33,-301.60,13.400,90.00
58,94.0,570.54,-301.60,13.210,90.00
58,95.0,584.65,-301.60,14.110,90.00
59,0.0,301.60,-587.70,0.000,0.00
59,1.0,301.60,-586.11,1.590,0.00
59,2.0,301.60,-582.42,3.690,0.00
59,3.0,301.60,-577.17,5.250,0.00
59,4.0,301.60,-569.33,7.840,0.00
59,5.0,301.60,-560.02,9.310,0.00
59,6.0,301.60,-549.05,10.970,0.00
59,7.0,301.60,-535.94,13.110,0.00
59,8.0,301.60,-523.68,12.260,0.00
59,9.0,301.60,-510.45,13.230,0.00
59,10.0,301.60,-498.08,12.370,0.00
59,11.0,301.60,-485.69,12.390,0.00
59,12.0,301.60,-472.68,13.010,0.00
59,13.0,301.60,-459.90,12.780,0.00
59,14.0,301.60,-447.45,12.450,0.00
59,15.0,301.60,-434.99,12.460,0.00
59,16.0,301.60,-422.36,12.630,0.00
59,17.0,301.60,-409.49,12.870,0.00
59,18.0,301.60,-396.36,13.130,0.00
59,19.0,301.60,-383.25,13.110,0.00
59,20.0,301.60,-370.51,12.740,0.00
59,21.0,301.60,-358.15,12.360,0.00
59,22.0,301.60,-344.71,13.440,0.00
59,23.0,301.60,-332.49,12.220,0.00
59,24.0,301.60,-320.80,11.690,0.00
59,25.0,301.60,-312.86,7.950,0.00
59,26.0,301.60,-308.40,4.460,0.00
59,27.0,300.71,-305.96,2.740,349.29
59,28.0,298.84,-306.54,2.340,302.74
59,29.0,298.40,-309.51,3.090,207.15
59,30.0,298.40,-314.24,4.740,180.00
59,31.0,298.40,-321.16,6.910,180.00
59,32.0,298.40,-329.58,8.430,180.00
59,33.0,298.40,-339.37,9.790,180.00
59,34.0,298.40,-350.73,11.350,180.00
59,35.0,298.40,-363.43,12.700,180.00
59,36.0,298.40,-375.77,12.340,180.00
59,37.0,298.40,-388.81,13.030,180.00
59,38.0,298.40,-401.23,12.430,180.00
59,39.0,298.40,-413.96,12.730,180.00
59,40.0,298.40,-426.66,12.700,180.00
59,41.0,298.40,-439.47,12.810,180.00
59,42.0,298.40,-452.03,12.560,180.00
59,43.0,298.40,-464.72,12.690,180.00
59,44.0,298.40,-476.97,12.250,180.00
59,45.0,298.40,-489.90,12.930,180.00
59,46.0,298.40,-502.23,12.330,180.00
59,47.0,298.40,-514.58,12.350,180.00
59,48.0,298.40,-527.45,12.870,180.00
59,49.0,298.40,-540.86,13.410,180.00
59,50.0,298.40,-554.25,13.390,180.00
59,51.0,298.40,-566.51,12.260,180.00
59,52.0,298.40,-579.27,12.760,180.00
59,53.0,298.40,-588.83,9.570,180.00
59,54.0,298.24,-593.89,5.070,181.79
59,55.0,295.21,-598.06,5.500,218.94
59,56.0,289.56,-598.40,5.670,267.14
59,57.0,281.77,-598.40,7.790,270.00
59,58.0,271.93,-598.40,9.840,270.00
59,59.0,260.69,-598.40,11.240,270.00
59,60.0,247.76,-598.40,12.940,270.00
59,61.0,234.65,-598.40,13.100,270.00
59,62.0,221.94,-598.40,12.710,270.00
59,63.0,208.64,-598.40,13.300,270.00
59,64.0,195.40,-598.40,13.240,270.00
59,65.0,182.43,-598.40,12.970,270.00
59,66.0,169.38,-598.40,13.050,270.00
59,67.0,156.29,-598.40,13.090,270.00
59,68.0,143.88,-598.40,12.410,270.00
59,69.0,131.17,-598.40,12.700,270.00
59,70.0,118.87,-598.40,12.300,270.00
59,71.0,105.82,-598.40,13.050,270.00
59,72.0,93.10,-598.40,12.720,270.00
59,73.0,79.76,-598.40,13.340,270.00
59,74.0,66.50,-598.40,13.260,270.00
59,75.0,54.15,-598.40,12.350,270.00
59,76.0,41.46,-598.40,12.690,270.00
59,77.0,28.47,-598.40,12.990,270.00
59,78.0,17.90,-598.40,10.570,270.00
59,79.0,11.11,-598.40,6.800,270.00
59,80.0,2.12,-598.40,8.990,270.00
59,81.0,-8.39,-598.40,10.510,270.00
59,82.0,-21.17,-598.40,12.780,270.00
59,83.0,-34.28,-598.40,13.110,270.00
59,84.0,-46.81,-598.40,12.540,270.00
59,85.0,-59.86,-598.40,13.050,270.00
59,86.0,-72.23,-598.40,12.380,270.00
59,87.0,-85.16,-598.40,12.930,270.00
59,88.0,-97.51,-598.40,12.350,270.00
59,89.0,-110.76,-598.40,13.240,270.00
59,90.0,-123.07,-598.40,12.310,270.00
59,91.0,-135.53,-598.40,12.460,270.00
59,92.0,-148.94,-598.40,13.410,270.00
59,93.0,-162.37,-598.40,13.430,270.00
59,94.0,-175.04,-598.40,12.660,270.00
59,95.0,-188.22,-598.40,13.180,270.00
59,96.0,-200.74,-598.40,12.520,270.00
59,97.0,-213.14,-598.40,12.390,270.00
59,98.0,-225.67,-598.40,12.530,270.00
59,99.0,-238.37,-598.40,12.700,270.00
59,100.0,-250.89,-598.40,12.520,270.00
59,101.0,-264.11,-598.40,13.220,270.00
59,102.0,-277.19,-598.40,13.080,270.00
59,103.0,-286.35,-598.40,9.160,270.00
59,104.0,-291.02,-598.40,4.660,270.00
59,105.0,-297.66,-598.40,6.650,270.00
59,106.0,-305.90,-598.40,8.240,270.00
59,107.0,-315.88,-598.40,9.970,270.00
59,108.0,-328.37,-598.40,12.500,270.00
59,109.0,-341.55,-598.40,13.180,270.00
59,110.0,-353.87,-598.40,12.320,270.00
59,111.0,-366.95,-598.40,13.080,270.00
59,112.0,-380.30,-598.40,13.350,270.00
59,113.0,-393.74,-598.40,13.440,270.00
59,114.0,-407.05,-598.40,13.310,270.00
59,115.0,-419.97,-598.40,12.920,270.00
59,116.0,-432.78,-598.40,12.810,270.00
59,117.0,-445.48,-598.40,12.700,270.00
59,118.0,-457.82,-598.40,12.340,270.00
59,119.0,-470.54,-598.40,12.720,270.00
59,120.0,-483.49,-598.40,12.960,270.00
59,121.0,-496.57,-598.40,13.070,270.00
59,122.0,-509.28,-598.40,12.710,270.00
59,123.0,-522.62,-598.40,13.340,270.00
59,124.0,-534.96,-598.40,12.340,270.00
59,125.0,-547.83,-598.40,12.870,270.00
59,126.0,-560.95,-598.40,13.120,270.00
59,127.0,-573.47,-598.40,12.520,270.00
59,128.0,-584.28,-598.40,10.810,270.00
59,129.0,-590.58,-598.40,6.310,270.00
59,130.0,-593.81,-599.07,3.420,262.04
59,131.0,-593.32,-601.25,2.830,207.44
59,132.0,-591.14,-601.60,2.290,131.69
59,133.0,-586.43,-601.60,4.710,90.00
59,134.0,-579.36,-601.60,7.070,90.00
59,135.0,-570.79,-601.60,8.570,90.00
59,136.0,-560.45,-601.60,10.330,90.00
59,137.0,-548.66,-601.60,11.790,90.00
59,138.0,-536.14,-601.60,12.520,90.00
59,139.0,-523.39,-601.60,12.750,90.00
59,140.0,-510.86,-601.60,12.530,90.00
59,141.0,-498.06,-601.60,12.800,90.00
59,142.0,-485.07,-601.60,12.990,90.00
59,143.0,-472.77,-601.60,12.310,90.00
59,144.0,-460.04,-601.60,12.730,90.00
59,145.0,-446.77,-601.60,13.270,90.00
59,146.0,-433.90,-601.60,12.870,90.00
59,147.0,-421.63,-601.60,12.270,90.00
59,148.0,-408.42,-601.60,13.200,90.00
59,149.0,-396.14,-601.60,12.290,90.00
59,150.0,-383.39,-601.60,12.750,90.00
59,151.0,-369.97,-601.60,13.420,90.00
59,152.0,-357.60,-601.60,12.370,90.00
59,153.0,-345.06,-601.60,12.550,90.00
59,154.0,-332.76,-601.60,12.290,90.00
59,155.0,-319.30,-601.60,13.460,90.00
6,0.0,-887.70,-601.60,0.000,90.00
6,1.0,-885.71,-601.60,1.990,90.00
6,2.0,-881.87,-601.60,3.840,90.00
6,3.0,-875.47,-601.60,6.390,90.00
6,4.0,-867.67,-601.60,7.810,90.00
6,5.0,-858.21,-601.60,9.450,90.00
6,6.0,-846.59,-601.60,11.630,90.00
6,7.0,-832.78,-601.60,13.800,90.00
6,8.0,-818.92,-601.60,13.860,90.00
6,9.0,-804.74,-601.60,14.180,90.00
6,10.0,-791.09,-601.60,13.650,90.00
6,11.0,-777.32,-601.60,13.770,90.00
6,12.0,-763.27,-601.60,14.040,90.00
6,13.0,-749.93,-601.60,13.340,90.00
6,14.0,-735.85,-601.60,14.080,90.00
6,15.0,-721.45,-601.60,14.400,90.00
6,16.0,-707.17,-601.60,14.290,90.00
6,17.0,-693.91,-601.60,13.260,90.00
6,18.0,-680.05,-601.60,13.860,90.00
6,19.0,-665.92,-601.60,14.130,90.00
6,20.0,-651.66,-601.60,14.270,90.00
6,21.0,-637.84,-601.60,13.820,90.00
6,22.0,-623.58,-601.60,14.260,90.00
6,23.0,-613.83,-601.60,9.760,90.00
6,24.0,-608.57,-601.60,5.260,90.00
6,25.0,-601.80,-600.12,7.060,73.67
6,26.0,-598.50,-593.53,7.760,16.54
6,27.0,-598.40,-586.45,7.090,0.00
6,28.0,-598.40,-577.32,9.120,0.00
6,29.0,-598.40,-566.25,11.080,0.00
6,30.0,-598.40,-552.61,13.640,0.00
6,31.0,-598.40,-538.96,13.650,0.00
6,32.0,-598.40,-525.61,13.350,0.00
6,33.0,-598.40,-512.00,13.610,0.00
6,34.0,-598.40,-498.42,13.590,0.00
6,35.0,-598.40,-485.10,13.320,0.00
6,36.0,-598.40,-471.43,13.680,0.00
6,37.0,-598.40,-457.38,14.040,0.00
6,38.0,-598.40,-444.08,13.300,0.00
6,39.0,-598.40,-430.14,13.940,0.00
6,40.0,-598.40,-416.46,13.680,0.00
6,41.0,-598.40,-403.10,13.360,0.00
6,42.0,-598.40,-389.41,13.680,0.00
6,43.0,-598.40,-376.06,13.350,0.00
6,44.0,-598.40,-362.43,13.630,0.00
6,45.0,-598.40,-348.38,14.050,0.00
6,46.0,-598.40,-334.23,14.150,0.00
6,47.0,-598.40,-320.62,13.610,0.00
6,48.0,-598.40,-307.00,13.620,0.00
6,49.0,-598.40,-292.82,14.180,0.00
6,50.0,-598.40,-278.51,14.310,0.00
6,51.0,-598.40,-263.99,14.520,0.00
6,52.0,-598.40,-250.32,13.670,0.00
6,53.0,-598.40,-237.06,13.260,0.00
6,54.0,-598.40,-223.22,13.850,0.00
6,55.0,-598.40,-209.19,14.030,0.00
6,56.0,-598.40,-195.78,13.410,0.00
6,57.0,-598.40,-181.57,14.210,0.00
6,58.0,-598.40,-167.84,13.730,0.00
6,59.0,-598.40,-154.47,13.370,0.00
6,60.0,-598.40,-140.69,13.780,0.00
6,61.0,-598.40,-126.77,13.920,0.00
6,62.0,-598.40,-112.98,13.790,0.00
6,63.0,-598.40,-98.71,14.260,0.00
6,64.0,-598.40,-85.44,13.270,0.00
6,65.0,-598.40,-72.11,13.330,0.00
6,66.0,-598.40,-58.28,13.830,0.00
6,67.0,-598.40,-44.43,13.840,0.00
6,68.0,-598.40,-29.93,14.500,0.00
6,69.0,-598.40,-17.41,12.520,0.00
6,70.0,-598.40,-8.29,9.120,0.00
6,71.0,-596.64,-2.78,6.030,21.49
6,72.0,-591.29,-1.60,5.610,79.79
6,73.0,-583.82,-1.60,7.460,90.00
6,74.0,-574.78,-1.60,9.040,90.00
6,75.0,-563.95,-1.60,10.830,90.00
6,76.0,-550.73,-1.60,13.220,90.00
6,77.0,-537.10,-1.60,13.630,90.00
6,78.0,-523.40,-1.60,13.700,90.00
6,79.0,-509.92,-1.60,13.480,90.00
6,80.0,-496.13,-1.60,13.800,90.00
6,81.0,-481.82,-1.60,14.310,90.00
6,82.0,-467.77,-1.60,14.050,90.00
6,83.0,-453.81,-1.60,13.960,90.00
6,84.0,-440.21,-1.60,13.600,90.00
6,85.0,-425.69,-1.60,14.520,90.00
6,86.0,-411.97,-1.60,13.720,90.00
6,87.0,-397.79,-1.60,14.180,90.00
6,88.0,-383.60,-1.60,14.190,90.00
6,89.0,-369.64,-1.60,13.960,90.00
6,90.0,-355.65,-1.60,13.990,90.00
6,91.0,-341.85,-1.60,13.800,90.00
6,92.0,-328.54,-1.60,13.310,90.00
6,93.0,-314.47,-1.60,14.070,90.00
60,0.0,601.60,-587.70,0.000,0.00
60,1.0,601.60,-586.27,1.430,0.00
60,2.0,601.60,-582.55,3.730,0.00
60,3.0,601.60,-577.38,5.170,0.00
60,4.0,601.60,-570.20,7.180,0.00
60,5.0,601.60,-560.93,9.270,0.00
60,6.0,601.60,-549.08,11.850,0.00
60,7.0,601.60,-535.24,13.830,0.00
60,8.0,601.60,-520.29,14.950,0.00
60,9.0,601.60,-506.38,13.910,0.00
60,10.0,601.60,-492.22,14.160,0.00
60,11.0,601.60,-477.54,14.680,0.00
60,12.0,601.60,-462.72,14.810,0.00
60,13.0,601.60,-448.44,14.280,0.00
60,14.0,601.60,-434.16,14.280,0.00
60,15.0,601.60,-419.17,14.980,0.00
60,16.0,601.60,-405.00,14.180,0.00
60,17.0,601.60,-390.64,14.360,0.00
60,18.0,601.60,-376.15,14.490,0.00
60,19.0,601.60,-361.64,14.520,0.00
60,20.0,601.60,-347.71,13.930,0.00
60,21.0,601.60,-332.88,14.820,0.00
60,22.0,601.60,-318.83,14.050,0.00
60,23.0,601.60,-304.91,13.920,0.00
60,24.0,601.60,-290.00,14.910,0.00
60,25.0,601.60,-274.99,15.010,0.00
60,26.0,601.60,-261.05,13.940,0.00
60,27.0,601.60,-246.85,14.190,0.00
60,28.0,601.60,-232.27,14.590,0.00
60,29.0,601.60,-217.78,14.490,0.00
60,30.0,601.60,-203.86,13.920,0.00
60,31.0,601.60,-189.06,14.800,0.00
60,32.0,601.60,-174.17,14.890,0.00
60,33.0,601.60,-159.58,14.600,0.00
60,34.0,601.60,-144.94,14.640,0.00
60,35.0,601.60,-130.49,14.450,0.00
60,36.0,601.60,-116.30,14.190,0.00
60,37.0,601.60,-102.42,13.870,0.00
60,38.0,601.60,-88.20,14.220,0.00
60,39.0,601.60,-74.14,14.060,0.00
60,40.0,601.60,-59.49,14.660,0.00
60,41.0,601.60,-45.57,13.910,0.00
60,42.0,601.60,-31.83,13.750,0.00
60,43.0,601.60,-17.37,14.460,0.00
60,44.0,601.60,-3.00,14.360,0.00
60,45.0,601.60,10.91,13.910,0.00
60,46.0,601.60,25.72,14.810,0.00
60,47.0,601.60,40.51,14.790,0.00
60,48.0,601.60,55.37,14.860,0.00
60,49.0,601.60,70.37,15.000,0.00
60,50.0,601.60,84.92,14.550,0.00
60,51.0,601.60,99.33,14.400,0.00
60,52.0,601.60,114.07,14.740,0.00
60,53.0,601.60,128.96,14.890,0.00
60,54.0,601.60,143.34,14.380,0.00
60,55.0,601.60,157.90,14.570,0.00
60,56.0,601.60,172.39,14.490,0.00
60,57.0,601.60,186.49,14.100,0.00
60,58.0,601.60,201.14,14.650,0.00
60,59.0,601.60,215.21,14.070,0.00
60,60.0,601.60,229.82,14.620,0.00
60,61.0,601.60,244.26,14.440,0.00
60,62.0,601.60,258.59,14.330,0.00
60,63.0,601.60,272.71,14.120,0.00
60,64.0,601.60,286.90,14.180,0.00
60,65.0,601.60,300.90,14.010,0.00
60,66.0,601.60,315.25,14.340,0.00
60,67.0,601.60,330.22,14.970,0.00
60,68.0,601.60,344.73,14.520,0.00
60,69.0,601.60,358.59,13.850,0.00
60,70.0,601.60,372.40,13.810,0.00
60,71.0,601.60,387.18,14.780,0.00
60,72.0,601.60,401.12,13.940,0.00
60,73.0,601.60,415.42,14.300,0.00
60,74.0,601.60,429.93,14.510,0.00
60,75.0,601.60,444.72,14.790,0.00
60,76.0,601.60,459.61,14.880,0.00
60,77.0,601.60,474.56,14.960,0.00
60,78.0,601.60,488.63,14.070,0.00
60,79.0,601.60,503.34,14.710,0.00
60,80.0,601.60,517.64,14.300,0.00
60,81.0,601.60,532.29,14.640,0.00
60,82.0,601.60,546.48,14.190,0.00
60,83.0,601.60,561.28,14.800,0.00
60,84.0,601.60,576.06,14.780,0.00
60,85.0,601.60,586.61,10.550,0.00
60,86.0,601.54,593.20,6.600,359.34
60,87.0,601.14,596.04,2.870,354.67
60,88.0,601.08,596.44,0.410,354.01
60,89.0,599.96,598.47,2.340,342.17
60,90.0,596.30,601.10,4.640,307.37
60,91.0,589.22,601.60,7.120,272.30
60,92.0,579.70,601.60,9.520,270.00
60,93.0,568.51,601.60,11.180,270.00
60,94.0,554.88,601.60,13.630,270.00
60,95.0,540.86,601.60,14.020,270.00
60,96.0,526.85,601.60,14.010,270.00
60,97.0,512.42,601.60,14.430,270.00
60,98.0,497.61,601.60,14.810,270.00
60,99.0,483.86,601.60,13.750,270.00
60,100.0,470.23,601.60,13.620,270.00
60,101.0,455.62,601.60,14.620,270.00
60,102.0,441.89,601.60,13.730,270.00
60,103.0,427.51,601.60,14.370,270.00
60,104.0,414.77,601.60,12.740,270.00
60,105.0,400.70,601.60,14.070,270.00
60,106.0,386.98,601.60,13.730,270.00
60,107.0,373.62,601.60,13.360,270.00
60,108.0,359.80,601.60,13.820,270.00
60,109.0,345.39,601.60,14.410,270.00
60,110.0,331.36,601.60,14.030,270.00
60,111.0,321.83,601.60,9.530,270.00
60,112.0,316.80,601.60,5.030,270.00
60,113.0,310.35,601.60,6.450,270.00
60,114.0,303.60,601.60,6.760,270.00
60,115.0,294.50,601.60,9.090,270.00
60,116.0,283.57,601.60,10.930,270.00
60,117.0,270.35,601.60,13.220,270.00
60,118.0,255.71,601.60,14.640,270.00
60,119.0,241.31,601.60,14.400,270.00
60,120.0,226.36,601.60,14.950,270.00
60,121.0,211.47,601.60,14.890,270.00
60,122.0,197.14,601.60,14.330,270.00
60,123.0,182.78,601.60,14.370,270.00
60,124.0,168.98,601.60,13.800,270.00
60,125.0,154.44,601.60,14.540,270.00
60,126.0,139.60,601.60,14.830,270.00
60,127.0,124.99,601.60,14.620,270.00
60,128.0,111.09,601.60,13.890,270.00
60,129.0,96.98,601.60,14.110,270.00
60,130.0,82.80,601.60,14.170,270.00
60,131.0,68.51,601.60,14.300,270.00
60,132.0,53.70,601.60,14.810,270.00
60,133.0,39.66,601.60,14.040,270.00
60,134.0,25.83,601.60,13.840,270.00
60,135.0,16.00,601.60,9.830,270.00
60,136.0,9.93,601.60,6.070,270.00
60,137.0,1.31,601.60,8.620,270.00
60,138.0,-9.22,601.60,10.530,270.00
60,139.0,-21.62,601.60,12.400,270.00
60,140.0,-36.23,601.60,14.610,270.00
60,141.0,-51.06,601.60,14.830,270.00
60,142.0,-65.46,601.60,14.400,270.00
60,143.0,-79.25,601.60,13.790,270.00
60,144.0,-94.22,601.60,14.970,270.00
60,145.0,-108.51,601.60,14.290,270.00
60,146.0,-123.43,601.60,14.910,270.00
60,147.0,-137.46,601.60,14.030,270.00
60,148.0,-152.29,601.60,14.840,270.00
60,149.0,-166.56,601.60,14.270,270.00
60,150.0,-181.36,601.60,14.800,270.00
60,151.0,-195.66,601.60,14.300,270.00
60,152.0,-209.63,601.60,13.970,270.00
60,153.0,-223.41,601.60,13.780,270.00
60,154.0,-237.27,601.60,13.860,270.00
60,155.0,-252.25,601.60,14.990,270.00
60,156.0,-266.35,601.60,14.090,270.00
60,157.0,-280.14,601.60,13.790,270.00
61,0.0,587.70,-298.40,0.000,270.00
61,1.0,585.28,-298.40,2.420,270.00
61,2.0,580.62,-298.40,4.660,270.00
61,3.0,573.63,-298.40,6.990,270.00
61,4.0,564.08,-298.40,9.550,270.00
61,5.0,553.23,-298.40,10.850,270.00
61,6.0,540.82,-298.40,12.410,270.00
61,7.0,525.88,-298.40,14.930,270.00
61,8.0,511.30,-298.40,14.590,270.00
61,9.0,497.03,-298.40,14.260,270.00
61,10.0,482.66,-298.40,14.370,270.00
61,11.0,467.30,-298.40,15.370,270.00
61,12.0,451.97,-298.40,15.320,270.00
61,13.0,437.04,-298.40,14.940,270.00
61,14.0,422.78,-298.40,14.260,270.00
61,15.0,407.29,-298.40,15.490,270.00
61,16.0,392.93,-298.40,14.360,270.00
61,17.0,378.68,-298.40,14.250,270.00
61,18.0,364.25,-298.40,14.430,270.00
61,19.0,348.95,-298.40,15.300,270.00
61,20.0,334.08,-298.40,14.870,270.00
61,21.0,321.24,-298.40,12.840,270.00
61,22.0,312.58,-298.40,8.660,270.00
61,23.0,308.42,-298.40,4.160,270.00
61,24.0,302.70,-298.40,5.720,270.00
61,25.0,295.02,-298.40,7.680,270.00
61,26.0,284.91,-298.40,10.110,270.00
61,27.0,272.59,-298.40,12.320,270.00
61,28.0,258.64,-298.40,13.940,270.00
61,29.0,243.52,-298.40,15.130,270.00
61,30.0,229.12,-298.40,14.400,270.00
61,31.0,214.25,-298.40,14.860,270.00
61,32.0,198.86,-298.40,15.390,270.00
61,33.0,184.35,-298.40,14.510,270.00
61,34.0,169.32,-298.40,15.030,270.00
61,35.0,155.00,-298.40,14.320,270.00
61,36.0,139.70,-298.40,15.300,270.00
61,37.0,125.22,-298.40,14.490,270.00
61,38.0,109.67,-298.40,15.540,270.00
61,39.0,94.36,-298.40,15.310,270.00
61,40.0,79.47,-298.40,14.890,270.00
61,41.0,63.98,-298.40,15.490,270.00
61,42.0,48.64,-298.40,15.350,270.00
61,43.0,33.49,-298.40,15.150,270.00
61,44.0,20.42,-298.40,13.060,270.00
61,45.0,11.86,-298.40,8.560,270.00
61,46.0,7.80,-298.40,4.060,270.00
61,47.0,2.51,-296.19,6.060,296.91
61,48.0,1.60,-289.74,6.630,356.84
61,49.0,1.60,-281.55,8.190,0.00
61,50.0,1.60,-271.41,10.140,0.00
61,51.0,1.60,-259.26,12.150,0.00
61,52.0,1.60,-245.61,13.640,0.00
61,53.0,1.60,-230.74,14.870,0.00
61,54.0,1.60,-215.93,14.810,0.00
61,55.0,1.60,-200.93,15.010,0.00
61,56.0,1.60,-186.55,14.370,0.00
61,57.0,1.60,-171.42,15.130,0.00
61,58.0,1.60,-156.26,15.160,0.00
61,59.0,1.60,-140.96,15.300,0.00
61,60.0,1.60,-126.15,14.810,0.00
61,61.0,1.60,-111.67,14.480,0.00
61,62.0,1.60,-97.32,14.360,0.00
61,63.0,1.60,-82.11,15.210,0.00
61,64.0,1.60,-67.28,14.830,0.00
61,65.0,1.60,-52.71,14.570,0.00
61,66.0,1.60,-38.07,14.640,0.00
61,67.0,1.60,-22.69,15.380,0.00
61,68.0,1.60,-7.61,15.080,0.00
61,69.0,1.60,6.90,14.510,0.00
61,70.0,1.60,21.23,14.340,0.00
61,71.0,1.60,36.29,15.050,0.00
61,72.0,1.60,51.70,15.410,0.00
61,73.0,1.60,66.02,14.320,0.00
61,74.0,1.60,80.41,14.390,0.00
61,75.0,1.60,95.51,15.100,0.00
61,76.0,1.60,111.06,15.550,0.00
61,77.0,1.60,125.97,14.910,0.00
61,78.0,1.60,140.41,14.440,0.00
61,79.0,1.60,155.33,14.910,0.00
61,80.0,1.60,169.78,14.450,0.00
61,81.0,1.60,184.74,14.970,0.00
61,82.0,1.60,199.25,14.500,0.00
61,83.0,1.60,214.64,15.400,0.00
61,84.0,1.60,229.00,14.350,0.00
61,85.0,1.60,243.94,14.940,0.00
61,86.0,1.60,258.29,14.350,0.00
61,87.0,1.60,273.73,15.440,0.00
61,88.0,1.60,284.67,10.940,0.00
61,89.0,1.60,292.79,8.120,0.00
61,90.0,4.48,297.89,6.260,35.08
61,91.0,10.54,298.40,6.120,87.30
61,92.0,18.73,298.40,8.190,90.00
61,93.0,29.36,298.40,10.630,90.00
61,94.0,41.30,298.40,11.940,90.00
61,95.0,55.35,298.40,14.050,90.00
61,96.0,69.67,298.40,14.310,90.00
61,97.0,84.79,298.40,15.120,90.00
61,98.0,100.11,298.40,15.320,90.00
61,99.0,114.55,298.40,14.440,90.00
61,100.0,128.98,298.40,14.430,90.00
61,101.0,144.17,298.40,15.190,90.00
61,102.0,159.62,298.40,15.460,90.00
61,103.0,173.89,298.40,14.260,90.00
61,104.0,188.93,298.40,15.040,90.00
61,105.0,203.42,298.40,14.490,90.00
61,106.0,218.94,298.40,15.530,90.00
61,107.0,233.54,298.40,14.600,90.00
61,108.0,248.16,298.40,14.620,90.00
61,109.0,262.50,298.40,14.330,90.00
61,110.0,274.26,298.40,11.760,90.00
61,111.0,281.53,298.40,7.260,90.00
61,112.0,285.37,298.40,3.850,90.00
61,113.0,287.91,298.40,2.530,90.00
61,114.0,292.37,298.40,4.460,90.00
62,0.0,-898.40,-891.70,0.000,0.00
62,1.0,-898.40,-889.21,2.490,0.00
62,2.0,-898.40,-885.18,4.030,0.00
62,3.0,-898.40,-879.19,6.000,0.00
62,4.0,-898.40,-871.34,7.850,0.00
62,5.0,-898.40,-861.33,10.010,0.00
62,6.0,-898.40,-849.30,12.030,0.00
62,7.0,-898.40,-836.06,13.240,0.00
62,8.0,-898.40,-822.13,13.930,0.00
62,9.0,-898.40,-808.91,13.220,0.00
62,10.0,-898.40,-795.88,13.030,0.00
62,11.0,-898.40,-782.58,13.300,0.00
62,12.0,-898.40,-769.47,13.110,0.00
62,13.0,-898.40,-756.17,13.300,0.00
62,14.0,-898.40,-743.16,13.000,0.00
62,15.0,-898.40,-729.25,13.910,0.00
62,16.0,-898.40,-716.02,13.230,0.00
62,17.0,-898.40,-702.27,13.750,0.00
62,18.0,-898.40,-688.84,13.430,0.00
62,19.0,-898.40,-674.77,14.070,0.00
62,20.0,-898.40,-661.83,12.940,0.00
62,21.0,-898.40,-648.97,12.870,0.00
62,22.0,-898.40,-635.72,13.240,0.00
62,23.0,-898.40,-622.42,13.300,0.00
62,24.0,-898.40,-608.45,13.970,0.00
62,25.0,-898.40,-594.48,13.970,0.00
62,26.0,-898.40,-581.33,13.150,0.00
62,27.0,-898.40,-568.47,12.860,0.00
62,28.0,-898.40,-554.54,13.930,0.00
62,29.0,-898.40,-541.05,13.490,0.00
62,30.0,-898.40,-528.06,12.990,0.00
62,31.0,-898.40,-515.22,12.830,0.00
62,32.0,-898.40,-501.22,14.010,0.00
62,33.0,-898.40,-488.04,13.180,0.00
62,34.0,-898.40,-475.23,12.810,0.00
62,35.0,-898.40,-461.68,13.550,0.00
62,36.0,-898.40,-448.19,13.490,0.00
62,37.0,-898.40,-434.82,13.370,0.00
62,38.0,-898.40,-421.31,13.510,0.00
62,39.0,-898.40,-407.24,14.070,0.00
62,40.0,-898.40,-393.20,14.040,0.00
62,41.0,-898.40,-379.21,13.990,0.00
62,42.0,-898.40,-366.12,13.090,0.00
62,43.0,-898.40,-353.05,13.060,0.00
62,44.0,-898.40,-340.02,13.030,0.00
62,45.0,-898.40,-327.17,12.850,0.00
62,46.0,-898.40,-315.77,11.400,0.00
62,47.0,-898.40,-307.36,8.410,0.00
62,48.0,-895.95,-302.37,5.890,29.77
62,49.0,-889.86,-301.60,6.230,86.65
62,50.0,-882.17,-301.60,7.690,90.00
62,51.0,-873.17,-301.60,9.000,90.00
62,52.0,-862.13,-301.60,11.040,90.00
62,53.0,-849.38,-301.60,12.760,90.00
62,54.0,-835.29,-301.60,14.090,90.00
62,55.0,-822.47,-301.60,12.820,90.00
62,56.0,-808.37,-301.60,14.100,90.00
62,57.0,-795.12,-301.60,13.250,90.00
62,58.0,-781.50,-301.60,13.620,90.00
62,59.0,-767.62,-301.60,13.880,90.00
62,60.0,-754.38,-301.60,13.240,90.00
62,61.0,-741.08,-301.60,13.300,90.00
62,62.0,-727.05,-301.60,14.040,90.00
62,63.0,-713.47,-301.60,13.580,90.00
62,64.0,-699.97,-301.60,13.490,90.00
62,65.0,-686.40,-301.60,13.580,90.00
62,66.0,-672.35,-301.60,14.040,90.00
62,67.0,-658.68,-301.60,13.670,90.00
62,68.0,-644.71,-301.60,13.970,90.00
62,69.0,-631.38,-301.60,13.320,90.00
62,70.0,-618.95,-301.60,12.430,90.00
62,71.0,-611.01,-301.60,7.930,90.00
62,72.0,-601.25,-301.60,9.760,90.00
62,73.0,-590.03,-301.60,11.220,90.00
62,74.0,-576.50,-301.60,13.530,90.00
62,75.0,-563.16,-301.60,13.340,90.00
62,76.0,-550.01,-301.60,13.150,90.00
62,77.0,-536.02,-301.60,13.990,90.00
62,78.0,-523.20,-301.60,12.820,90.00
62,79.0,-509.77,-301.60,13.430,90.00
62,80.0,-496.30,-301.60,13.460,90.00
62,81.0,-482.48,-301.60,13.820,90.00
62,82.0,-468.91,-301.60,13.570,90.00
62,83.0,-454.96,-301.60,13.950,90.00
62,84.0,-441.50,-301.60,13.460,90.00
62,85.0,-427.76,-301.60,13.740,90.00
62,86.0,-414.14,-301.60,13.620,90.00
62,87.0,-400.20,-301.60,13.930,90.00
62,88.0,-386.73,-301.60,13.470,90.00
62,89.0,-373.21,-301.60,13.520,90.00
62,90.0,-359.71,-301.60,13.500,90.00
62,91.0,-346.46,-301.60,13.250,90.00
62,92.0,-333.36,-301.60,13.090,90.00
62,93.0,-320.48,-301.60,12.890,90.00
62,94.0,-312.08,-301.60,8.400,90.00
62,95.0,-308.12,-301.60,3.960,90.00
62,96.0,-307.65,-301.60,0.470,90.00
62,97.0,-306.69,-301.53,0.970,89.16
62,98.0,-304.17,-301.17,2.540,85.03
62,99.0,-300.48,-299.19,4.280,64.81
62,100.0,-298.44,-293.06,6.600,14.34
62,101.0,-298.40,-285.06,8.000,0.00
62,102.0,-298.40,-275.27,9.790,0.00
62,103.0,-298.40,-263.70,11.570,0.00
62,104.0,-298.40,-250.34,13.360,0.00
62,105.0,-298.40,-236.47,13.870,0.00
62,106.0,-298.40,-223.57,12.910,0.00
62,107.0,-298.40,-210.04,13.520,0.00
62,108.0,-298.40,-197.19,12.850,0.00
62,109.0,-298.40,-184.17,13.020,0.00
62,110.0,-298.40,-170.26,13.910,0.00
62,111.0,-298.40,-157.26,13.000,0.00
62,112.0,-298.40,-143.92,13.340,0.00
62,113.0,-298.40,-130.93,12.990,0.00
62,114.0,-298.40,-117.59,13.340,0.00
62,115.0,-298.40,-103.52,14.070,0.00
62,116.0,-298.40,-90.18,13.330,0.00
62,117.0,-298.40,-76.16,14.020,0.00
62,118.0,-298.40,-63.25,12.910,0.00
62,119.0,-298.40,-49.23,14.020,0.00
62,120.0,-298.40,-36.10,13.130,0.00
62,121.0,-298.40,-22.38,13.720,0.00
62,122.0,-298.40,-8.47,13.920,0.00
63,0.0,-898.40,-587.70,0.000,0.00
63,1.0,-898.40,-585.28,2.420,0.00
63,2.0,-898.40,-581.53,3.760,0.00
63,3.0,-898.40,-576.01,5.510,0.00
63,4.0,-898.40,-568.23,7.780,0.00
63,5.0,-898.40,-558.69,9.540,0.00
63,6.0,-898.40,-546.73,11.960,0.00
63,7.0,-898.40,-533.39,13.340,0.00
63,8.0,-898.40,-520.45,12.940,0.00
63,9.0,-898.40,-507.26,13.190,0.00
63,10.0,-898.40,-493.83,13.420,0.00
63,11.0,-898.40,-480.73,13.100,0.00
63,12.0,-898.40,-467.37,13.350,0.00
63,13.0,-898.40,-454.91,12.460,0.00
63,14.0,-898.40,-442.10,12.820,0.00
63,15.0,-898.40,-428.74,13.360,0.00
63,16.0,-898.40,-415.55,13.190,0.00
63,17.0,-898.40,-403.08,12.470,0.00
63,18.0,-898.40,-390.20,12.880,0.00
63,19.0,-898.40,-376.67,13.530,0.00
63,20.0,-898.40,-364.23,12.440,0.00
63,21.0,-898.40,-350.88,13.350,0.00
63,22.0,-898.40,-338.23,12.650,0.00
63,23.0,-898.40,-325.15,13.090,0.00
63,24.0,-898.40,-314.45,10.700,0.00
63,25.0,-898.40,-308.02,6.430,0.00
63,26.0,-896.48,-302.69,5.940,23.40
63,27.0,-890.31,-301.60,6.400,85.75
63,28.0,-881.65,-301.60,8.660,90.00
63,29.0,-871.17,-301.60,10.480,90.00
63,30.0,-858.24,-301.60,12.930,90.00
63,31.0,-845.03,-301.60,13.200,90.00
63,32.0,-831.84,-301.60,13.190,90.00
63,33.0,-819.14,-301.60,12.690,90.00
63,34.0,-806.21,-301.60,12.940,90.00
63,35.0,-793.73,-301.60,12.480,90.00
63,36.0,-780.25,-301.60,13.480,90.00
63,37.0,-766.55,-301.60,13.700,90.00
63,38.0,-753.28,-301.60,13.270,90.00
63,39.0,-740.21,-301.60,13.070,90.00
63,40.0,-727.52,-301.60,12.690,90.00
63,41.0,-714.93,-301.60,12.590,90.00
63,42.0,-702.44,-301.60,12.500,90.00
63,43.0,-689.60,-301.60,12.840,90.00
63,44.0,-676.79,-301.60,12.810,90.00
63,45.0,-663.92,-301.60,12.870,90.00
63,46.0,-651.14,-301.60,12.780,90.00
63,47.0,-637.45,-301.60,13.690,90.00
63,48.0,-625.04,-301.60,12.410,90.00
63,49.0,-614.97,-301.60,10.070,90.00
63,50.0,-609.40,-301.60,5.570,90.00
63,51.0,-601.83,-301.60,7.570,90.00
63,52.0,-592.25,-301.60,9.570,90.00
63,53.0,-580.80,-301.60,11.450,90.00
63,54.0,-567.29,-301.60,13.510,90.00
63,55.0,-553.63,-301.60,13.650,90.00
63,56.0,-540.37,-301.60,13.260,90.00
63,57.0,-526.88,-301.60,13.490,90.00
63,58.0,-513.50,-301.60,13.390,90.00
63,59.0,-500.79,-301.60,12.710,90.00
63,60.0,-487.29,-301.60,13.500,90.00
63,61.0,-474.68,-301.60,12.610,90.00
63,62.0,-461.00,-301.60,13.680,90.00
63,63.0,-448.44,-301.60,12.560,90.00
63,64.0,-435.75,-301.60,12.690,90.00
63,65.0,-422.38,-301.60,13.370,90.00
63,66.0,-409.47,-301.60,12.910,90.00
63,67.0,-396.68,-301.60,12.790,90.00
63,68.0,-383.24,-301.60,13.450,90.00
63,69.0,-369.69,-301.60,13.550,90.00
63,70.0,-357.19,-301.60,12.500,90.00
63,71.0,-344.60,-301.60,12.590,90.00
63,72.0,-330.99,-301.60,13.610,90.00
63,73.0,-319.53,-301.60,11.460,90.00
63,74.0,-311.90,-301.60,7.640,90.00
63,75.0,-308.54,-301.60,3.360,90.00
63,76.0,-302.99,-301.60,5.550,90.00
63,77.0,-295.27,-301.60,7.720,90.00
63,78.0,-285.69,-301.60,9.570,90.00
63,79.0,-274.62,-301.60,11.070,90.00
63,80.0,-261.46,-301.60,13.150,90.00
63,81.0,-247.87,-301.60,13.590,90.00
63,82.0,-234.66,-301.60,13.210,90.00
63,83.0,-221.42,-301.60,13.240,90.00
63,84.0,-208.16,-301.60,13.260,90.00
63,85.0,-195.02,-301.60,13.140,90.00
63,86.0,-181.48,-301.60,13.540,90.00
63,87.0,-168.98,-301.60,12.500,90.00
63,88.0,-156.35,-301.60,12.630,90.00
63,89.0,-142.90,-301.60,13.450,90.00
63,90.0,-130.49,-301.60,12.410,90.00
63,91.0,-116.86,-301.60,13.620,90.00
63,92.0,-103.30,-301.60,13.560,90.00
63,93.0,-90.80,-301.60,12.510,90.00
63,94.0,-77.75,-301.60,13.050,90.00
63,95.0,-64.76,-301.60,12.990,90.00
63,96.0,-51.64,-301.60,13.120,90.00
63,97.0,-38.12,-301.60,13.520,90.00
63,98.0,-24.79,-301.60,13.330,90.00
63,99.0,-14.83,-301.60,9.960,90.00
63,100.0,-9.13,-301.60,5.700,90.00
63,101.0,-0.87,-301.60,8.250,90.00
63,102.0,9.22,-301.60,10.090,90.00
63,103.0,20.90,-301.60,11.680,90.00
63,104.0,33.90,-301.60,13.000,90.00
63,105.0,47.53,-301.60,13.640,90.00
63,106.0,60.90,-301.60,13.370,90.00
63,107.0,73.96,-301.60,13.060,90.00
63,108.0,86.74,-301.60,12.790,90.00
63,109.0,100.09,-301.60,13.340,90.00
63,110.0,112.61,-301.60,12.520,90.00
63,111.0,125.47,-301.60,12.870,90.00
63,112.0,138.56,-301.60,13.090,90.00
63,113.0,151.43,-301.60,12.870,90.00
63,114.0,164.85,-301.60,13.420,90.00
63,115.0,178.26,-301.60,13.410,90.00
63,116.0,191.26,-301.60,13.010,90.00
63,117.0,203.82,-301.60,12.550,90.00
63,118.0,216.53,-301.60,12.710,90.00
63,119.0,230.06,-301.60,13.530,90.00
63,120.0,243.18,-301.60,13.120,90.00
63,121.0,256.77,-301.60,13.590,90.00
63,122.0,270.37,-301.60,13.600,90.00
63,123.0,282.24,-301.60,11.870,90.00
63,124.0,289.62,-301.60,7.370,90.00
63,125.0,299.50,-301.60,9.880,90.00
63,126.0,311.64,-301.60,12.140,90.00
63,127.0,324.39,-301.60,12.760,90.00
63,128.0,337.49,-301.60,13.100,90.00
63,129.0,350.04,-301.60,12.540,90.00
63,130.0,362.46,-301.60,12.430,90.00
63,131.0,376.14,-301.60,13.680,90.00
63,132.0,389.60,-301.60,13.460,90.00
63,133.0,402.18,-301.60,12.590,90.00
63,134.0,415.61,-301.60,13.420,90.00
63,135.0,428.49,-301.60,12.880,90.00
63,136.0,441.34,-301.60,12.860,90.00
63,137.0,455.00,-301.60,13.660,90.00
63,138.0,467.86,-301.60,12.860,90.00
63,139.0,481.52,-301.60,13.670,90.00
63,140.0,494.95,-301.60,13.420,90.00
63,141.0,508.04,-301.60,13.090,90.00
63,142.0,520.68,-301.60,12.650,90.00
63,143.0,533.90,-301.60,13.210,90.00
63,144.0,547.33,-301.60,13.430,90.00
63,145.0,560.74,-301.60,13.410,90.00
63,146.0,574.31,-301.60,13.570,90.00
63,147.0,584.10,-301.60,9.790,90.00
63,148.0,590.46,-301.60,6.360,90.00
63,149.0,592.32,-301.60,1.860,90.00
63,150.0,596.43,-301.60,4.110,90.00
63,151.0,602.37,-301.60,5.940,90.00
63,152.0,610.23,-301.60,7.860,90.00
63,153.0,620.45,-301.60,10.220,90.00
63,154.0,632.92,-301.60,12.470,90.00
63,155.0,645.60,-301.60,12.680,90.00
63,156.0,658.71,-301.60,13.110,90.00
63,157.0,671.17,-301.60,12.460,90.00
63,158.0,684.43,-301.60,13.260,90.00
63,159.0,698.02,-301.60,13.590,90.00
63,160.0,711.09,-301.60,13.070,90.00
63,161.0,724.71,-301.60,13.620,90.00
63,162.0,737.53,-301.60,12.820,90.00
63,163.0,749.95,-301.60,12.420,90.00
63,164.0,762.76,-301.60,12.810,90.00
63,165.0,775.45,-301.60,12.690,90.00
63,166.0,788.57,-301.60,13.120,90.00
63,167.0,802.27,-301.60,13.700,90.00
63,168.0,815.11,-301.60,12.850,90.00
63,169.0,827.67,-301.60,12.560,90.00
63,170.0,840.68,-301.60,13.010,90.00
63,171.0,854.12,-301.60,13.440,90.00
63,172.0,866.62,-301.60,12.490,90.00
63,173.0,879.50,-301.60,12.880,90.00
64,0.0,598.40,887.70,0.000,180.00
64,1.0,598.40,885.38,2.320,180.00
64,2.0,598.40,881.29,4.090,180.00
64,3.0,598.40,875.10,6.190,180.00
64,4.0,598.40,866.72,8.380,180.00
64,5.0,598.40,856.10,10.630,180.00
64,6.0,598.40,844.28,11.810,180.00
64,7.0,598.40,831.39,12.890,180.00
64,8.0,598.40,819.07,12.330,180.00
64,9.0,598.40,806.37,12.700,180.00
64,10.0,598.40,794.06,12.320,180.00
64,11.0,598.40,781.25,12.810,180.00
64,12.0,598.40,768.68,12.560,180.00
64,13.0,598.40,756.20,12.490,180.00
64,14.0,598.40,744.45,11.750,180.00
64,15.0,598.40,732.62,11.820,180.00
64,16.0,598.40,719.95,12.670,180.00
64,17.0,598.40,707.57,12.380,180.00
64,18.0,598.40,695.48,12.090,180.00
64,19.0,598.40,683.57,11.910,180.00
64,20.0,598.40,671.75,11.810,180.00
64,21.0,598.40,659.04,12.720,180.00
64,22.0,598.40,647.30,11.740,180.00
64,23.0,598.40,635.48,11.810,180.00
64,24.0,598.40,622.84,12.650,180.00
64,25.0,598.40,610.99,11.850,180.00
64,26.0,598.40,599.12,11.870,180.00
64,27.0,598.40,587.10,12.030,180.00
64,28.0,598.40,574.57,12.530,180.00
64,29.0,598.40,561.90,12.670,180.00
64,30.0,598.40,549.81,12.100,180.00
64,31.0,598.40,536.92,12.880,180.00
64,32.0,598.40,525.16,11.770,180.00
64,33.0,598.40,513.18,11.980,180.00
64,34.0,598.40,500.18,12.990,180.00
64,35.0,598.40,488.28,11.900,180.00
64,36.0,598.40,475.85,12.430,180.00
64,37.0,598.40,463.77,12.070,180.00
64,38.0,598.40,451.60,12.180,180.00
64,39.0,598.40,439.09,12.510,180.00
64,40.0,598.40,426.53,12.550,180.00
64,41.0,598.40,414.39,12.150,180.00
64,42.0,598.40,402.22,12.160,180.00
64,43.0,598.40,389.92,12.300,180.00
64,44.0,598.40,376.96,12.950,180.00
64,45.0,598.40,364.19,12.770,180.00
64,46.0,598.40,352.43,11.770,180.00
64,47.0,598.40,339.54,12.880,180.00
64,48.0,598.40,326.84,12.700,180.00
64,49.0,598.40,314.68,12.170,180.00
64,50.0,598.40,302.30,12.380,180.00
64,51.0,598.40,289.74,12.560,180.00
64,52.0,598.40,277.63,12.110,180.00
64,53.0,598.40,265.40,12.230,180.00
64,54.0,598.40,252.61,12.790,180.00
64,55.0,598.40,240.15,12.450,180.00
64,56.0,598.40,228.18,11.970,180.00
64,57.0,598.40,216.20,11.980,180.00
64,58.0,598.40,204.28,11.920,180.00
64,59.0,598.40,192.51,11.770,180.00
64,60.0,598.40,180.66,11.850,180.00
64,61.0,598.40,168.33,12.330,180.00
64,62.0,598.40,155.86,12.470,180.00
64,63.0,598.40,143.20,12.660,180.00
64,64.0,598.40,130.67,12.530,180.00
64,65.0,598.40,117.78,12.890,180.00
64,66.0,598.40,106.04,11.750,180.00
64,67.0,598.40,93.48,12.560,180.00
64,68.0,598.40,81.08,12.410,180.00
64,69.0,598.40,68.66,12.420,180.00
64,70.0,598.40,56.47,12.190,180.00
64,71.0,598.40,43.56,12.910,180.00
64,72.0,598.40,30.97,12.590,180.00
64,73.0,598.40,18.74,12.230,180.00
65,0.0,-287.70,-601.60,0.000,90.00
65,1.0,-285.50,-601.60,2.200,90.00
65,2.0,-281.04,-601.60,4.470,90.00
65,3.0,-274.92,-601.60,6.110,90.00
65,4.0,-266.78,-601.60,8.150,90.00
65,5.0,-257.12,-601.60,9.660,90.00
65,6.0,-245.91,-601.60,11.210,90.00
65,7.0,-234.00,-601.60,11.910,90.00
65,8.0,-222.85,-601.60,11.150,90.00
65,9.0,-211.14,-601.60,11.700,90.00
65,10.0,-199.27,-601.60,11.870,90.00
65,11.0,-188.16,-601.60,11.110,90.00
65,12.0,-176.25,-601.60,11.920,90.00
65,13.0,-164.40,-601.60,11.850,90.00
65,14.0,-153.25,-601.60,11.150,90.00
65,15.0,-142.26,-601.60,11.000,90.00
65,16.0,-130.58,-601.60,11.680,90.00
65,17.0,-118.53,-601.60,12.050,90.00
65,18.0,-106.79,-601.60,11.740,90.00
65,19.0,-95.72,-601.60,11.070,90.00
65,20.0,-84.02,-601.60,11.700,90.00
65,21.0,-71.81,-601.60,12.210,90.00
65,22.0,-59.63,-601.60,12.180,90.00
65,23.0,-48.67,-601.60,10.960,90.00
65,24.0,-37.38,-601.60,11.290,90.00
65,25.0,-25.37,-601.60,12.010,90.00
65,26.0,-15.03,-601.60,10.330,90.00
65,27.0,-9.20,-601.60,5.830,90.00
65,28.0,-7.12,-601.54,2.100,89.36
65,29.0,-5.90,-599.39,2.920,56.03
65,30.0,-8.72,-598.40,3.180,315.28
65,31.0,-14.23,-598.40,5.510,270.00
65,32.0,-21.20,-598.40,6.970,270.00
65,33.0,-30.45,-598.40,9.250,270.00
65,34.0,-41.33,-598.40,10.890,270.00
65,35.0,-52.66,-598.40,11.330,270.00
65,36.0,-63.84,-598.40,11.170,270.00
65,37.0,-74.89,-598.40,11.050,270.00
65,38.0,-87.09,-598.40,12.200,270.00
65,39.0,-98.59,-598.40,11.500,270.00
65,40.0,-110.08,-598.40,11.500,270.00
65,41.0,-121.81,-598.40,11.730,270.00
65,42.0,-132.77,-598.40,10.960,270.00
65,43.0,-144.21,-598.40,11.440,270.00
65,44.0,-156.41,-598.40,12.200,270.00
65,45.0,-167.73,-598.40,11.320,270.00
65,46.0,-179.25,-598.40,11.520,270.00
65,47.0,-191.20,-598.40,11.950,270.00
65,48.0,-202.16,-598.40,10.960,270.00
65,49.0,-213.84,-598.40,11.680,270.00
65,50.0,-224.84,-598.40,11.010,270.00
65,51.0,-236.46,-598.40,11.620,270.00
65,52.0,-247.66,-598.40,11.190,270.00
65,53.0,-259.23,-598.40,11.570,270.00
65,54.0,-270.82,-598.40,11.600,270.00
65,55.0,-281.61,-598.40,10.790,270.00
65,56.0,-289.25,-598.40,7.640,270.00
65,57.0,-299.25,-598.40,10.000,270.00
65,58.0,-311.30,-598.40,12.040,270.00
65,59.0,-322.47,-598.40,11.170,270.00
65,60.0,-334.43,-598.40,11.960,270.00
65,61.0,-345.78,-598.40,11.350,270.00
65,62.0,-357.52,-598.40,11.740,270.00
65,63.0,-368.72,-598.40,11.200,270.00
65,64.0,-380.19,-598.40,11.470,270.00
65,65.0,-391.20,-598.40,11.010,270.00
65,66.0,-402.91,-598.40,11.710,270.00
65,67.0,-413.93,-598.40,11.020,270.00
65,68.0,-426.12,-598.40,12.190,270.00
65,69.0,-437.09,-598.40,10.970,270.00
65,70.0,-449.00,-598.40,11.910,270.00
65,71.0,-460.15,-598.40,11.150,270.00
65,72.0,-472.31,-598.40,12.160,270.00
65,73.0,-483.68,-598.40,11.370,270.00
65,74.0,-495.83,-598.40,12.150,270.00
65,75.0,-507.02,-598.40,11.190,270.00
65,76.0,-518.15,-598.40,11.120,270.00
65,77.0,-529.94,-598.40,11.800,270.00
65,78.0,-541.10,-598.40,11.160,270.00
65,79.0,-553.05,-598.40,11.950,270.00
65,80.0,-564.84,-598.40,11.790,270.00
65,81.0,-576.86,-598.40,12.020,270.00
65,82.0,-586.51,-598.40,9.650,270.00
65,83.0,-591.66,-598.40,5.150,270.00
65,84.0,-592.68,-598.40,1.020,270.00
65,85.0,-592.69,-598.40,0.020,270.00
65,86.0,-592.70,-598.40,0.000,270.00
65,87.0,-592.70,-598.40,0.000,270.00
65,88.0,-595.14,-598.40,2.440,270.00
65,89.0,-598.96,-598.40,3.830,270.00
65,90.0,-604.57,-598.40,5.610,270.00
65,91.0,-608.73,-598.40,4.160,270.00
65,92.0,-613.78,-598.40,5.050,270.00
65,93.0,-621.09,-598.40,7.300,270.00
65,94.0,-630.84,-598.40,9.750,270.00
65,95.0,-641.91,-598.40,11.070,270.00
65,96.0,-653.47,-598.40,11.560,270.00
65,97.0,-664.85,-598.40,11.380,270.00
65,98.0,-676.75,-598.40,11.900,270.00
65,99.0,-688.82,-598.40,12.070,270.00
65,100.0,-700.38,-598.40,11.560,270.00
65,101.0,-711.76,-598.40,11.380,270.00
65,102.0,-723.54,-598.40,11.780,270.00
65,103.0,-735.57,-598.40,12.040,270.00
65,104.0,-747.68,-598.40,12.100,270.00
65,105.0,-759.91,-598.40,12.230,270.00
65,106.0,-771.65,-598.40,11.740,270.00
65,107.0,-782.96,-598.40,11.310,270.00
65,108.0,-794.92,-598.40,11.960,270.00
65,109.0,-806.83,-598.40,11.910,270.00
65,110.0,-818.83,-598.40,12.000,270.00
65,111.0,-830.80,-598.40,11.970,270.00
65,112.0,-841.90,-598.40,11.100,270.00
65,113.0,-853.07,-598.40,11.170,270.00
65,114.0,-864.19,-598.40,11.120,270.00
65,115.0,-875.31,-598.40,11.120,270.00
65,116.0,-883.93,-598.40,8.620,270.00
65,117.0,-890.13,-598.40,6.200,270.00
65,118.0,-895.63,-597.82,5.580,276.68
65,119.0,-898.21,-594.16,4.750,323.63
65,120.0,-898.40,-589.45,4.720,357.32
65,121.0,-898.40,-583.13,6.320,0.00
65,122.0,-898.40,-574.58,8.550,0.00
65,123.0,-898.40,-563.63,10.950,0.00
65,124.0,-898.40,-552.63,11.000,0.00
65,125.0,-898.40,-541.48,11.150,0.00
65,126.0,-898.40,-530.06,11.420,0.00
65,127.0,-898.40,-518.96,11.100,0.00
65,128.0,-898.40,-507.96,11.000,0.00
65,129.0,-898.40,-496.90,11.060,0.00
65,130.0,-898.40,-485.34,11.560,0.00
65,131.0,-898.40,-474.20,11.140,0.00
65,132.0,-898.40,-462.03,12.160,0.00
65,133.0,-898.40,-450.36,11.670,0.00
65,134.0,-898.40,-438.70,11.650,0.00
65,135.0,-898.40,-427.49,11.210,0.00
65,136.0,-898.40,-416.03,11.460,0.00
65,137.0,-898.40,-405.04,10.990,0.00
65,138.0,-898.40,-393.76,11.280,0.00
65,139.0,-898.40,-382.12,11.640,0.00
65,140.0,-898.40,-370.19,11.930,0.00
65,141.0,-898.40,-359.03,11.160,0.00
65,142.0,-898.40,-347.83,11.190,0.00
65,143.0,-898.40,-335.98,11.850,0.00
65,144.0,-898.40,-324.12,11.860,0.00
65,145.0,-898.40,-312.71,11.410,0.00
65,146.0,-898.40,-300.88,11.840,0.00
65,147.0,-898.40,-289.02,11.860,0.00
65,148.0,-898.40,-277.42,11.590,0.00
65,149.0,-898.40,-265.61,11.810,0.00
65,150.0,-898.40,-254.35,11.260,0.00
65,151.0,-898.40,-242.59,11.760,0.00
65,152.0,-898.40,-231.49,11.110,0.00
65,153.0,-898.40,-220.02,11.460,0.00
65,154.0,-898.40,-208.84,11.190,0.00
65,155.0,-898.40,-197.76,11.080,0.00
65,156.0,-898.40,-186.26,11.500,0.00
65,157.0,-898.40,-175.03,11.230,0.00
65,158.0,-898.40,-163.02,12.000,0.00
65,159.0,-898.40,-151.09,11.940,0.00
65,160.0,-898.40,-139.59,11.500,0.00
65,161.0,-898.40,-128.60,10.980,0.00
65,162.0,-898.40,-117.42,11.180,0.00
65,163.0,-898.40,-105.96,11.460,0.00
65,164.0,-898.40,-94.62,11.340,0.00
65,165.0,-898.40,-82.49,12.130,0.00
65,166.0,-898.40,-70.53,11.960,0.00
65,167.0,-898.40,-58.60,11.920,0.00
65,168.0,-898.40,-47.04,11.560,0.00
65,169.0,-898.40,-35.22,11.830,0.00
65,170.0,-898.40,-23.22,11.990,0.00
65,171.0,-898.40,-12.22,11.010,0.00
66,0.0,598.40,887.70,0.000,180.00
66,1.0,598.40,885.78,1.920,180.00
66,2.0,598.40,881.44,4.340,180.00
66,3.0,598.40,875.66,5.780,180.00
66,4.0,598.40,868.43,7.220,180.00
66,5.0,598.40,859.65,8.780,180.00
66,6.0,598.40,849.29,10.360,180.00
66,7.0,598.40,837.41,11.880,180.00
66,8.0,598.40,826.03,11.380,180.00
66,9.0,598.40,814.04,11.990,180.00
66,10.0,598.40,801.49,12.550,180.00
66,11.0,598.40,789.66,11.830,180.00
66,12.0,598.40,777.72,11.940,180.00
66,13.0,598.40,765.37,12.350,180.00
66,14.0,598.40,753.65,11.720,180.00
66,15.0,598.40,741.18,12.470,180.00
66,16.0,598.40,729.13,12.050,180.00
66,17.0,598.40,716.87,12.260,180.00
66,18.0,598.40,705.37,11.500,180.00
66,19.0,598.40,693.59,11.790,180.00
66,20.0,598.40,682.06,11.530,180.00
66,21.0,598.40,670.09,11.970,180.00
66,22.0,598.40,657.64,12.450,180.00
66,23.0,598.40,645.80,11.840,180.00
66,24.0,598.40,633.89,11.900,180.00
66,25.0,598.40,621.89,12.010,180.00
66,26.0,598.40,609.37,12.520,180.00
66,27.0,598.40,596.90,12.470,180.00
66,28.0,598.40,584.64,12.260,180.00
66,29.0,598.40,572.87,11.760,180.00
66,30.0,598.40,560.46,12.410,180.00
66,31.0,598.40,548.73,11.740,180.00
66,32.0,598.40,536.41,12.320,180.00
66,33.0,598.40,524.30,12.110,180.00
66,34.0,598.40,511.80,12.500,180.00
66,35.0,598.40,500.02,11.780,180.00
66,36.0,598.40,488.47,11.540,180.00
66,37.0,598.40,476.98,11.500,180.00
66,38.0,598.40,464.52,12.450,180.00
66,39.0,598.40,453.03,11.490,180.00
66,40.0,598.40,441.65,11.380,180.00
66,41.0,598.40,429.54,12.120,180.00
66,42.0,598.40,417.81,11.730,180.00
66,43.0,598.40,405.67,12.150,180.00
66,44.0,598.40,393.43,12.240,180.00
66,45.0,598.40,381.79,11.640,180.00
66,46.0,598.40,370.11,11.680,180.00
66,47.0,598.40,358.47,11.640,180.00
66,48.0,598.40,347.03,11.440,180.00
66,49.0,598.40,335.42,11.610,180.00
66,50.0,598.40,323.49,11.920,180.00
66,51.0,598.40,312.01,11.490,180.00
66,52.0,598.40,299.86,12.140,180.00
66,53.0,598.40,288.23,11.640,180.00
66,54.0,598.40,276.84,11.390,180.00
66,55.0,598.40,264.72,12.120,180.00
66,56.0,598.40,253.42,11.300,180.00
66,57.0,598.40,240.95,12.470,180.00
66,58.0,598.40,229.04,11.910,180.00
66,59.0,598.40,216.48,12.560,180.00
66,60.0,598.40,204.71,11.770,180.00
66,61.0,598.40,192.45,12.260,180.00
66,62.0,598.40,180.78,11.670,180.00
66,63.0,598.40,168.74,12.040,180.00
66,64.0,598.40,156.95,11.790,180.00
66,65.0,598.40,144.56,12.390,180.00
66,66.0,598.40,133.25,11.310,180.00
66,67.0,598.40,121.82,11.430,180.00
66,68.0,598.40,109.69,12.130,180.00
66,69.0,598.40,97.24,12.450,180.00
66,70.0,598.40,85.92,11.320,180.00
66,71.0,598.40,73.70,12.220,180.00
66,72.0,598.40,62.10,11.600,180.00
66,73.0,598.40,49.81,12.290,180.00
66,74.0,598.40,38.07,11.740,180.00
66,75.0,598.40,26.09,11.980,180.00
66,76.0,598.40,15.34,10.750,180.00
66,77.0,598.40,8.21,7.140,180.00
66,78.0,598.83,4.16,4.080,175.00
66,79.0,602.35,-0.45,6.070,137.64
66,80.0,609.14,-1.60,7.000,94.98
66,81.0,618.45,-1.60,9.310,90.00
66,82.0,630.27,-1.60,11.810,90.00
66,83.0,642.61,-1.60,12.340,90.00
66,84.0,655.04,-1.60,12.430,90.00
66,85.0,666.57,-1.60,11.530,90.00
66,86.0,678.68,-1.60,12.110,90.00
66,87.0,690.66,-1.60,11.980,90.00
66,88.0,702.74,-1.60,12.080,90.00
66,89.0,714.51,-1.60,11.770,90.00
66,90.0,726.02,-1.60,11.510,90.00
66,91.0,737.66,-1.60,11.640,90.00
66,92.0,749.36,-1.60,11.710,90.00
66,93.0,761.57,-1.60,12.210,90.00
66,94.0,774.11,-1.60,12.530,90.00
66,95.0,786.57,-1.60,12.460,90.00
66,96.0,798.30,-1.60,11.730,90.00
66,97.0,810.04,-1.60,11.740,90.00
66,98.0,821.90,-1.60,11.860,90.00
66,99.0,834.02,-1.60,12.130,90.00
66,100.0,845.83,-1.60,11.800,90.00
66,101.0,858.25,-1.60,12.430,90.00
66,102.0,870.05,-1.60,11.800,90.00
66,103.0,881.86,-1.60,11.800,90.00
66,104.0,889.16,-1.60,7.300,90.00
66,105.0,895.26,-1.25,6.130,85.95
66,106.0,900.19,1.92,6.140,51.62
66,107.0,901.60,8.11,6.470,7.53
66,108.0,901.60,16.45,8.330,0.00
66,109.0,901.60,26.84,10.390,0.00
66,110.0,901.60,38.64,11.800,0.00
66,111.0,901.60,50.49,11.850,0.00
66,112.0,901.60,62.77,12.280,0.00
66,113.0,901.60,74.12,11.350,0.00
66,114.0,901.60,86.22,12.100,0.00
66,115.0,901.60,98.52,12.300,0.00
66,116.0,901.60,111.07,12.550,0.00
66,117.0,901.60,123.12,12.050,0.00
66,118.0,901.60,135.10,11.990,0.00
66,119.0,901.60,147.68,12.580,0.00
66,120.0,901.60,160.07,12.400,0.00
66,121.0,901.60,171.57,11.490,0.00
66,122.0,901.60,183.71,12.150,0.00
66,123.0,901.60,196.09,12.370,0.00
66,124.0,901.60,207.86,11.770,0.00
66,125.0,901.60,219.45,11.590,0.00
66,126.0,901.60,231.22,11.770,0.00
66,127.0,901.60,243.40,12.180,0.00
66,128.0,901.60,255.21,11.810,0.00
66,129.0,901.60,267.68,12.480,0.00
66,130.0,901.60,279.23,11.540,0.00
66,131.0,901.60,291.61,12.380,0.00
67,0.0,-901.60,587.70,0.000,180.00
67,1.0,-901.60,586.35,1.350,180.00
67,2.0,-901.60,583.26,3.090,180.00
67,3.0,-901.60,577.94,5.330,180.00
67,4.0,-901.60,570.41,7.530,180.00
67,5.0,-901.60,560.48,9.920,180.00
67,6.0,-901.60,549.14,11.340,180.00
67,7.0,-901.60,537.49,11.650,180.00
67,8.0,-901.60,525.32,12.170,180.00
67,9.0,-901.60,513.41,11.910,180.00
67,10.0,-901.60,501.48,11.920,180.00
67,11.0,-901.60,489.27,12.220,180.00
67,12.0,-901.60,477.10,12.160,180.00
67,13.0,-901.60,464.97,12.130,180.00
67,14.0,-901.60,453.36,11.610,180.00
67,15.0,-901.60,441.51,11.850,180.00
67,16.0,-901.60,430.06,11.460,180.00
67,17.0,-901.60,417.37,12.680,180.00
67,18.0,-901.60,405.36,12.010,180.00
67,19.0,-901.60,392.76,12.600,180.00
67,20.0,-901.60,380.50,12.260,180.00
67,21.0,-901.60,368.08,12.420,180.00
67,22.0,-901.60,356.14,11.940,180.00
67,23.0,-901.60,344.10,12.030,180.00
67,24.0,-901.60,332.41,11.690,180.00
67,25.0,-901.60,320.51,11.900,180.00
67,26.0,-901.60,308.16,12.350,180.00
67,27.0,-901.60,296.18,11.980,180.00
67,28.0,-901.60,283.84,12.340,180.00
67,29.0,-901.60,271.84,12.000,180.00
67,30.0,-901.60,259.55,12.300,180.00
67,31.0,-901.60,248.07,11.480,180.00
67,32.0,-901.60,235.56,12.500,180.00
67,33.0,-901.60,223.15,12.410,180.00
67,34.0,-901.60,211.02,12.130,180.00
67,35.0,-901.60,198.32,12.700,180.00
67,36.0,-901.60,185.71,12.610,180.00
67,37.0,-901.60,173.41,12.300,180.00
67,38.0,-901.60,161.76,11.640,180.00
67,39.0,-901.60,150.23,11.530,180.00
67,40.0,-901.60,137.97,12.260,180.00
67,41.0,-901.60,125.70,12.260,180.00
67,42.0,-901.60,113.25,12.450,180.00
67,43.0,-901.60,101.75,11.500,180.00
67,44.0,-901.60,90.05,11.700,180.00
67,45.0,-901.60,77.60,12.440,180.00
67,46.0,-901.60,65.68,11.920,180.00
67,47.0,-901.60,53.96,11.720,180.00
67,48.0,-901.60,41.86,12.100,180.00
67,49.0,-901.60,29.72,12.140,180.00
67,50.0,-901.60,17.83,11.890,180.00
67,51.0,-901.60,5.80,12.040,180.00
67,52.0,-901.60,-5.63,11.420,180.00
67,53.0,-901.60,-17.33,11.710,180.00
67,54.0,-901.60,-29.82,12.490,180.00
67,55.0,-901.60,-42.50,12.670,180.00
67,56.0,-901.60,-54.38,11.880,180.00
67,57.0,-901.60,-66.36,11.990,180.00
67,58.0,-901.60,-77.96,11.600,180.00
67,59.0,-901.60,-90.13,12.170,180.00
67,60.0,-901.60,-102.25,12.120,180.00
67,61.0,-901.60,-114.60,12.340,180.00
67,62.0,-901.60,-126.34,11.750,180.00
67,63.0,-901.60,-138.09,11.740,180.00
67,64.0,-901.60,-150.69,12.600,180.00
67,65.0,-901.60,-162.84,12.150,180.00
67,66.0,-901.60,-174.39,11.540,180.00
67,67.0,-901.60,-186.28,11.890,180.00
67,68.0,-901.60,-198.49,12.210,180.00
67,69.0,-901.60,-210.56,12.070,180.00
67,70.0,-901.60,-223.23,12.670,180.00
67,71.0,-901.60,-234.94,11.720,180.00
67,72.0,-901.60,-246.71,11.770,180.00
67,73.0,-901.60,-258.48,11.770,180.00
67,74.0,-901.60,-270.19,11.700,180.00
67,75.0,-901.60,-282.22,12.040,180.00
67,76.0,-901.60,-291.35,9.130,180.00
67,77.0,-901.15,-295.94,4.630,174.83
67,78.0,-896.95,-300.87,6.780,132.94
67,79.0,-890.85,-301.60,6.190,94.96
67,80.0,-882.71,-301.60,8.140,90.00
67,81.0,-872.95,-301.60,9.750,90.00
67,82.0,-860.97,-301.60,11.980,90.00
67,83.0,-848.48,-301.60,12.490,90.00
67,84.0,-836.19,-301.60,12.300,90.00
67,85.0,-824.74,-301.60,11.450,90.00
67,86.0,-812.71,-301.60,12.030,90.00
67,87.0,-800.99,-301.60,11.720,90.00
67,88.0,-789.10,-301.60,11.880,90.00
67,89.0,-776.57,-301.60,12.540,90.00
67,90.0,-765.06,-301.60,11.510,90.00
67,91.0,-753.29,-301.60,11.770,90.00
67,92.0,-741.63,-301.60,11.660,90.00
67,93.0,-729.29,-301.60,12.340,90.00
67,94.0,-716.92,-301.60,12.370,90.00
67,95.0,-705.49,-301.60,11.440,90.00
67,96.0,-693.55,-301.60,11.940,90.00
67,97.0,-681.59,-301.60,11.960,90.00
67,98.0,-669.59,-301.60,12.000,90.00
67,99.0,-656.96,-301.60,12.630,90.00
67,100.0,-644.97,-301.60,11.990,90.00
67,101.0,-632.43,-301.60,12.530,90.00
67,102.0,-620.99,-301.60,11.440,90.00
67,103.0,-611.97,-301.60,9.020,90.00
67,104.0,-607.45,-301.60,4.520,90.00
67,105.0,-607.34,-301.60,0.110,90.00
67,106.0,-607.32,-301.60,0.020,90.00
67,107.0,-607.31,-301.60,0.010,90.00
67,108.0,-605.99,-301.60,1.320,90.00
67,109.0,-602.09,-301.60,3.910,90.00
67,110.0,-596.48,-301.60,5.610,90.00
67,111.0,-588.29,-301.60,8.190,90.00
67,112.0,-578.39,-301.60,9.900,90.00
67,113.0,-565.92,-301.60,12.470,90.00
67,114.0,-553.48,-301.60,12.440,90.00
67,115.0,-540.89,-301.60,12.590,90.00
67,116.0,-528.91,-301.60,11.980,90.00
67,117.0,-516.27,-301.60,12.640,90.00
67,118.0,-504.46,-301.60,11.810,90.00
67,119.0,-492.86,-301.60,11.600,90.00
67,120.0,-481.28,-301.60,11.580,90.00
67,121.0,-469.00,-301.60,12.280,90.00
67,122.0,-456.95,-301.60,12.050,90.00
67,123.0,-444.86,-301.60,12.090,90.00
67,124.0,-432.22,-301.60,12.640,90.00
67,125.0,-419.86,-301.60,12.360,90.00
67,126.0,-407.41,-301.60,12.450,90.00
67,127.0,-395.39,-301.60,12.020,90.00
67,128.0,-383.42,-301.60,11.980,90.00
67,129.0,-371.08,-301.60,12.340,90.00
67,130.0,-358.83,-301.60,12.250,90.00
67,131.0,-346.50,-301.60,12.330,90.00
67,132.0,-334.80,-301.60,11.700,90.00
67,133.0,-322.25,-301.60,12.560,90.00
67,134.0,-313.65,-301.60,8.600,90.00
67,135.0,-308.84,-301.60,4.810,90.00
67,136.0,-302.46,-301.60,6.380,90.00
67,137.0,-294.42,-301.60,8.040,90.00
67,138.0,-284.23,-301.60,10.190,90.00
67,139.0,-272.25,-301.60,11.970,90.00
67,140.0,-260.69,-301.60,11.570,90.00
67,141.0,-248.76,-301.60,11.930,90.00
67,142.0,-236.94,-301.60,11.820,90.00
67,143.0,-225.03,-301.60,11.910,90.00
67,144.0,-212.43,-301.60,12.600,90.00
67,145.0,-199.90,-301.60,12.520,90.00
67,146.0,-187.25,-301.60,12.650,90.00
67,147.0,-175.42,-301.60,11.830,90.00
67,148.0,-163.05,-301.60,12.370,90.00
67,149.0,-151.32,-301.60,11.720,90.00
67,150.0,-139.05,-301.60,12.280,90.00
67,151.0,-126.84,-301.60,12.210,90.00
67,152.0,-114.83,-301.60,12.010,90.00
67,153.0,-103.17,-301.60,11.670,90.00
67,154.0,-91.71,-301.60,11.460,90.00
67,155.0,-79.46,-301.60,12.250,90.00
67,156.0,-66.77,-301.60,12.690,90.00
67,157.0,-54.44,-301.60,12.340,90.00
67,158.0,-42.30,-301.60,12.130,90.00
67,159.0,-30.02,-301.60,12.280,90.00
67,160.0,-19.05,-301.60,10.970,90.00
67,161.0,-11.76,-301.60,7.290,90.00
67,162.0,-8.22,-301.60,3.540,90.00
67,163.0,-2.76,-301.60,5.460,90.00
67,164.0,4.89,-301.60,7.650,90.00
67,165.0,14.34,-301.60,9.450,90.00
67,166.0,25.27,-301.60,10.930,90.00
67,167.0,37.87,-301.60,12.600,90.00
67,168.0,50.30,-301.60,12.430,90.00
68,0.0,-901.60,287.70,0.000,180.00
68,1.0,-901.60,285.30,2.400,180.00
68,2.0,-901.60,280.46,4.840,180.00
68,3.0,-901.60,274.06,6.390,180.00
68,4.0,-901.60,265.66,8.410,180.00
68,5.0,-901.60,255.84,9.810,180.00
68,6.0,-901.60,244.16,11.680,180.00
68,7.0,-901.60,230.67,13.490,180.00
68,8.0,-901.60,216.74,13.930,180.00
68,9.0,-901.60,202.64,14.100,180.00
68,10.0,-901.60,188.25,14.390,180.00
68,11.0,-901.60,174.96,13.290,180.00
68,12.0,-901.60,160.66,14.300,180.00
68,13.0,-901.60,146.26,14.400,180.00
68,14.0,-901.60,132.96,13.290,180.00
68,15.0,-901.60,119.29,13.680,180.00
68,16.0,-901.60,105.18,14.100,180.00
68,17.0,-901.60,91.09,14.090,180.00
68,18.0,-901.60,76.70,14.390,180.00
68,19.0,-901.60,62.96,13.740,180.00
68,20.0,-901.60,48.85,14.110,180.00
68,21.0,-901.60,34.58,14.270,180.00
68,22.0,-901.60,20.99,13.590,180.00
68,23.0,-901.60,6.58,14.410,180.00
68,24.0,-901.60,-7.83,14.410,180.00
68,25.0,-901.60,-22.25,14.420,180.00
68,26.0,-901.60,-36.33,14.080,180.00
68,27.0,-901.60,-49.71,13.380,180.00
68,28.0,-901.60,-63.13,13.430,180.00
68,29.0,-901.60,-77.40,14.270,180.00
68,30.0,-901.60,-91.40,13.990,180.00
68,31.0,-901.60,-104.78,13.380,180.00
68,32.0,-901.60,-118.40,13.620,180.00
68,33.0,-901.60,-132.48,14.080,180.00
68,34.0,-901.60,-145.99,13.510,180.00
68,35.0,-901.60,-159.98,13.990,180.00
68,36.0,-901.60,-173.97,13.990,180.00
68,37.0,-901.60,-187.56,13.600,180.00
68,38.0,-901.60,-200.98,13.420,180.00
68,39.0,-901.60,-214.31,13.330,180.00
68,40.0,-901.60,-228.57,14.260,180.00
68,41.0,-901.60,-242.91,14.340,180.00
68,42.0,-901.60,-256.60,13.680,180.00
68,43.0,-901.60,-270.92,14.320,180.00
68,44.0,-901.60,-284.56,13.640,180.00
68,45.0,-901.60,-297.83,13.270,180.00
68,46.0,-901.60,-311.73,13.900,180.00
68,47.0,-901.60,-325.03,13.300,180.00
68,48.0,-901.60,-339.44,14.410,180.00
68,49.0,-901.60,-352.91,13.480,180.00
68,50.0,-901.60,-366.45,13.540,180.00
68,51.0,-901.60,-380.60,14.150,180.00
68,52.0,-901.60,-394.77,14.180,180.00
68,53.0,-901.60,-408.72,13.950,180.00
68,54.0,-901.60,-422.90,14.170,180.00
68,55.0,-901.60,-436.83,13.930,180.00
68,56.0,-901.60,-450.91,14.080,180.00
68,57.0,-901.60,-464.46,13.550,180.00
68,58.0,-901.60,-478.78,14.320,180.00
68,59.0,-901.60,-492.66,13.870,180.00
68,60.0,-901.60,-506.41,13.750,180.00
68,61.0,-901.60,-519.56,13.150,180.00
68,62.0,-901.60,-533.03,13.470,180.00
68,63.0,-901.60,-547.15,14.120,180.00
68,64.0,-901.60,-561.41,14.270,180.00
68,65.0,-901.60,-574.78,13.370,180.00
68,66.0,-901.60,-585.50,10.720,180.00
68,67.0,-901.60,-592.30,6.800,180.00
68,68.0,-901.11,-596.22,3.960,174.37
68,69.0,-897.50,-600.54,5.850,136.64
68,70.0,-890.19,-601.60,7.500,93.88
68,71.0,-881.19,-601.60,9.000,90.00
68,72.0,-870.59,-601.60,10.600,90.00
68,73.0,-858.57,-601.60,12.020,90.00
68,74.0,-845.14,-601.60,13.430,90.00
68,75.0,-831.08,-601.60,14.060,90.00
68,76.0,-816.97,-601.60,14.110,90.00
68,77.0,-803.41,-601.60,13.560,90.00
68,78.0,-789.12,-601.60,14.290,90.00
68,79.0,-775.55,-601.60,13.570,90.00
68,80.0,-761.84,-601.60,13.720,90.00
68,81.0,-748.45,-601.60,13.390,90.00
68,82.0,-734.88,-601.60,13.560,90.00
68,83.0,-720.78,-601.60,14.100,90.00
68,84.0,-706.97,-601.60,13.800,90.00
68,85.0,-692.77,-601.60,14.200,90.00
68,86.0,-678.95,-601.60,13.830,90.00
68,87.0,-665.41,-601.60,13.540,90.00
68,88.0,-651.20,-601.60,14.210,90.00
68,89.0,-637.18,-601.60,14.020,90.00
68,90.0,-623.75,-601.60,13.430,90.00
68,91.0,-614.45,-601.60,9.300,90.00
68,92.0,-609.65,-601.60,4.800,90.00
68,93.0,-603.36,-601.60,6.300,90.00
68,94.0,-595.29,-601.60,8.070,90.00
68,95.0,-584.79,-601.60,10.500,90.00
68,96.0,-572.57,-601.60,12.210,90.00
68,97.0,-558.87,-601.60,13.700,90.00
68,98.0,-545.29,-601.60,13.590,90.00
68,99.0,-532.11,-601.60,13.180,90.00
68,100.0,-518.85,-601.60,13.260,90.00
68,101.0,-504.96,-601.60,13.890,90.00
68,102.0,-490.67,-601.60,14.290,90.00
68,103.0,-477.23,-601.60,13.450,90.00
68,104.0,-463.68,-601.60,13.550,90.00
68,105.0,-449.34,-601.60,14.340,90.00
68,106.0,-435.64,-601.60,13.700,90.00
68,107.0,-422.08,-601.60,13.570,90.00
68,108.0,-408.91,-601.60,13.170,90.00
68,109.0,-394.95,-601.60,13.960,90.00
68,110.0,-380.97,-601.60,13.980,90.00
68,111.0,-366.78,-601.60,14.190,90.00
68,112.0,-352.45,-601.60,14.330,90.00
68,113.0,-338.83,-601.60,13.620,90.00
68,114.0,-324.67,-601.60,14.160,90.00
68,115.0,-315.01,-601.60,9.660,90.00
68,116.0,-308.95,-601.60,6.060,90.00
68,117.0,-301.06,-601.60,7.890,90.00
68,118.0,-291.34,-601.60,9.720,90.00
68,119.0,-279.23,-601.60,12.100,90.00
68,120.0,-265.82,-601.60,13.420,90.00
68,121.0,-252.27,-601.60,13.540,90.00
68,122.0,-237.91,-601.60,14.370,90.00
68,123.0,-223.53,-601.60,14.370,90.00
68,124.0,-210.22,-601.60,13.320,90.00
68,125.0,-196.00,-601.60,14.220,90.00
68,126.0,-182.00,-601.60,14.000,90.00
68,127.0,-168.37,-601.60,13.630,90.00
68,128.0,-154.83,-601.60,13.540,90.00
68,129.0,-140.76,-601.60,14.080,90.00
68,130.0,-126.88,-601.60,13.880,90.00
68,131.0,-113.73,-601.60,13.150,90.00
68,132.0,-100.26,-601.60,13.470,90.00
68,133.0,-86.58,-601.60,13.680,90.00
68,134.0,-72.36,-601.60,14.230,90.00
68,135.0,-58.61,-601.60,13.740,90.00
68,136.0,-44.96,-601.60,13.650,90.00
68,137.0,-31.22,-601.60,13.740,90.00
68,138.0,-19.87,-601.60,11.350,90.00
68,139.0,-12.07,-601.60,7.800,90.00
68,140.0,-7.97,-601.60,4.100,90.00
68,141.0,-2.42,-601.60,5.550,90.00
68,142.0,5.01,-601.60,7.430,90.00
68,143.0,14.06,-601.60,9.050,90.00
68,144.0,25.54,-601.60,11.480,90.00
68,145.0,38.58,-601.60,13.040,90.00
68,146.0,51.75,-601.60,13.170,90.00
68,147.0,65.69,-601.60,13.930,90.00
68,148.0,79.74,-601.60,14.050,90.00
68,149.0,93.32,-601.60,13.580,90.00
68,150.0,107.27,-601.60,13.950,90.00
68,151.0,121.16,-601.60,13.890,90.00
68,152.0,135.61,-601.60,14.440,90.00
68,153.0,149.75,-601.60,14.140,90.00
68,154.0,163.80,-601.60,14.050,90.00
68,155.0,177.97,-601.60,14.180,90.00
68,156.0,192.18,-601.60,14.210,90.00
68,157.0,206.36,-601.60,14.180,90.00
68,158.0,219.69,-601.60,13.320,90.00
68,159.0,233.38,-601.60,13.700,90.00
68,160.0,246.89,-601.60,13.510,90.00
68,161.0,261.25,-601.60,14.360,90.00
68,162.0,275.46,-601.60,14.210,90.00
68,163.0,285.18,-601.60,9.720,90.00
68,164.0,290.55,-601.60,5.360,90.00
68,165.0,298.01,-601.60,7.460,90.00
68,166.0,307.31,-601.60,9.300,90.00
68,167.0,318.19,-601.60,10.880,90.00
69,0.0,601.60,-587.70,0.000,0.00
69,1.0,601.60,-585.58,2.120,0.00
69,2.0,601.60,-581.17,4.400,0.00
69,3.0,601.60,-574.63,6.540,0.00
69,4.0,601.60,-566.72,7.910,0.00
69,5.0,601.60,-557.10,9.620,0.00
69,6.0,601.60,-545.40,11.700,0.00
69,7.0,601.60,-531.97,13.430,0.00
69,8.0,601.60,-518.69,13.280,0.00
69,9.0,601.60,-505.00,13.690,0.00
69,10.0,601.60,-491.54,13.460,0.00
69,11.0,601.60,-478.59,12.950,0.00
69,12.0,601.60,-464.60,13.990,0.00
69,13.0,601.60,-450.69,13.910,0.00
69,14.0,601.60,-437.62,13.070,0.00
69,15.0,601.60,-424.62,13.000,0.00
69,16.0,601.60,-410.43,14.190,0.00
69,17.0,601.60,-396.78,13.650,0.00
69,18.0,601.60,-383.15,13.630,0.00
69,19.0,601.60,-368.99,14.160,0.00
69,20.0,601.60,-355.92,13.070,0.00
69,21.0,601.60,-343.01,12.910,0.00
69,22.0,601.60,-329.60,13.400,0.00
69,23.0,601.60,-317.46,12.150,0.00
69,24.0,601.60,-309.81,7.650,0.00
69,25.0,600.98,-306.27,3.730,352.63
69,26.0,598.58,-306.93,3.220,287.09
69,27.0,598.40,-309.46,2.590,207.97
69,28.0,598.40,-313.93,4.460,180.00
69,29.0,598.40,-319.79,5.860,180.00
69,30.0,598.40,-327.05,7.260,180.00
69,31.0,598.40,-335.85,8.800,180.00
69,32.0,598.40,-346.87,11.030,180.00
69,33.0,598.40,-359.57,12.700,180.00
69,34.0,598.40,-373.59,14.020,180.00
69,35.0,598.40,-386.56,12.960,180.00
69,36.0,598.40,-400.46,13.910,180.00
69,37.0,598.40,-413.86,13.390,180.00
69,38.0,598.40,-426.97,13.110,180.00
69,39.0,598.40,-440.23,13.260,180.00
69,40.0,598.40,-453.24,13.010,180.00
69,41.0,598.40,-466.38,13.150,180.00
69,42.0,598.40,-480.01,13.630,180.00
69,43.0,598.40,-493.50,13.490,180.00
69,44.0,598.40,-507.13,13.630,180.00
69,45.0,598.40,-520.34,13.210,180.00
69,46.0,598.40,-533.31,12.970,180.00
69,47.0,598.40,-546.95,13.640,180.00
69,48.0,598.40,-560.50,13.550,180.00
69,49.0,598.40,-573.84,13.340,180.00
69,50.0,598.40,-587.13,13.290,180.00
69,51.0,598.40,-600.33,13.200,180.00
69,52.0,598.40,-613.79,13.460,180.00
69,53.0,598.40,-627.33,13.540,180.00
69,54.0,598.40,-640.90,13.580,180.00
69,55.0,598.40,-654.67,13.770,180.00
69,56.0,598.40,-667.89,13.220,180.00
69,57.0,598.40,-680.88,12.990,180.00
69,58.0,598.40,-694.16,13.290,180.00
69,59.0,598.40,-707.69,13.520,180.00
69,60.0,598.40,-720.61,12.930,180.00
69,61.0,598.40,-734.22,13.610,180.00
69,62.0,598.40,-747.27,13.050,180.00
69,63.0,598.40,-760.50,13.230,180.00
69,64.0,598.40,-774.28,13.770,180.00
69,65.0,598.40,-787.71,13.440,180.00
69,66.0,598.40,-801.69,13.980,180.00
69,67.0,598.40,-815.79,14.100,180.00
69,68.0,598.40,-829.70,13.910,180.00
69,69.0,598.40,-843.56,13.850,180.00
69,70.0,598.40,-856.68,13.130,180.00
69,71.0,598.40,-869.80,13.120,180.00
69,72.0,598.40,-881.71,11.900,180.00
69,73.0,598.40,-889.11,7.400,180.00
69,74.0,597.88,-895.54,6.500,186.04
69,75.0,592.43,-898.40,6.600,252.11
69,76.0,583.34,-898.40,9.090,270.00
69,77.0,572.68,-898.40,10.650,270.00
69,78.0,560.49,-898.40,12.190,270.00
69,79.0,547.30,-898.40,13.190,270.00
69,80.0,534.27,-898.40,13.030,270.00
69,81.0,521.20,-898.40,13.070,270.00
69,82.0,508.25,-898.40,12.950,270.00
69,83.0,494.85,-898.40,13.400,270.00
69,84.0,481.42,-898.40,13.430,270.00
69,85.0,468.48,-898.40,12.940,270.00
69,86.0,454.60,-898.40,13.890,270.00
69,87.0,440.67,-898.40,13.920,270.00
69,88.0,426.73,-898.40,13.950,270.00
69,89.0,413.08,-898.40,13.650,270.00
69,90.0,399.49,-898.40,13.590,270.00
69,91.0,385.44,-898.40,14.050,270.00
69,92.0,371.73,-898.40,13.720,270.00
69,93.0,358.31,-898.40,13.420,270.00
69,94.0,345.14,-898.40,13.170,270.00
69,95.0,331.55,-898.40,13.590,270.00
69,96.0,317.99,-898.40,13.560,270.00
69,97.0,304.02,-898.40,13.980,270.00
69,98.0,290.25,-898.40,13.760,270.00
69,99.0,276.84,-898.40,13.410,270.00
69,100.0,262.74,-898.40,14.100,270.00
69,101.0,248.66,-898.40,14.080,270.00
69,102.0,234.55,-898.40,14.110,270.00
69,103.0,220.38,-898.40,14.170,270.00
69,104.0,207.34,-898.40,13.040,270.00
69,105.0,194.08,-898.40,13.250,270.00
69,106.0,180.27,-898.40,13.820,270.00
69,107.0,166.91,-898.40,13.350,270.00
69,108.0,153.96,-898.40,12.950,270.00
69,109.0,140.81,-898.40,13.150,270.00
69,110.0,126.94,-898.40,13.870,270.00
69,111.0,113.07,-898.40,13.870,270.00
69,112.0,99.02,-898.40,14.050,270.00
69,113.0,84.84,-898.40,14.180,270.00
69,114.0,70.70,-898.40,14.140,270.00
69,115.0,56.53,-898.40,14.170,270.00
69,116.0,42.64,-898.40,13.890,270.00
69,117.0,28.72,-898.40,13.930,270.00
69,118.0,15.36,-898.40,13.360,270.00
69,119.0,1.38,-898.40,13.980,270.00
69,120.0,-11.76,-898.40,13.140,270.00
69,121.0,-25.23,-898.40,13.470,270.00
69,122.0,-38.67,-898.40,13.440,270.00
69,123.0,-52.25,-898.40,13.580,270.00
69,124.0,-65.68,-898.40,13.430,270.00
69,125.0,-79.14,-898.40,13.460,270.00
69,126.0,-92.55,-898.40,13.400,270.00
69,127.0,-106.04,-898.40,13.490,270.00
69,128.0,-119.77,-898.40,13.740,270.00
69,129.0,-132.69,-898.40,12.920,270.00
69,130.0,-146.03,-898.40,13.340,270.00
69,131.0,-160.12,-898.40,14.090,270.00
69,132.0,-173.78,-898.40,13.660,270.00
69,133.0,-187.85,-898.40,14.080,270.00
69,134.0,-201.23,-898.40,13.370,270.00
69,135.0,-215.35,-898.40,14.120,270.00
69,136.0,-228.91,-898.40,13.560,270.00
69,137.0,-242.88,-898.40,13.960,270.00
69,138.0,-256.41,-898.40,13.530,270.00
69,139.0,-269.77,-898.40,13.370,270.00
69,140.0,-282.74,-898.40,12.960,270.00
69,141.0,-296.90,-898.40,14.160,270.00
69,142.0,-310.55,-898.40,13.650,270.00
69,143.0,-324.22,-898.40,13.670,270.00
69,144.0,-338.01,-898.40,13.790,270.00
69,145.0,-351.52,-898.40,13.510,270.00
69,146.0,-364.81,-898.40,13.280,270.00
69,147.0,-378.69,-898.40,13.880,270.00
69,148.0,-392.08,-898.40,13.390,270.00
69,149.0,-405.95,-898.40,13.870,270.00
69,150.0,-419.16,-898.40,13.200,270.00
69,151.0,-433.14,-898.40,13.980,270.00
69,152.0,-447.28,-898.40,14.140,270.00
69,153.0,-461.40,-898.40,14.120,270.00
69,154.0,-474.66,-898.40,13.270,270.00
69,155.0,-488.56,-898.40,13.900,270.00
69,156.0,-501.73,-898.40,13.170,270.00
69,157.0,-514.65,-898.40,12.920,270.00
69,158.0,-528.11,-898.40,13.460,270.00
69,159.0,-542.13,-898.40,14.020,270.00
69,160.0,-555.89,-898.40,13.760,270.00
69,161.0,-569.31,-898.40,13.420,270.00
69,162.0,-581.81,-898.40,12.500,270.00
69,163.0,-589.80,-898.40,8.000,270.00
69,164.0,-593.22,-898.68,3.500,266.76
69,165.0,-593.38,-901.22,3.480,209.54
69,166.0,-590.36,-901.60,3.140,114.48
7,0.0,298.40,-12.30,0.000,180.00
7,1.0,298.40,-14.09,1.790,180.00
7,2.0,298.40,-17.85,3.760,180.00
7,3.0,298.40,-23.34,5.490,180.00
7,4.0,298.40,-30.71,7.380,180.00
7,5.0,298.40,-40.27,9.560,180.00
7,6.0,298.40,-52.28,12.010,180.00
7,7.0,298.40,-63.57,11.290,180.00
7,8.0,298.40,-75.86,12.290,180.00
7,9.0,298.40,-87.77,11.910,180.00
7,10.0,298.40,-98.83,11.060,180.00
7,11.0,298.40,-110.39,11.560,180.00
7,12.0,298.40,-122.37,11.980,180.00
7,13.0,298.40,-134.56,12.190,180.00
7,14.0,298.40,-146.45,11.890,180.00
7,15.0,298.40,-158.40,11.950,180.00
7,16.0,298.40,-170.07,11.680,180.00
7,17.0,298.40,-181.67,11.590,180.00
7,18.0,298.40,-192.72,11.050,180.00
7,19.0,298.40,-204.18,11.460,180.00
7,20.0,298.40,-215.48,11.300,180.00
7,21.0,298.40,-226.67,11.190,180.00
7,22.0,298.40,-238.71,12.040,180.00
7,23.0,298.40,-250.70,11.990,180.00
7,24.0,298.40,-262.18,11.480,180.00
7,25.0,298.40,-273.47,11.290,180.00
7,26.0,298.40,-285.31,11.840,180.00
7,27.0,298.40,-292.65,7.340,180.00
7,28.0,296.14,-297.52,5.670,207.53
7,29.0,291.48,-298.40,4.830,258.61
7,30.0,284.28,-298.40,7.200,270.00
7,31.0,274.50,-298.40,9.780,270.00
7,32.0,262.36,-298.40,12.140,270.00
7,33.0,250.20,-298.40,12.170,270.00
7,34.0,239.10,-298.40,11.100,270.00
7,35.0,227.04,-298.40,12.050,270.00
7,36.0,214.82,-298.40,12.230,270.00
7,37.0,203.06,-298.40,11.760,270.00
7,38.0,191.04,-298.40,12.020,270.00
7,39.0,178.87,-298.40,12.180,270.00
7,40.0,166.87,-298.40,12.000,270.00
7,41.0,155.53,-298.40,11.340,270.00
7,42.0,143.34,-298.40,12.190,270.00
7,43.0,131.35,-298.40,11.990,270.00
7,44.0,119.33,-298.40,12.020,270.00
7,45.0,107.94,-298.40,11.390,270.00
7,46.0,96.50,-298.40,11.440,270.00
7,47.0,84.38,-298.40,12.120,270.00
7,48.0,72.69,-298.40,11.690,270.00
7,49.0,60.80,-298.40,11.900,270.00
7,50.0,48.91,-298.40,11.890,270.00
7,51.0,37.73,-298.40,11.180,270.00
7,52.0,25.85,-298.40,11.870,270.00
7,53.0,16.04,-298.40,9.820,270.00
7,54.0,9.77,-298.40,6.270,270.00
7,55.0,4.45,-297.87,5.390,276.12
7,56.0,1.82,-294.33,4.660,321.76
7,57.0,1.60,-289.16,5.190,357.79
7,58.0,1.60,-281.70,7.460,0.00
7,59.0,1.60,-272.72,8.980,0.00
7,60.0,1.60,-262.38,10.350,0.00
7,61.0,1.60,-251.15,11.230,0.00
7,62.0,1.60,-239.48,11.670,0.00
7,63.0,1.60,-227.53,11.940,0.00
7,64.0,1.60,-216.27,11.260,0.00
7,65.0,1.60,-205.04,11.230,0.00
7,66.0,1.60,-193.20,11.840,0.00
7,67.0,1.60,-181.85,11.340,0.00
7,68.0,1.60,-169.81,12.040,0.00
7,69.0,1.60,-158.29,11.520,0.00
7,70.0,1.60,-147.16,11.130,0.00
7,71.0,1.60,-134.96,12.200,0.00
7,72.0,1.60,-123.89,11.070,0.00
7,73.0,1.60,-112.18,11.710,0.00
7,74.0,1.60,-100.38,11.800,0.00
7,75.0,1.60,-88.54,11.840,0.00
7,76.0,1.60,-76.55,11.990,0.00
7,77.0,1.60,-64.37,12.180,0.00
7,78.0,1.60,-53.09,11.280,0.00
7,79.0,1.60,-41.05,12.040,0.00
7,80.0,1.60,-29.52,11.530,0.00
7,81.0,1.60,-18.25,11.270,0.00
7,82.0,1.60,-6.19,12.060,0.00
7,83.0,1.60,5.99,12.180,0.00
7,84.0,1.60,17.79,11.800,0.00
7,85.0,1.60,29.39,11.600,0.00
7,86.0,1.60,41.30,11.910,0.00
7,87.0,1.60,52.37,11.060,0.00
7,88.0,1.60,63.78,11.420,0.00
7,89.0,1.60,75.92,12.140,0.00
7,90.0,1.60,87.69,11.770,0.00
7,91.0,1.60,99.66,11.960,0.00
7,92.0,1.60,111.74,12.090,0.00
7,93.0,1.60,123.74,11.990,0.00
7,94.0,1.60,135.93,12.190,0.00
7,95.0,1.60,147.30,11.380,0.00
7,96.0,1.60,158.39,11.090,0.00
7,97.0,1.60,170.30,11.910,0.00
7,98.0,1.60,181.85,11.550,0.00
7,99.0,1.60,192.92,11.070,0.00
7,100.0,1.60,204.39,11.470,0.00
7,101.0,1.60,216.66,12.270,0.00
7,102.0,1.60,228.26,11.600,0.00
7,103.0,1.60,240.48,12.220,0.00
7,104.0,1.60,251.49,11.020,0.00
7,105.0,1.60,263.36,11.870,0.00
7,106.0,1.60,275.43,12.070,0.00
7,107.0,1.60,286.80,11.370,0.00
7,108.0,1.60,298.83,12.030,0.00
7,109.0,1.60,310.38,11.550,0.00
7,110.0,1.60,322.65,12.280,0.00
7,111.0,1.60,334.63,11.980,0.00
7,112.0,1.60,346.15,11.520,0.00
7,113.0,1.60,357.35,11.200,0.00
7,114.0,1.60,368.91,11.560,0.00
7,115.0,1.60,379.98,11.070,0.00
7,116.0,1.60,391.45,11.470,0.00
7,117.0,1.60,402.83,11.380,0.00
7,118.0,1.60,414.43,11.590,0.00
7,119.0,1.60,425.75,11.320,0.00
7,120.0,1.60,437.94,12.190,0.00
7,121.0,1.60,449.40,11.460,0.00
7,122.0,1.60,460.48,11.080,0.00
7,123.0,1.60,472.73,12.250,0.00
7,124.0,1.60,484.14,11.400,0.00
7,125.0,1.60,496.11,11.980,0.00
7,126.0,1.60,508.22,12.110,0.00
7,127.0,1.60,519.31,11.090,0.00
7,128.0,1.60,530.37,11.070,0.00
7,129.0,1.60,542.02,11.650,0.00
7,130.0,1.60,554.15,12.130,0.00
7,131.0,1.60,565.52,11.370,0.00
7,132.0,1.60,577.46,11.940,0.00
7,133.0,1.60,586.36,8.900,0.00
7,134.0,1.60,591.70,5.340,0.00
7,135.0,0.71,594.04,2.640,349.29
7,136.0,-1.45,593.03,2.850,285.45
7,137.0,-1.60,590.38,2.700,204.92
7,138.0,-1.60,585.74,4.640,180.00
7,139.0,-1.60,579.71,6.030,180.00
7,140.0,-1.60,572.14,7.580,180.00
7,141.0,-1.60,562.20,9.940,180.00
7,142.0,-1.60,550.48,11.720,180.00
7,143.0,-1.60,539.04,11.440,180.00
7,144.0,-1.60,526.84,12.190,180.00
7,145.0,-1.60,515.70,11.150,180.00
7,146.0,-1.60,504.27,11.430,180.00
7,147.0,-1.60,492.01,12.260,180.00
7,148.0,-1.60,480.60,11.410,180.00
7,149.0,-1.60,468.33,12.270,180.00
7,150.0,-1.60,457.05,11.280,180.00
7,151.0,-1.60,445.82,11.240,180.00
7,152.0,-1.60,434.23,11.590,180.00
7,153.0,-1.60,422.02,12.210,180.00
7,154.0,-1.60,410.72,11.300,180.00
7,155.0,-1.60,399.62,11.100,180.00
7,156.0,-1.60,388.02,11.600,180.00
7,157.0,-1.60,376.68,11.340,180.00
7,158.0,-1.60,365.08,11.610,180.00
7,159.0,-1.60,353.38,11.700,180.00
7,160.0,-1.60,341.21,12.170,180.00
7,161.0,-1.60,329.21,12.000,180.00
7,162.0,-1.60,316.94,12.270,180.00
70,0.0,-1.60,-312.30,0.000,180.00
70,1.0,-1.60,-313.87,1.570,180.00
70,2.0,-1.60,-316.93,3.060,180.00
70,3.0,-1.60,-321.64,4.710,180.00
70,4.0,-1.60,-328.37,6.730,180.00
70,5.0,-1.60,-337.20,8.830,180.00
70,6.0,-1.60,-347.73,10.530,180.00
70,7.0,-1.60,-360.59,12.870,180.00
70,8.0,-1.60,-374.00,13.400,180.00
70,9.0,-1.60,-388.17,14.170,180.00
70,10.0,-1.60,-401.48,13.310,180.00
70,11.0,-1.60,-415.42,13.940,180.00
70,12.0,-1.60,-428.41,12.980,180.00
70,13.0,-1.60,-441.57,13.160,180.00
70,14.0,-1.60,-455.15,13.580,180.00
70,15.0,-1.60,-468.79,13.640,180.00
70,16.0,-1.60,-481.83,13.040,180.00
70,17.0,-1.60,-494.74,12.910,180.00
70,18.0,-1.60,-508.70,13.960,180.00
70,19.0,-1.60,-522.76,14.060,180.00
70,20.0,-1.60,-536.43,13.670,180.00
70,21.0,-1.60,-549.86,13.430,180.00
70,22.0,-1.60,-562.86,13.000,180.00
70,23.0,-1.60,-576.51,13.650,180.00
70,24.0,-1.60,-586.06,9.550,180.00
70,25.0,-1.60,-592.02,5.970,180.00
70,26.0,0.10,-594.35,3.220,157.56
70,27.0,1.60,-591.79,3.240,60.68
70,28.0,1.60,-587.03,4.760,0.00
70,29.0,1.60,-580.19,6.840,0.00
70,30.0,1.60,-571.67,8.520,0.00
70,31.0,1.60,-560.90,10.770,0.00
70,32.0,1.60,-547.61,13.290,0.00
70,33.0,1.60,-534.64,12.970,0.00
70,34.0,1.60,-520.97,13.670,0.00
70,35.0,1.60,-506.88,14.090,0.00
70,36.0,1.60,-493.62,13.250,0.00
70,37.0,1.60,-479.45,14.170,0.00
70,38.0,1.60,-465.87,13.590,0.00
70,39.0,1.60,-451.73,14.140,0.00
70,40.0,1.60,-437.61,14.120,0.00
70,41.0,1.60,-423.70,13.910,0.00
70,42.0,1.60,-409.69,14.010,0.00
70,43.0,1.60,-396.38,13.310,0.00
70,44.0,1.60,-382.41,13.970,0.00
70,45.0,1.60,-368.80,13.610,0.00
70,46.0,1.60,-355.30,13.510,0.00
70,47.0,1.60,-341.43,13.860,0.00
70,48.0,1.60,-327.72,13.710,0.00
70,49.0,1.60,-313.58,14.140,0.00
70,50.0,1.60,-299.38,14.200,0.00
70,51.0,1.60,-285.35,14.030,0.00
70,52.0,1.60,-271.25,14.100,0.00
70,53.0,1.60,-258.24,13.010,0.00
70,54.0,1.60,-245.08,13.170,0.00
70,55.0,1.60,-231.03,14.050,0.00
70,56.0,1.60,-217.84,13.180,0.00
70,57.0,1.60,-204.33,13.510,0.00
70,58.0,1.60,-190.86,13.470,0.00
70,59.0,1.60,-177.91,12.950,0.00
70,60.0,1.60,-164.55,13.370,0.00
70,61.0,1.60,-151.62,12.930,0.00
70,62.0,1.60,-138.54,13.080,0.00
70,63.0,1.60,-124.94,13.600,0.00
70,64.0,1.60,-111.04,13.900,0.00
70,65.0,1.60,-97.16,13.880,0.00
70,66.0,1.60,-83.02,14.150,0.00
70,67.0,1.60,-69.27,13.750,0.00
70,68.0,1.60,-55.15,14.120,0.00
70,69.0,1.60,-41.38,13.770,0.00
70,70.0,1.60,-28.28,13.100,0.00
70,71.0,1.60,-14.52,13.750,0.00
70,72.0,1.60,-3.00,11.520,0.00
70,73.0,1.60,6.73,9.730,0.00
70,74.0,1.60,17.18,10.450,0.00
70,75.0,1.60,29.93,12.740,0.00
70,76.0,1.60,41.60,11.680,0.00
70,77.0,1.60,53.65,12.040,0.00
70,78.0,1.60,65.16,11.520,0.00
70,79.0,1.60,76.36,11.200,0.00
70,80.0,1.60,86.81,10.450,0.00
70,81.0,1.60,96.68,9.870,0.00
70,82.0,1.60,108.64,11.960,0.00
70,83.0,1.60,120.24,11.600,0.00
70,84.0,1.60,131.19,10.950,0.00
70,85.0,1.60,141.12,9.930,0.00
70,86.0,1.60,152.31,11.190,0.00
70,87.0,1.60,162.91,10.600,0.00
70,88.0,1.60,173.26,10.350,0.00
70,89.0,1.60,184.43,11.170,0.00
70,90.0,1.60,195.14,10.700,0.00
70,91.0,1.60,206.54,11.410,0.00
70,92.0,1.60,217.11,10.560,0.00
70,93.0,1.60,227.70,10.590,0.00
70,94.0,1.60,239.61,11.910,0.00
70,95.0,1.60,250.69,11.080,0.00
70,96.0,1.60,262.16,11.470,0.00
70,97.0,1.60,272.69,10.540,0.00
70,98.0,1.60,283.29,10.590,0.00
70,99.0,1.60,295.86,12.570,0.00
70,100.0,1.60,309.11,13.250,0.00
70,101.0,1.60,322.18,13.070,0.00
70,102.0,1.60,336.20,14.020,0.00
70,103.0,1.60,349.46,13.260,0.00
70,104.0,1.60,363.61,14.140,0.00
70,105.0,1.60,377.31,13.710,0.00
70,106.0,1.60,390.46,13.150,0.00
70,107.0,1.60,404.54,14.080,0.00
70,108.0,1.60,418.61,14.070,0.00
70,109.0,1.60,432.17,13.570,0.00
70,110.0,1.60,445.47,13.290,0.00
70,111.0,1.60,458.72,13.250,0.00
70,112.0,1.60,472.86,14.150,0.00
70,113.0,1.60,485.91,13.040,0.00
70,114.0,1.60,498.91,13.000,0.00
70,115.0,1.60,512.61,13.700,0.00
70,116.0,1.60,526.22,13.610,0.00
70,117.0,1.60,539.51,13.290,0.00
70,118.0,1.60,552.43,12.920,0.00
70,119.0,1.60,566.33,13.890,0.00
70,120.0,1.60,580.27,13.940,0.00
70,121.0,1.60,594.19,13.930,0.00
70,122.0,1.60,607.99,13.800,0.00
70,123.0,1.60,621.94,13.940,0.00
70,124.0,1.60,635.55,13.620,0.00
70,125.0,1.60,648.95,13.400,0.00
70,126.0,1.60,661.89,12.930,0.00
70,127.0,1.60,674.98,13.100,0.00
70,128.0,1.60,688.64,13.650,0.00
70,129.0,1.60,702.52,13.880,0.00
70,130.0,1.60,715.88,13.360,0.00
70,131.0,1.60,728.98,13.110,0.00
70,132.0,1.60,742.88,13.890,0.00
70,133.0,1.60,757.05,14.170,0.00
70,134.0,1.60,770.25,13.200,0.00
70,135.0,1.60,783.22,12.970,0.00
70,136.0,1.60,796.20,12.980,0.00
70,137.0,1.60,809.91,13.710,0.00
70,138.0,1.60,823.20,13.290,0.00
70,139.0,1.60,836.15,12.950,0.00
70,140.0,1.60,849.90,13.750,0.00
70,141.0,1.60,863.57,13.670,0.00
70,142.0,1.60,877.02,13.440,0.00
70,143.0,1.60,890.55,13.530,0.00
71,0.0,-587.70,898.40,0.000,90.00
71,1.0,-585.99,898.40,1.710,90.00
71,2.0,-582.46,898.40,3.530,90.00
71,3.0,-576.36,898.40,6.100,90.00
71,4.0,-567.77,898.40,8.590,90.00
71,5.0,-557.07,898.40,10.700,90.00
71,6.0,-544.52,898.40,12.550,90.00
71,7.0,-531.69,898.40,12.830,90.00
71,8.0,-518.62,898.40,13.070,90.00
71,9.0,-506.37,898.40,12.260,90.00
71,10.0,-493.00,898.40,13.370,90.00
71,11.0,-480.05,898.40,12.950,90.00
71,12.0,-467.43,898.40,12.620,90.00
71,13.0,-454.66,898.40,12.770,90.00
71,14.0,-441.37,898.40,13.280,90.00
71,15.0,-428.17,898.40,13.200,90.00
71,16.0,-415.78,898.40,12.390,90.00
71,17.0,-403.04,898.40,12.730,90.00
71,18.0,-390.58,898.40,12.460,90.00
71,19.0,-378.22,898.40,12.370,90.00
71,20.0,-365.27,898.40,12.940,90.00
71,21.0,-351.88,898.40,13.390,90.00
71,22.0,-338.86,898.40,13.020,90.00
71,23.0,-325.79,898.40,13.070,90.00
71,24.0,-312.81,898.40,12.980,90.00
71,25.0,-300.43,898.40,12.380,90.00
71,26.0,-288.02,898.40,12.410,90.00
71,27.0,-275.36,898.40,12.660,90.00
71,28.0,-262.86,898.40,12.500,90.00
71,29.0,-249.84,898.40,13.020,90.00
71,30.0,-237.02,898.40,12.820,90.00
71,31.0,-224.72,898.40,12.300,90.00
71,32.0,-211.70,898.40,13.020,90.00
71,33.0,-199.09,898.40,12.610,90.00
71,34.0,-186.86,898.40,12.220,90.00
71,35.0,-173.78,898.40,13.080,90.00
71,36.0,-161.27,898.40,12.520,90.00
71,37.0,-148.79,898.40,12.480,90.00
71,38.0,-136.53,898.40,12.260,90.00
71,39.0,-123.56,898.40,12.970,90.00
71,40.0,-111.12,898.40,12.440,90.00
71,41.0,-98.13,898.40,12.990,90.00
71,42.0,-85.55,898.40,12.580,90.00
71,43.0,-73.04,898.40,12.520,90.00
71,44.0,-59.95,898.40,13.090,90.00
71,45.0,-46.47,898.40,13.480,90.00
71,46.0,-34.20,898.40,12.270,90.00
71,47.0,-21.24,898.40,12.960,90.00
71,48.0,-9.01,898.40,12.230,90.00
71,49.0,3.22,898.40,12.230,90.00
71,50.0,15.98,898.40,12.760,90.00
71,51.0,28.61,898.40,12.630,90.00
71,52.0,40.94,898.40,12.340,90.00
71,53.0,53.28,898.40,12.340,90.00
71,54.0,65.71,898.40,12.430,90.00
71,55.0,78.79,898.40,13.090,90.00
71,56.0,91.10,898.40,12.300,90.00
71,57.0,103.59,898.40,12.500,90.00
71,58.0,117.02,898.40,13.430,90.00
71,59.0,129.52,898.40,12.500,90.00
71,60.0,142.42,898.40,12.900,90.00
71,61.0,155.63,898.40,13.210,90.00
71,62.0,168.64,898.40,13.010,90.00
71,63.0,180.99,898.40,12.350,90.00
71,64.0,193.85,898.40,12.860,90.00
71,65.0,206.29,898.40,12.440,90.00
71,66.0,218.76,898.40,12.470,90.00
71,67.0,231.80,898.40,13.030,90.00
71,68.0,245.01,898.40,13.210,90.00
71,69.0,258.25,898.40,13.250,90.00
71,70.0,271.08,898.40,12.830,90.00
71,71.0,283.36,898.40,12.270,90.00
71,72.0,296.81,898.40,13.460,90.00
71,73.0,309.84,898.40,13.030,90.00
71,74.0,322.88,898.40,13.040,90.00
71,75.0,336.10,898.40,13.210,90.00
71,76.0,348.39,898.40,12.290,90.00
71,77.0,361.60,898.40,13.210,90.00
71,78.0,374.85,898.40,13.240,90.00
71,79.0,387.45,898.40,12.610,90.00
71,80.0,400.28,898.40,12.820,90.00
71,81.0,412.52,898.40,12.240,90.00
71,82.0,424.74,898.40,12.220,90.00
71,83.0,438.02,898.40,13.280,90.00
71,84.0,451.37,898.40,13.350,90.00
71,85.0,464.65,898.40,13.280,90.00
71,86.0,477.86,898.40,13.220,90.00
71,87.0,490.90,898.40,13.040,90.00
71,88.0,503.44,898.40,12.540,90.00
71,89.0,516.63,898.40,13.190,90.00
71,90.0,529.53,898.40,12.900,90.00
71,91.0,542.38,898.40,12.850,90.00
71,92.0,555.22,898.40,12.840,90.00
71,93.0,568.03,898.40,12.800,90.00
71,94.0,579.53,898.40,11.500,90.00
71,95.0,587.39,898.40,7.860,90.00
71,96.0,591.67,898.40,4.270,90.00
71,97.0,594.40,899.99,3.460,69.56
71,98.0,592.86,901.56,2.270,8.42
71,99.0,589.60,901.60,3.270,283.81
71,100.0,584.77,901.60,4.830,270.00
71,101.0,577.89,901.60,6.880,270.00
71,102.0,568.78,901.60,9.110,270.00
71,103.0,557.27,901.60,11.510,270.00
71,104.0,545.02,901.60,12.250,270.00
71,105.0,532.12,901.60,12.900,270.00
71,106.0,519.09,901.60,13.030,270.00
71,107.0,506.13,901.60,12.950,270.00
71,108.0,493.46,901.60,12.680,270.00
71,109.0,481.12,901.60,12.340,270.00
71,110.0,467.95,901.60,13.170,270.00
71,111.0,455.11,901.60,12.850,270.00
71,112.0,442.76,901.60,12.350,270.00
71,113.0,430.41,901.60,12.350,270.00
71,114.0,417.64,901.60,12.770,270.00
71,115.0,405.18,901.60,12.460,270.00
71,116.0,392.48,901.60,12.700,270.00
71,117.0,379.06,901.60,13.420,270.00
71,118.0,366.74,901.60,12.320,270.00
71,119.0,353.59,901.60,13.150,270.00
71,120.0,341.33,901.60,12.260,270.00
71,121.0,327.95,901.60,13.380,270.00
71,122.0,315.12,901.60,12.830,270.00
72,0.0,-12.30,-898.40,0.000,270.00
72,1.0,-14.13,-898.40,1.830,270.00
72,2.0,-18.48,-898.40,4.350,270.00
72,3.0,-25.26,-898.40,6.780,270.00
72,4.0,-34.25,-898.40,8.990,270.00
72,5.0,-44.69,-898.40,10.440,270.00
72,6.0,-56.94,-898.40,12.250,270.00
72,7.0,-69.25,-898.40,12.300,270.00
72,8.0,-81.14,-898.40,11.900,270.00
72,9.0,-93.36,-898.40,12.210,270.00
72,10.0,-106.39,-898.40,13.030,270.00
72,11.0,-118.87,-898.40,12.490,270.00
72,12.0,-131.39,-898.40,12.510,270.00
72,13.0,-143.82,-898.40,12.440,270.00
72,14.0,-156.10,-898.40,12.270,270.00
72,15.0,-168.61,-898.40,12.510,270.00
72,16.0,-180.44,-898.40,11.830,270.00
72,17.0,-192.96,-898.40,12.530,270.00
72,18.0,-205.53,-898.40,12.570,270.00
72,19.0,-218.28,-898.40,12.750,270.00
72,20.0,-230.32,-898.40,12.050,270.00
72,21.0,-243.22,-898.40,12.900,270.00
72,22.0,-255.63,-898.40,12.410,270.00
72,23.0,-267.53,-898.40,11.900,270.00
72,24.0,-279.95,-898.40,12.410,270.00
72,25.0,-292.63,-898.40,12.680,270.00
72,26.0,-305.06,-898.40,12.430,270.00
72,27.0,-317.85,-898.40,12.790,270.00
72,28.0,-330.60,-898.40,12.760,270.00
72,29.0,-342.85,-898.40,12.250,270.00
72,30.0,-355.01,-898.40,12.150,270.00
72,31.0,-367.12,-898.40,12.120,270.00
72,32.0,-378.91,-898.40,11.790,270.00
72,33.0,-391.56,-898.40,12.650,270.00
72,34.0,-404.53,-898.40,12.970,270.00
72,35.0,-416.79,-898.40,12.260,270.00
72,36.0,-429.22,-898.40,12.420,270.00
72,37.0,-441.91,-898.40,12.690,270.00
72,38.0,-454.80,-898.40,12.890,270.00
72,39.0,-466.56,-898.40,11.760,270.00
72,40.0,-478.38,-898.40,11.820,270.00
72,41.0,-490.71,-898.40,12.330,270.00
72,42.0,-502.88,-898.40,12.170,270.00
72,43.0,-514.99,-898.40,12.120,270.00
72,44.0,-527.28,-898.40,12.290,270.00
72,45.0,-539.26,-898.40,11.980,270.00
72,46.0,-551.22,-898.40,11.960,270.00
72,47.0,-564.19,-898.40,12.970,270.00
72,48.0,-576.61,-898.40,12.420,270.00
72,49.0,-585.94,-898.40,9.330,270.00
72,50.0,-592.27,-898.40,6.330,270.00
72,51.0,-597.44,-896.27,5.890,295.87
72,52.0,-598.40,-890.38,6.090,355.33
72,53.0,-598.40,-882.84,7.540,0.00
72,54.0,-598.40,-872.76,10.080,0.00
72,55.0,-598.40,-861.34,11.410,0.00
72,56.0,-598.40,-849.46,11.880,0.00
72,57.0,-598.40,-836.96,12.500,0.00
72,58.0,-598.40,-824.79,12.170,0.00
72,59.0,-598.40,-812.85,11.940,0.00
72,60.0,-598.40,-800.50,12.340,0.00
72,61.0,-598.40,-788.07,12.430,0.00
72,62.0,-598.40,-776.05,12.020,0.00
72,63.0,-598.40,-763.85,12.200,0.00
72,64.0,-598.40,-751.97,11.880,0.00
72,65.0,-598.40,-739.98,11.990,0.00
72,66.0,-598.40,-728.14,11.840,0.00
72,67.0,-598.40,-715.51,12.630,0.00
72,68.0,-598.40,-703.40,12.120,0.00
72,69.0,-598.40,-691.09,12.300,0.00
72,70.0,-598.40,-678.33,12.760,0.00
72,71.0,-598.40,-665.60,12.730,0.00
72,72.0,-598.40,-653.76,11.840,0.00
72,73.0,-598.40,-641.23,12.530,0.00
72,74.0,-598.40,-629.14,12.080,0.00
72,75.0,-598.40,-616.68,12.470,0.00
72,76.0,-598.40,-604.18,12.500,0.00
72,77.0,-598.40,-592.38,11.800,0.00
72,78.0,-598.40,-580.09,12.290,0.00
72,79.0,-598.40,-567.36,12.730,0.00
72,80.0,-598.40,-555.43,11.930,0.00
72,81.0,-598.40,-543.19,12.240,0.00
72,82.0,-598.40,-531.41,11.780,0.00
72,83.0,-598.40,-518.65,12.760,0.00
72,84.0,-598.40,-506.52,12.130,0.00
72,85.0,-598.40,-493.87,12.650,0.00
72,86.0,-598.40,-481.81,12.050,0.00
72,87.0,-598.40,-469.86,11.960,0.00
72,88.0,-598.40,-457.83,12.030,0.00
72,89.0,-598.40,-445.51,12.320,0.00
72,90.0,-598.40,-432.47,13.040,0.00
72,91.0,-598.40,-419.79,12.680,0.00
72,92.0,-598.40,-407.77,12.020,0.00
72,93.0,-598.40,-395.15,12.620,0.00
72,94.0,-598.40,-382.46,12.690,0.00
72,95.0,-598.40,-369.81,12.650,0.00
72,96.0,-598.40,-357.34,12.470,0.00
72,97.0,-598.40,-344.44,12.910,0.00
72,98.0,-598.40,-331.82,12.610,0.00
72,99.0,-598.40,-319.94,11.880,0.00
72,100.0,-598.40,-307.64,12.300,0.00
72,101.0,-598.40,-295.54,12.100,0.00
72,102.0,-598.40,-283.42,12.120,0.00
72,103.0,-598.40,-270.60,12.820,0.00
72,104.0,-598.40,-257.83,12.770,0.00
72,105.0,-598.40,-245.06,12.770,0.00
72,106.0,-598.40,-232.12,12.940,0.00
72,107.0,-598.40,-219.10,13.020,0.00
72,108.0,-598.40,-206.30,12.800,0.00
72,109.0,-598.40,-193.95,12.350,0.00
72,110.0,-598.40,-181.10,12.850,0.00
72,111.0,-598.40,-169.00,12.100,0.00
72,112.0,-598.40,-156.78,12.220,0.00
72,113.0,-598.40,-144.67,12.110,0.00
72,114.0,-598.40,-132.59,12.080,0.00
72,115.0,-598.40,-119.71,12.880,0.00
72,116.0,-598.40,-107.63,12.080,0.00
72,117.0,-598.40,-95.07,12.560,0.00
72,118.0,-598.40,-82.09,12.990,0.00
72,119.0,-598.40,-69.53,12.560,0.00
72,120.0,-598.40,-56.96,12.570,0.00
72,121.0,-598.40,-44.22,12.740,0.00
72,122.0,-598.40,-32.19,12.030,0.00
72,123.0,-598.40,-20.24,11.950,0.00
72,124.0,-598.40,-7.52,12.720,0.00
72,125.0,-598.40,5.31,12.830,0.00
72,126.0,-598.40,17.84,12.520,0.00
72,127.0,-598.40,30.89,13.050,0.00
72,128.0,-598.40,43.92,13.030,0.00
72,129.0,-598.40,56.22,12.300,0.00
72,130.0,-598.40,68.28,12.060,0.00
72,131.0,-598.40,80.95,12.670,0.00
72,132.0,-598.40,93.79,12.840,0.00
72,133.0,-598.40,105.71,11.910,0.00
72,134.0,-598.40,117.62,11.910,0.00
72,135.0,-598.40,130.19,12.570,0.00
72,136.0,-598.40,142.67,12.490,0.00
72,137.0,-598.40,155.23,12.560,0.00
72,138.0,-598.40,167.24,12.000,0.00
72,139.0,-598.40,179.06,11.820,0.00
72,140.0,-598.40,190.96,11.900,0.00
72,141.0,-598.40,203.82,12.860,0.00
72,142.0,-598.40,216.64,12.830,0.00
72,143.0,-598.40,228.51,11.870,0.00
72,144.0,-598.40,241.38,12.870,0.00
72,145.0,-598.40,253.21,11.830,0.00
72,146.0,-598.40,265.66,12.450,0.00
72,147.0,-598.40,278.10,12.440,0.00
72,148.0,-598.40,287.11,9.010,0.00
72,149.0,-598.40,292.36,5.250,0.00
72,150.0,-600.13,294.33,2.930,336.81
72,151.0,-601.60,292.08,2.910,250.71
72,152.0,-601.60,286.92,5.160,180.00
72,153.0,-601.60,280.16,6.760,180.00
72,154.0,-601.60,270.81,9.350,180.00
72,155.0,-601.60,260.12,10.680,180.00
72,156.0,-601.60,247.48,12.640,180.00
72,157.0,-601.60,234.43,13.050,180.00
72,158.0,-601.60,221.92,12.520,180.00
72,159.0,-601.60,210.09,11.820,180.00
72,160.0,-601.60,197.44,12.650,180.00
72,161.0,-601.60,185.21,12.240,180.00
72,162.0,-601.60,172.43,12.780,180.00
73,0.0,-12.30,601.60,0.000,270.00
73,1.0,-13.77,601.60,1.470,270.00
73,2.0,-17.08,601.60,3.310,270.00
73,3.0,-22.05,601.60,4.970,270.00
73,4.0,-29.50,601.60,7.450,270.00
73,5.0,-39.30,601.60,9.790,270.00
73,6.0,-51.03,601.60,11.730,270.00
73,7.0,-65.35,601.60,14.320,270.00
73,8.0,-78.94,601.60,13.600,270.00
73,9.0,-92.58,601.60,13.630,270.00
73,10.0,-106.66,601.60,14.090,270.00
73,11.0,-121.07,601.60,14.400,270.00
73,12.0,-134.68,601.60,13.610,270.00
73,13.0,-148.95,601.60,14.270,270.00
73,14.0,-162.36,601.60,13.410,270.00
73,15.0,-176.47,601.60,14.100,270.00
73,16.0,-190.85,601.60,14.390,270.00
73,17.0,-204.44,601.60,13.590,270.00
73,18.0,-218.72,601.60,14.280,270.00
73,19.0,-232.24,601.60,13.530,270.00
73,20.0,-245.67,601.60,13.420,270.00
73,21.0,-259.54,601.60,13.880,270.00
73,22.0,-273.50,601.60,13.950,270.00
73,23.0,-284.01,601.60,10.510,270.00
73,24.0,-290.02,601.60,6.010,270.00
73,25.0,-296.10,602.46,6.250,280.08
73,26.0,-298.40,608.19,6.560,346.54
73,27.0,-298.40,616.51,8.320,0.00
73,28.0,-298.40,626.25,9.730,0.00
73,29.0,-298.40,637.30,11.050,0.00
73,30.0,-298.40,650.63,13.340,0.00
73,31.0,-298.40,664.53,13.890,0.00
73,32.0,-298.40,678.12,13.590,0.00
73,33.0,-298.40,691.50,13.380,0.00
73,34.0,-298.40,705.77,14.270,0.00
73,35.0,-298.40,719.76,13.990,0.00
73,36.0,-298.40,734.17,14.410,0.00
73,37.0,-298.40,748.64,14.470,0.00
73,38.0,-298.40,762.78,14.140,0.00
73,39.0,-298.40,777.26,14.470,0.00
73,40.0,-298.40,791.62,14.360,0.00
73,41.0,-298.40,805.21,13.600,0.00
73,42.0,-298.40,819.53,14.320,0.00
73,43.0,-298.40,833.80,14.270,0.00
73,44.0,-298.40,847.85,14.050,0.00
73,45.0,-298.40,862.41,14.560,0.00
73,46.0,-298.40,876.48,14.060,0.00
73,47.0,-298.40,886.04,9.560,0.00
73,48.0,-298.40,891.26,5.220,0.00
73,49.0,-298.40,892.39,1.130,0.00
73,50.0,-298.40,892.68,0.290,0.00
73,51.0,-298.40,892.69,0.010,0.00
73,52.0,-298.40,892.70,0.000,0.00
73,53.0,-298.40,892.70,0.000,0.00
73,54.0,-298.40,892.70,0.000,0.00
73,55.0,-298.40,892.70,0.000,0.00
73,56.0,-298.40,892.70,0.000,0.00
73,57.0,-298.40,892.70,0.000,0.00
73,58.0,-298.40,892.70,0.000,0.00
73,59.0,-298.40,892.70,0.000,0.00
73,60.0,-298.40,892.70,0.000,0.00
73,61.0,-298.40,892.70,0.000,0.00
73,62.0,-298.40,892.70,0.000,0.00
73,63.0,-298.12,894.78,2.100,3.25
73,64.0,-296.04,897.58,3.640,28.72
73,65.0,-290.08,898.40,6.120,86.30
73,66.0,-282.27,898.40,7.800,90.00
73,67.0,-272.39,898.40,9.880,90.00
73,68.0,-261.14,898.40,11.250,90.00
73,69.0,-248.25,898.40,12.900,90.00
73,70.0,-233.86,898.40,14.390,90.00
73,71.0,-219.93,898.40,13.930,90.00
73,72.0,-206.01,898.40,13.920,90.00
73,73.0,-192.56,898.40,13.450,90.00
73,74.0,-179.11,898.40,13.450,90.00
73,75.0,-165.68,898.40,13.430,90.00
73,76.0,-151.26,898.40,14.420,90.00
73,77.0,-137.27,898.40,13.990,90.00
73,78.0,-123.41,898.40,13.870,90.00
73,79.0,-109.54,898.40,13.870,90.00
73,80.0,-95.87,898.40,13.670,90.00
73,81.0,-81.44,898.40,14.430,90.00
73,82.0,-68.01,898.40,13.420,90.00
73,83.0,-54.14,898.40,13.870,90.00
73,84.0,-39.53,898.40,14.610,90.00
73,85.0,-25.05,898.40,14.480,90.00
73,86.0,-11.31,898.40,13.750,90.00
73,87.0,2.79,898.40,14.100,90.00
73,88.0,17.08,898.40,14.290,90.00
73,89.0,31.73,898.40,14.650,90.00
73,90.0,45.17,898.40,13.430,90.00
73,91.0,59.46,898.40,14.290,90.00
73,92.0,73.49,898.40,14.030,90.00
73,93.0,88.10,898.40,14.600,90.00
73,94.0,102.24,898.40,14.150,90.00
73,95.0,115.73,898.40,13.490,90.00
73,96.0,129.95,898.40,14.220,90.00
73,97.0,143.81,898.40,13.860,90.00
73,98.0,157.03,898.40,13.230,90.00
73,99.0,170.55,898.40,13.510,90.00
73,100.0,182.78,898.40,12.230,90.00
73,101.0,195.84,898.40,13.060,90.00
73,102.0,208.77,898.40,12.930,90.00
73,103.0,221.30,898.40,12.530,90.00
73,104.0,234.07,898.40,12.770,90.00
73,105.0,245.02,898.40,10.950,90.00
73,106.0,257.01,898.40,11.990,90.00
73,107.0,266.54,898.40,9.530,90.00
73,108.0,274.26,898.40,7.720,90.00
73,109.0,280.00,898.40,5.740,90.00
73,110.0,287.09,898.40,7.100,90.00
73,111.0,295.70,898.40,8.610,90.00
73,112.0,306.74,898.40,11.040,90.00
73,113.0,319.70,898.40,12.960,90.00
73,114.0,333.41,898.40,13.710,90.00
73,115.0,346.78,898.40,13.370,90.00
73,116.0,360.71,898.40,13.930,90.00
73,117.0,374.23,898.40,13.520,90.00
73,118.0,388.41,898.40,14.180,90.00
73,119.0,402.26,898.40,13.860,90.00
73,120.0,416.64,898.40,14.370,90.00
73,121.0,430.75,898.40,14.110,90.00
73,122.0,444.96,898.40,14.210,90.00
73,123.0,459.31,898.40,14.350,90.00
73,124.0,473.83,898.40,14.530,90.00
73,125.0,487.91,898.40,14.080,90.00
73,126.0,501.77,898.40,13.860,90.00
73,127.0,516.00,898.40,14.230,90.00
73,128.0,530.13,898.40,14.130,90.00
73,129.0,543.75,898.40,13.630,90.00
73,130.0,557.77,898.40,14.010,90.00
73,131.0,572.10,898.40,14.330,90.00
73,132.0,582.00,898.40,9.900,90.00
74,0.0,-587.70,-1.60,0.000,90.00
74,1.0,-585.52,-1.60,2.180,90.00
74,2.0,-581.38,-1.60,4.140,90.00
74,3.0,-575.46,-1.60,5.920,90.00
74,4.0,-568.06,-1.60,7.390,90.00
74,5.0,-558.81,-1.60,9.250,90.00
74,6.0,-547.42,-1.60,11.390,90.00
74,7.0,-534.90,-1.60,12.520,90.00
74,8.0,-522.37,-1.60,12.530,90.00
74,9.0,-509.15,-1.60,13.220,90.00
74,10.0,-497.06,-1.60,12.080,90.00
74,11.0,-484.34,-1.60,12.720,90.00
74,12.0,-471.37,-1.60,12.970,90.00
74,13.0,-458.46,-1.60,12.900,90.00
74,14.0,-446.21,-1.60,12.250,90.00
74,15.0,-434.24,-1.60,11.970,90.00
74,16.0,-421.43,-1.60,12.810,90.00
74,17.0,-409.19,-1.60,12.240,90.00
74,18.0,-396.68,-1.60,12.510,90.00
74,19.0,-383.55,-1.60,13.140,90.00
74,20.0,-370.66,-1.60,12.890,90.00
74,21.0,-358.29,-1.60,12.370,90.00
74,22.0,-345.94,-1.60,12.350,90.00
74,23.0,-333.01,-1.60,12.930,90.00
74,24.0,-321.17,-1.60,11.830,90.00
74,25.0,-312.61,-1.60,8.570,90.00
74,26.0,-308.20,-1.60,4.410,90.00
74,27.0,-303.46,-2.73,4.980,103.30
74,28.0,-301.60,-7.57,5.420,162.05
74,29.0,-301.60,-15.27,7.700,180.00
74,30.0,-301.60,-25.24,9.970,180.00
74,31.0,-301.60,-37.58,12.340,180.00
74,32.0,-301.60,-50.13,12.540,180.00
74,33.0,-301.60,-63.01,12.880,180.00
74,34.0,-301.60,-76.01,13.000,180.00
74,35.0,-301.60,-89.02,13.010,180.00
74,36.0,-301.60,-101.15,12.130,180.00
74,37.0,-301.60,-113.54,12.390,180.00
74,38.0,-301.60,-125.85,12.310,180.00
74,39.0,-301.60,-138.23,12.380,180.00
74,40.0,-301.60,-151.42,13.190,180.00
74,41.0,-301.60,-163.76,12.340,180.00
74,42.0,-301.60,-176.52,12.760,180.00
74,43.0,-301.60,-189.29,12.770,180.00
74,44.0,-301.60,-202.08,12.780,180.00
74,45.0,-301.60,-215.13,13.060,180.00
74,46.0,-301.60,-227.11,11.980,180.00
74,47.0,-301.60,-239.83,12.710,180.00
74,48.0,-301.60,-252.22,12.390,180.00
74,49.0,-301.60,-264.58,12.360,180.00
74,50.0,-301.60,-276.88,12.300,180.00
74,51.0,-301.60,-287.08,10.200,180.00
74,52.0,-301.63,-293.04,5.970,180.39
74,53.0,-304.42,-297.85,5.930,214.30
74,54.0,-309.49,-298.40,5.140,264.53
74,55.0,-317.14,-298.40,7.660,270.00
74,56.0,-326.75,-298.40,9.610,270.00
74,57.0,-337.80,-298.40,11.050,270.00
74,58.0,-350.09,-298.40,12.280,270.00
74,59.0,-362.52,-298.40,12.430,270.00
74,60.0,-374.70,-298.40,12.180,270.00
74,61.0,-387.13,-298.40,12.440,270.00
74,62.0,-400.02,-298.40,12.890,270.00
74,63.0,-412.14,-298.40,12.120,270.00
74,64.0,-425.34,-298.40,13.190,270.00
74,65.0,-437.77,-298.40,12.430,270.00
74,66.0,-450.90,-298.40,13.130,270.00
74,67.0,-463.07,-298.40,12.180,270.00
74,68.0,-475.19,-298.40,12.120,270.00
74,69.0,-487.42,-298.40,12.230,270.00
74,70.0,-500.60,-298.40,13.180,270.00
74,71.0,-512.93,-298.40,12.330,270.00
74,72.0,-525.44,-298.40,12.520,270.00
74,73.0,-538.21,-298.40,12.770,270.00
74,74.0,-550.84,-298.40,12.640,270.00
74,75.0,-563.21,-298.40,12.370,270.00
74,76.0,-576.22,-298.40,13.010,270.00
74,77.0,-588.93,-298.40,12.710,270.00
75,0.0,898.40,891.70,0.000,180.00
75,1.0,898.40,890.23,1.470,180.00
75,2.0,898.40,886.28,3.950,180.00
75,3.0,898.40,880.02,6.270,180.00
75,4.0,898.40,871.72,8.300,180.00
75,5.0,898.40,861.14,10.580,180.00
75,6.0,898.40,848.65,12.490,180.00
75,7.0,898.40,835.47,13.180,180.00
75,8.0,898.40,822.22,13.260,180.00
75,9.0,898.40,809.52,12.700,180.00
75,10.0,898.40,796.29,13.230,180.00
75,11.0,898.40,782.77,13.510,180.00
75,12.0,898.40,769.73,13.050,180.00
75,13.0,898.40,756.81,12.920,180.00
75,14.0,898.40,743.66,13.150,180.00
75,15.0,898.40,731.15,12.510,180.00
75,16.0,898.40,717.56,13.600,180.00
75,17.0,898.40,705.10,12.450,180.00
75,18.0,898.40,692.47,12.630,180.00
75,19.0,898.40,679.35,13.130,180.00
75,20.0,898.40,666.32,13.030,180.00
75,21.0,898.40,652.73,13.590,180.00
75,22.0,898.40,639.63,13.090,180.00
75,23.0,898.40,626.01,13.630,180.00
75,24.0,898.40,613.44,12.560,180.00
75,25.0,898.40,600.90,12.540,180.00
75,26.0,898.40,588.30,12.600,180.00
75,27.0,898.40,575.20,13.110,180.00
75,28.0,898.40,562.08,13.120,180.00
75,29.0,898.40,549.44,12.630,180.00
75,30.0,898.40,536.21,13.230,180.00
75,31.0,898.40,523.65,12.570,180.00
75,32.0,898.40,510.24,13.410,180.00
75,33.0,898.40,496.59,13.640,180.00
75,34.0,898.40,483.16,13.430,180.00
75,35.0,898.40,469.70,13.460,180.00
75,36.0,898.40,456.83,12.870,180.00
75,37.0,898.40,443.41,13.420,180.00
75,38.0,898.40,430.81,12.600,180.00
75,39.0,898.40,418.29,12.520,180.00
75,40.0,898.40,405.69,12.600,180.00
75,41.0,898.40,392.78,12.910,180.00
75,42.0,898.40,379.41,13.370,180.00
75,43.0,898.40,366.54,12.870,180.00
75,44.0,898.40,354.14,12.400,180.00
75,45.0,898.40,340.61,13.520,180.00
75,46.0,898.40,327.10,13.510,180.00
75,47.0,898.40,315.37,11.730,180.00
75,48.0,898.40,307.51,7.860,180.00
75,49.0,896.58,302.75,5.310,202.20
75,50.0,891.09,301.60,5.740,261.01
75,51.0,883.64,301.60,7.450,270.00
75,52.0,874.06,301.60,9.580,270.00
75,53.0,862.56,301.60,11.500,270.00
75,54.0,849.40,301.60,13.160,270.00
75,55.0,836.06,301.60,13.330,270.00
75,56.0,822.64,301.60,13.420,270.00
75,57.0,809.42,301.60,13.220,270.00
75,58.0,796.52,301.60,12.910,270.00
75,59.0,782.98,301.60,13.540,270.00
75,60.0,770.12,301.60,12.860,270.00
75,61.0,757.38,301.60,12.740,270.00
75,62.0,744.07,301.60,13.300,270.00
75,63.0,731.54,301.60,12.530,270.00
75,64.0,719.14,301.60,12.410,270.00
75,65.0,705.50,301.60,13.640,270.00
75,66.0,692.80,301.60,12.690,270.00
75,67.0,679.61,301.60,13.200,270.00
75,68.0,666.20,301.60,13.410,270.00
75,69.0,652.85,301.60,13.350,270.00
75,70.0,639.34,301.60,13.510,270.00
75,71.0,626.41,301.60,12.920,270.00
75,72.0,615.60,301.60,10.820,270.00
75,73.0,609.28,301.60,6.320,270.00
75,74.0,601.20,301.60,8.080,270.00
75,75.0,591.69,301.60,9.510,270.00
75,76.0,580.06,301.60,11.630,270.00
75,77.0,566.58,301.60,13.480,270.00
75,78.0,553.82,301.60,12.760,270.00
75,79.0,540.35,301.60,13.460,270.00
75,80.0,527.74,301.60,12.610,270.00
75,81.0,514.13,301.60,13.610,270.00
75,82.0,500.68,301.60,13.450,270.00
75,83.0,488.03,301.60,12.640,270.00
75,84.0,474.86,301.60,13.180,270.00
75,85.0,462.24,301.60,12.620,270.00
75,86.0,449.69,301.60,12.540,270.00
75,87.0,436.09,301.60,13.600,270.00
75,88.0,422.91,301.60,13.180,270.00
75,89.0,409.77,301.60,13.130,270.00
75,90.0,396.87,301.60,12.900,270.00
75,91.0,383.63,301.60,13.250,270.00
75,92.0,371.13,301.60,12.500,270.00
75,93.0,358.49,301.60,12.640,270.00
75,94.0,344.89,301.60,13.600,270.00
75,95.0,331.75,301.60,13.130,270.00
75,96.0,319.92,301.60,11.840,270.00
75,97.0,312.18,301.60,7.730,270.00
75,98.0,308.75,301.60,3.430,270.00
75,99.0,303.72,301.10,5.060,264.29
75,100.0,299.06,296.83,6.580,222.13
75,101.0,298.40,289.60,7.300,182.92
75,102.0,298.40,280.39,9.200,180.00
75,103.0,298.40,269.85,10.540,180.00
75,104.0,298.40,257.01,12.840,180.00
75,105.0,298.40,244.30,12.710,180.00
75,106.0,298.40,231.15,13.150,180.00
75,107.0,298.40,218.38,12.770,180.00
75,108.0,298.40,204.75,13.630,180.00
75,109.0,298.40,191.31,13.450,180.00
75,110.0,298.40,178.66,12.650,180.00
75,111.0,298.40,165.45,13.210,180.00
75,112.0,298.40,151.94,13.510,180.00
75,113.0,298.40,138.49,13.450,180.00
75,114.0,298.40,125.54,12.950,180.00
75,115.0,298.40,112.48,13.060,180.00
75,116.0,298.40,99.88,12.590,180.00
75,117.0,298.40,86.21,13.670,180.00
75,118.0,298.40,73.73,12.480,180.00
75,119.0,298.40,60.91,12.820,180.00
75,120.0,298.40,48.33,12.580,180.00
75,121.0,298.40,35.78,12.550,180.00
75,122.0,298.40,22.40,13.390,180.00
75,123.0,298.40,9.53,12.860,180.00
75,124.0,298.40,-3.40,12.930,180.00
75,125.0,298.40,-16.59,13.190,180.00
75,126.0,298.40,-29.25,12.650,180.00
75,127.0,298.40,-42.04,12.790,180.00
75,128.0,298.40,-55.66,13.620,180.00
75,129.0,298.40,-68.25,12.600,180.00
75,130.0,298.40,-81.33,13.080,180.00
75,131.0,298.40,-93.88,12.550,180.00
75,132.0,298.40,-106.66,12.780,180.00
75,133.0,298.40,-119.96,13.300,180.00
75,134.0,298.40,-133.16,13.210,180.00
75,135.0,298.40,-145.60,12.440,180.00
75,136.0,298.40,-158.10,12.500,180.00
75,137.0,298.40,-171.30,13.200,180.00
75,138.0,298.40,-183.97,12.670,180.00
75,139.0,298.40,-197.13,13.160,180.00
75,140.0,298.40,-209.74,12.610,180.00
75,141.0,298.40,-222.37,12.630,180.00
75,142.0,298.40,-234.79,12.420,180.00
75,143.0,298.40,-247.40,12.610,180.00
75,144.0,298.40,-259.91,12.510,180.00
75,145.0,298.40,-272.67,12.760,180.00
75,146.0,298.40,-285.82,13.150,180.00
76,0.0,12.30,-901.60,0.000,90.00
76,1.0,13.77,-901.60,1.470,90.00
76,2.0,17.72,-901.60,3.950,90.00
76,3.0,23.58,-901.60,5.860,90.00
76,4.0,32.03,-901.60,8.450,90.00
76,5.0,42.99,-901.60,10.960,90.00
76,6.0,55.57,-901.60,12.590,90.00
76,7.0,69.48,-901.60,13.910,90.00
76,8.0,83.05,-901.60,13.570,90.00
76,9.0,97.21,-901.60,14.160,90.00
76,10.0,110.46,-901.60,13.250,90.00
76,11.0,123.75,-901.60,13.290,90.00
76,12.0,137.90,-901.60,14.160,90.00
76,13.0,150.99,-901.60,13.090,90.00
76,14.0,164.78,-901.60,13.790,90.00
76,15.0,179.08,-901.60,14.300,90.00
76,16.0,193.18,-901.60,14.100,90.00
76,17.0,207.45,-901.60,14.260,90.00
76,18.0,221.75,-901.60,14.310,90.00
76,19.0,234.94,-901.60,13.180,90.00
76,20.0,249.15,-901.60,14.210,90.00
76,21.0,263.42,-901.60,14.270,90.00
76,22.0,276.89,-901.60,13.470,90.00
76,23.0,286.69,-901.60,9.800,90.00
76,24.0,292.20,-901.60,5.510,90.00
76,25.0,294.27,-899.74,3.230,64.13
76,26.0,292.03,-898.40,2.820,338.83
76,27.0,287.13,-898.40,4.900,270.00
76,28.0,280.75,-898.40,6.380,270.00
76,29.0,271.87,-898.40,8.870,270.00
76,30.0,261.04,-898.40,10.830,270.00
76,31.0,248.57,-898.40,12.470,270.00
76,32.0,234.44,-898.40,14.140,270.00
76,33.0,220.50,-898.40,13.940,270.00
76,34.0,207.00,-898.40,13.500,270.00
76,35.0,192.81,-898.40,14.190,270.00
76,36.0,179.20,-898.40,13.610,270.00
76,37.0,165.72,-898.40,13.480,270.00
76,38.0,151.88,-898.40,13.830,270.00
76,39.0,137.80,-898.40,14.080,270.00
76,40.0,124.35,-898.40,13.450,270.00
76,41.0,111.17,-898.40,13.170,270.00
76,42.0,97.98,-898.40,13.190,270.00
76,43.0,84.47,-898.40,13.510,270.00
76,44.0,71.09,-898.40,13.370,270.00
76,45.0,57.00,-898.40,14.090,270.00
76,46.0,43.92,-898.40,13.080,270.00
76,47.0,30.78,-898.40,13.140,270.00
76,48.0,17.89,-898.40,12.890,270.00
76,49.0,8.17,-898.40,9.720,270.00
76,50.0,2.53,-896.22,6.400,296.49
76,51.0,1.60,-890.59,5.820,354.06
76,52.0,1.60,-882.49,8.100,0.00
76,53.0,1.60,-871.97,10.520,0.00
76,54.0,1.60,-860.12,11.860,0.00
76,55.0,1.60,-846.72,13.390,0.00
76,56.0,1.60,-833.19,13.530,0.00
76,57.0,1.60,-819.57,13.620,0.00
76,58.0,1.60,-805.98,13.590,0.00
76,59.0,1.60,-792.28,13.700,0.00
76,60.0,1.60,-779.04,13.240,0.00
76,61.0,1.60,-765.11,13.930,0.00
76,62.0,1.60,-751.23,13.880,0.00
76,63.0,1.60,-738.17,13.060,0.00
76,64.0,1.60,-724.15,14.030,0.00
76,65.0,1.60,-710.30,13.840,0.00
76,66.0,1.60,-696.40,13.910,0.00
76,67.0,1.60,-683.18,13.220,0.00
76,68.0,1.60,-669.28,13.900,0.00
76,69.0,1.60,-656.04,13.230,0.00
76,70.0,1.60,-642.78,13.260,0.00
76,71.0,1.60,-628.84,13.940,0.00
76,72.0,1.60,-615.20,13.640,0.00
76,73.0,1.60,-601.45,13.750,0.00
76,74.0,1.60,-587.16,14.290,0.00
76,75.0,1.60,-573.46,13.700,0.00
76,76.0,1.60,-560.20,13.270,0.00
76,77.0,1.60,-547.10,13.100,0.00
76,78.0,1.60,-533.94,13.160,0.00
76,79.0,1.60,-520.53,13.410,0.00
76,80.0,1.60,-506.97,13.560,0.00
76,81.0,1.60,-493.86,13.110,0.00
76,82.0,1.60,-479.66,14.200,0.00
76,83.0,1.60,-465.93,13.740,0.00
76,84.0,1.60,-451.88,14.050,0.00
76,85.0,1.60,-438.50,13.380,0.00
76,86.0,1.60,-425.04,13.460,0.00
76,87.0,1.60,-411.73,13.310,0.00
76,88.0,1.60,-398.56,13.170,0.00
76,89.0,1.60,-384.70,13.850,0.00
76,90.0,1.60,-371.11,13.600,0.00
76,91.0,1.60,-357.90,13.210,0.00
76,92.0,1.60,-343.72,14.180,0.00
76,93.0,1.60,-329.82,13.900,0.00
76,94.0,1.60,-316.03,13.780,0.00
76,95.0,1.60,-301.80,14.240,0.00
76,96.0,1.60,-287.92,13.870,0.00
76,97.0,1.60,-273.69,14.240,0.00
76,98.0,1.60,-259.44,14.240,0.00
76,99.0,1.60,-245.58,13.860,0.00
76,100.0,1.60,-232.32,13.260,0.00
76,101.0,1.60,-218.28,14.040,0.00
76,102.0,1.60,-204.86,13.420,0.00
76,103.0,1.60,-191.07,13.790,0.00
76,104.0,1.60,-177.17,13.900,0.00
76,105.0,1.60,-163.58,13.590,0.00
76,106.0,1.60,-150.15,13.430,0.00
76,107.0,1.60,-136.81,13.350,0.00
76,108.0,1.60,-123.46,13.340,0.00
76,109.0,1.60,-109.81,13.650,0.00
76,110.0,1.60,-96.15,13.670,0.00
76,111.0,1.60,-82.82,13.330,0.00
76,112.0,1.60,-69.23,13.590,0.00
76,113.0,1.60,-55.40,13.840,0.00
76,114.0,1.60,-42.07,13.320,0.00
76,115.0,1.60,-27.85,14.220,0.00
76,116.0,1.60,-14.35,13.510,0.00
76,117.0,1.60,-0.57,13.770,0.00
76,118.0,1.60,13.05,13.620,0.00
76,119.0,1.60,26.60,13.560,0.00
76,120.0,1.60,39.70,13.100,0.00
76,121.0,1.60,53.94,14.240,0.00
76,122.0,1.60,68.27,14.330,0.00
76,123.0,1.60,82.42,14.150,0.00
76,124.0,1.60,96.44,14.020,0.00
76,125.0,1.60,109.90,13.450,0.00
76,126.0,1.60,123.95,14.050,0.00
76,127.0,1.60,137.52,13.570,0.00
76,128.0,1.60,150.98,13.460,0.00
76,129.0,1.60,164.26,13.280,0.00
76,130.0,1.60,178.24,13.980,0.00
76,131.0,1.60,192.44,14.200,0.00
76,132.0,1.60,206.67,14.230,0.00
76,133.0,1.60,219.92,13.250,0.00
76,134.0,1.60,233.00,13.070,0.00
76,135.0,1.60,246.19,13.200,0.00
76,136.0,1.60,259.85,13.650,0.00
76,137.0,1.60,274.03,14.190,0.00
76,138.0,1.60,285.43,11.400,0.00
76,139.0,1.59,292.88,7.450,359.86
76,140.0,-1.08,299.69,7.580,331.55
76,141.0,-8.85,301.60,8.190,275.44
76,142.0,-18.96,301.60,10.110,270.00
76,143.0,-31.21,301.60,12.250,270.00
76,144.0,-44.93,301.60,13.720,270.00
76,145.0,-58.05,301.60,13.120,270.00
76,146.0,-72.13,301.60,14.080,270.00
76,147.0,-86.05,301.60,13.920,270.00
76,148.0,-99.51,301.60,13.450,270.00
76,149.0,-113.48,301.60,13.980,270.00
76,150.0,-126.76,301.60,13.280,270.00
76,151.0,-140.85,301.60,14.100,270.00
76,152.0,-154.93,301.60,14.080,270.00
76,153.0,-168.39,301.60,13.460,270.00
76,154.0,-182.02,301.60,13.630,270.00
76,155.0,-195.51,301.60,13.490,270.00
76,156.0,-209.12,301.60,13.610,270.00
76,157.0,-222.51,301.60,13.390,270.00
77,0.0,-598.40,-887.70,0.000,0.00
77,1.0,-598.40,-885.41,2.290,0.00
77,2.0,-598.40,-881.51,3.900,0.00
77,3.0,-598.40,-875.05,6.460,0.00
77,4.0,-598.40,-866.42,8.630,0.00
77,5.0,-598.40,-855.35,11.070,0.00
77,6.0,-598.40,-842.97,12.380,0.00
77,7.0,-598.40,-829.62,13.350,0.00
77,8.0,-598.40,-816.73,12.900,0.00
77,9.0,-598.40,-804.14,12.580,0.00
77,10.0,-598.40,-791.37,12.770,0.00
77,11.0,-598.40,-778.51,12.860,0.00
77,12.0,-598.40,-766.12,12.390,0.00
77,13.0,-598.40,-753.12,13.000,0.00
77,14.0,-598.40,-739.70,13.420,0.00
77,15.0,-598.40,-726.30,13.400,0.00
77,16.0,-598.40,-712.86,13.440,0.00
77,17.0,-598.40,-699.58,13.280,0.00
77,18.0,-598.40,-687.15,12.430,0.00
77,19.0,-598.40,-673.75,13.410,0.00
77,20.0,-598.40,-660.51,13.230,0.00
77,21.0,-598.40,-647.61,12.900,0.00
77,22.0,-598.40,-634.08,13.530,0.00
77,23.0,-598.40,-620.82,13.260,0.00
77,24.0,-598.40,-607.73,13.090,0.00
77,25.0,-598.40,-594.76,12.970,0.00
77,26.0,-598.40,-581.98,12.770,0.00
77,27.0,-598.40,-569.16,12.830,0.00
77,28.0,-598.40,-556.09,13.070,0.00
77,29.0,-598.40,-543.71,12.380,0.00
77,30.0,-598.40,-530.56,13.150,0.00
77,31.0,-598.40,-517.26,13.300,0.00
77,32.0,-598.40,-504.74,12.520,0.00
77,33.0,-598.40,-492.22,12.520,0.00
77,34.0,-598.40,-478.71,13.510,0.00
77,35.0,-598.40,-465.15,13.560,0.00
77,36.0,-598.40,-452.41,12.750,0.00
77,37.0,-598.40,-439.35,13.050,0.00
77,38.0,-598.40,-426.89,12.470,0.00
77,39.0,-598.40,-413.90,12.990,0.00
77,40.0,-598.40,-400.91,12.990,0.00
77,41.0,-598.40,-387.83,13.080,0.00
77,42.0,-598.40,-375.41,12.430,0.00
77,43.0,-598.40,-362.09,13.310,0.00
77,44.0,-598.40,-348.73,13.370,0.00
77,45.0,-598.40,-335.80,12.930,0.00
77,46.0,-598.40,-322.53,13.270,0.00
77,47.0,-598.40,-309.13,13.390,0.00
77,48.0,-598.40,-295.51,13.620,0.00
77,49.0,-598.40,-282.63,12.880,0.00
77,50.0,-598.40,-269.20,13.420,0.00
77,51.0,-598.40,-256.72,12.490,0.00
77,52.0,-598.40,-243.13,13.590,0.00
77,53.0,-598.40,-229.66,13.470,0.00
77,54.0,-598.40,-216.12,13.540,0.00
77,55.0,-598.40,-203.71,12.400,0.00
77,56.0,-598.40,-190.48,13.230,0.00
77,57.0,-598.40,-178.07,12.410,0.00
77,58.0,-598.40,-164.81,13.250,0.00
77,59.0,-598.40,-152.33,12.490,0.00
77,60.0,-598.40,-139.83,12.500,0.00
77,61.0,-598.40,-127.39,12.440,0.00
77,62.0,-598.40,-115.00,12.400,0.00
77,63.0,-598.40,-102.06,12.940,0.00
77,64.0,-598.40,-89.64,12.420,0.00
77,65.0,-598.40,-76.87,12.770,0.00
77,66.0,-598.40,-63.28,13.590,0.00
77,67.0,-598.40,-50.71,12.570,0.00
77,68.0,-598.40,-37.47,13.240,0.00
77,69.0,-598.40,-24.66,12.810,0.00
77,70.0,-598.40,-11.08,13.580,0.00
77,71.0,-598.40,2.47,13.550,0.00
77,72.0,-598.40,15.16,12.680,0.00
77,73.0,-598.40,28.22,13.070,0.00
77,74.0,-598.40,41.21,12.980,0.00
77,75.0,-598.40,54.50,13.300,0.00
77,76.0,-598.40,67.66,13.160,0.00
77,77.0,-598.40,80.58,12.910,0.00
77,78.0,-598.40,93.76,13.190,0.00
77,79.0,-598.40,106.84,13.070,0.00
77,80.0,-598.40,119.65,12.820,0.00
77,81.0,-598.40,132.76,13.110,0.00
77,82.0,-598.40,145.10,12.340,0.00
77,83.0,-598.40,158.56,13.450,0.00
77,84.0,-598.40,171.97,13.420,0.00
77,85.0,-598.40,184.43,12.460,0.00
77,86.0,-598.40,196.86,12.430,0.00
77,87.0,-598.40,209.44,12.580,0.00
77,88.0,-598.40,222.15,12.700,0.00
77,89.0,-598.40,235.12,12.980,0.00
77,90.0,-598.40,248.00,12.880,0.00
77,91.0,-598.40,260.54,12.540,0.00
77,92.0,-598.40,273.11,12.570,0.00
77,93.0,-598.40,284.22,11.110,0.00
77,94.0,-598.40,292.50,8.280,0.00
77,95.0,-596.41,297.36,5.510,24.31
77,96.0,-590.80,298.40,5.820,82.79
77,97.0,-582.99,298.40,7.810,90.00
77,98.0,-573.42,298.40,9.570,90.00
77,99.0,-561.42,298.40,12.000,90.00
77,100.0,-548.85,298.40,12.570,90.00
77,101.0,-535.51,298.40,13.330,90.00
77,102.0,-522.86,298.40,12.650,90.00
77,103.0,-510.18,298.40,12.680,90.00
77,104.0,-496.73,298.40,13.450,90.00
77,105.0,-483.31,298.40,13.430,90.00
77,106.0,-469.93,298.40,13.380,90.00
77,107.0,-457.44,298.40,12.490,90.00
77,108.0,-444.05,298.40,13.390,90.00
77,109.0,-431.19,298.40,12.860,90.00
77,110.0,-418.08,298.40,13.110,90.00
77,111.0,-404.88,298.40,13.200,90.00
77,112.0,-392.00,298.40,12.880,90.00
77,113.0,-378.58,298.40,13.420,90.00
77,114.0,-365.71,298.40,12.870,90.00
77,115.0,-353.14,298.40,12.560,90.00
77,116.0,-340.25,298.40,12.900,90.00
77,117.0,-327.51,298.40,12.730,90.00
77,118.0,-315.12,298.40,12.390,90.00
78,0.0,-312.30,1.60,0.000,270.00
78,1.0,-313.75,1.60,1.450,270.00
78,2.0,-317.79,1.60,4.040,270.00
78,3.0,-323.67,1.60,5.880,270.00
78,4.0,-330.96,1.60,7.290,270.00
78,5.0,-340.25,1.60,9.290,270.00
78,6.0,-351.17,1.60,10.920,270.00
78,7.0,-364.02,1.60,12.840,270.00
78,8.0,-376.87,1.60,12.860,270.00
78,9.0,-390.53,1.60,13.660,270.00
78,10.0,-404.17,1.60,13.640,270.00
78,11.0,-417.49,1.60,13.320,270.00
78,12.0,-430.85,1.60,13.360,270.00
78,13.0,-443.74,1.60,12.890,270.00
78,14.0,-456.46,1.60,12.720,270.00
78,15.0,-469.47,1.60,13.010,270.00
78,16.0,-483.08,1.60,13.610,270.00
78,17.0,-496.31,1.60,13.220,270.00
78,18.0,-510.04,1.60,13.730,270.00
78,19.0,-523.03,1.60,12.990,270.00
78,20.0,-536.54,1.60,13.510,270.00
78,21.0,-549.92,1.60,13.390,270.00
78,22.0,-563.03,1.60,13.110,270.00
78,23.0,-575.76,1.60,12.730,270.00
78,24.0,-584.91,1.60,9.150,270.00
78,25.0,-590.38,1.60,5.470,270.00
78,26.0,-592.67,1.60,2.290,270.00
78,27.0,-592.70,1.60,0.020,270.00
78,28.0,-592.70,1.60,0.000,270.00
78,29.0,-592.70,1.60,0.000,270.00
78,30.0,-592.70,1.60,0.000,270.00
78,31.0,-594.68,1.33,2.000,266.91
78,32.0,-597.87,0.32,3.410,255.42
78,33.0,-601.12,-3.84,5.480,215.97
78,34.0,-601.60,-11.83,8.030,180.59
78,35.0,-601.60,-22.32,10.490,180.00
78,36.0,-601.60,-34.38,12.050,180.00
78,37.0,-601.60,-48.01,13.630,180.00
78,38.0,-601.60,-61.18,13.160,180.00
78,39.0,-601.60,-73.88,12.700,180.00
78,40.0,-601.60,-87.76,13.880,180.00
78,41.0,-601.60,-101.15,13.390,180.00
78,42.0,-601.60,-114.24,13.090,180.00
78,43.0,-601.60,-127.03,12.790,180.00
78,44.0,-601.60,-140.28,13.250,180.00
78,45.0,-601.60,-154.06,13.780,180.00
78,46.0,-601.60,-167.06,13.000,180.00
78,47.0,-601.60,-179.84,12.780,180.00
78,48.0,-601.60,-193.36,13.530,180.00
78,49.0,-601.60,-206.06,12.690,180.00
78,50.0,-601.60,-219.17,13.110,180.00
78,51.0,-601.60,-232.14,12.960,180.00
78,52.0,-601.60,-245.58,13.440,180.00
78,53.0,-601.60,-258.46,12.880,180.00
78,54.0,-601.60,-271.28,12.820,180.00
78,55.0,-601.60,-285.23,13.950,180.00
78,56.0,-601.60,-298.66,13.430,180.00
78,57.0,-601.60,-312.06,13.400,180.00
78,58.0,-601.60,-325.19,13.130,180.00
78,59.0,-601.60,-338.41,13.220,180.00
78,60.0,-601.60,-352.11,13.700,180.00
78,61.0,-601.60,-365.18,13.070,180.00
78,62.0,-601.60,-378.36,13.180,180.00
78,63.0,-601.60,-391.59,13.230,180.00
78,64.0,-601.60,-405.27,13.680,180.00
78,65.0,-601.60,-418.34,13.060,180.00
78,66.0,-601.60,-431.91,13.570,180.00
78,67.0,-601.60,-444.67,12.770,180.00
78,68.0,-601.60,-458.53,13.850,180.00
78,69.0,-601.60,-471.37,12.840,180.00
78,70.0,-601.60,-484.74,13.380,180.00
78,71.0,-601.60,-497.95,13.210,180.00
78,72.0,-601.60,-511.44,13.490,180.00
78,73.0,-601.60,-524.52,13.070,180.00
78,74.0,-601.60,-537.25,12.730,180.00
78,75.0,-601.60,-550.81,13.560,180.00
78,76.0,-601.60,-563.79,12.970,180.00
78,77.0,-601.60,-576.55,12.770,180.00
78,78.0,-601.60,-589.40,12.850,180.00
78,79.0,-601.60,-603.36,13.960,180.00
78,80.0,-601.60,-616.39,13.040,180.00
78,81.0,-601.60,-629.26,12.860,180.00
78,82.0,-601.60,-642.12,12.860,180.00
78,83.0,-601.60,-656.00,13.880,180.00
78,84.0,-601.60,-669.65,13.650,180.00
78,85.0,-601.60,-683.07,13.420,180.00
78,86.0,-601.60,-697.04,13.970,180.00
78,87.0,-601.60,-710.35,13.310,180.00
78,88.0,-601.60,-723.29,12.940,180.00
78,89.0,-601.60,-736.53,13.240,180.00
78,90.0,-601.60,-750.25,13.720,180.00
78,91.0,-601.60,-764.08,13.830,180.00
78,92.0,-601.60,-777.79,13.710,180.00
78,93.0,-601.60,-791.30,13.510,180.00
78,94.0,-601.60,-804.49,13.190,180.00
78,95.0,-601.60,-817.97,13.480,180.00
78,96.0,-601.60,-831.16,13.190,180.00
78,97.0,-601.60,-844.59,13.430,180.00
78,98.0,-601.60,-858.51,13.920,180.00
78,99.0,-601.60,-871.79,13.280,180.00
78,100.0,-601.60,-882.99,11.200,180.00
78,101.0,-601.60,-889.89,6.900,180.00
78,102.0,-600.88,-896.94,7.130,171.64
78,103.0,-594.97,-901.29,7.770,113.77
78,104.0,-587.60,-901.60,7.390,90.00
78,105.0,-578.10,-901.60,9.490,90.00
78,106.0,-566.39,-901.60,11.710,90.00
78,107.0,-553.26,-901.60,13.140,90.00
78,108.0,-539.93,-901.60,13.320,90.00
78,109.0,-527.13,-901.60,12.800,90.00
78,110.0,-514.00,-901.60,13.130,90.00
78,111.0,-500.54,-901.60,13.460,90.00
78,112.0,-487.07,-901.60,13.460,90.00
78,113.0,-474.11,-901.60,12.960,90.00
78,114.0,-460.79,-901.60,13.320,90.00
78,115.0,-447.31,-901.60,13.480,90.00
78,116.0,-433.95,-901.60,13.360,90.00
78,117.0,-421.00,-901.60,12.950,90.00
78,118.0,-407.82,-901.60,13.180,90.00
78,119.0,-394.75,-901.60,13.080,90.00
78,120.0,-380.80,-901.60,13.950,90.00
78,121.0,-367.87,-901.60,12.930,90.00
78,122.0,-354.77,-901.60,13.100,90.00
78,123.0,-341.62,-901.60,13.160,90.00
78,124.0,-328.69,-901.60,12.920,90.00
78,125.0,-315.81,-901.60,12.880,90.00
78,126.0,-302.65,-901.60,13.160,90.00
78,127.0,-288.99,-901.60,13.660,90.00
78,128.0,-275.29,-901.60,13.700,90.00
78,129.0,-261.57,-901.60,13.720,90.00
78,130.0,-248.74,-901.60,12.830,90.00
78,131.0,-235.71,-901.60,13.030,90.00
78,132.0,-222.16,-901.60,13.550,90.00
78,133.0,-208.25,-901.60,13.910,90.00
78,134.0,-194.88,-901.60,13.370,90.00
78,135.0,-182.06,-901.60,12.820,90.00
78,136.0,-168.07,-901.60,13.990,90.00
78,137.0,-155.01,-901.60,13.060,90.00
78,138.0,-142.32,-901.60,12.690,90.00
78,139.0,-128.47,-901.60,13.850,90.00
78,140.0,-114.55,-901.60,13.920,90.00
78,141.0,-101.31,-901.60,13.240,90.00
78,142.0,-88.25,-901.60,13.060,90.00
78,143.0,-75.45,-901.60,12.800,90.00
78,144.0,-62.41,-901.60,13.040,90.00
78,145.0,-49.67,-901.60,12.740,90.00
78,146.0,-36.93,-901.60,12.740,90.00
78,147.0,-24.22,-901.60,12.700,90.00
78,148.0,-11.07,-901.60,13.160,90.00
78,149.0,1.76,-901.60,12.820,90.00
78,150.0,15.52,-901.60,13.760,90.00
78,151.0,28.50,-901.60,12.980,90.00
78,152.0,41.56,-901.60,13.060,90.00
78,153.0,54.74,-901.60,13.170,90.00
78,154.0,67.83,-901.60,13.090,90.00
78,155.0,80.82,-901.60,12.990,90.00
79,0.0,-612.30,601.60,0.000,270.00
79,1.0,-613.63,601.60,1.330,270.00
79,2.0,-616.69,601.60,3.050,270.00
79,3.0,-621.21,601.60,4.520,270.00
79,4.0,-627.23,601.60,6.020,270.00
79,5.0,-635.52,601.60,8.290,270.00
79,6.0,-646.08,601.60,10.560,270.00
79,7.0,-658.49,601.60,12.410,270.00
79,8.0,-672.74,601.60,14.250,270.00
79,9.0,-687.62,601.60,14.880,270.00
79,10.0,-701.90,601.60,14.290,270.00
79,11.0,-716.54,601.60,14.640,270.00
79,12.0,-731.35,601.60,14.810,270.00
79,13.0,-745.33,601.60,13.980,270.00
79,14.0,-760.07,601.60,14.740,270.00
79,15.0,-775.06,601.60,14.980,270.00
79,16.0,-789.71,601.60,14.650,270.00
79,17.0,-804.11,601.60,14.400,270.00
79,18.0,-818.63,601.60,14.520,270.00
79,19.0,-832.98,601.60,14.350,270.00
79,20.0,-847.21,601.60,14.230,270.00
79,21.0,-862.13,601.60,14.920,270.00
79,22.0,-875.81,601.60,13.680,270.00
79,23.0,-884.98,601.60,9.180,270.00
79,24.0,-889.99,601.60,5.010,270.00
79,25.0,-892.88,601.54,2.910,269.36
79,26.0,-893.53,598.89,3.700,215.46
79,27.0,-890.69,598.40,2.990,121.16
79,28.0,-885.54,598.40,5.150,90.00
79,29.0,-878.73,598.40,6.810,90.00
79,30.0,-869.89,598.40,8.830,90.00
79,31.0,-858.63,598.40,11.270,90.00
79,32.0,-845.84,598.40,12.790,90.00
79,33.0,-831.76,598.40,14.080,90.00
79,34.0,-817.22,598.40,14.540,90.00
79,35.0,-803.06,598.40,14.160,90.00
79,36.0,-789.21,598.40,13.850,90.00
79,37.0,-774.60,598.40,14.610,90.00
79,38.0,-760.79,598.40,13.810,90.00
79,39.0,-746.36,598.40,14.430,90.00
79,40.0,-732.53,598.40,13.840,90.00
79,41.0,-717.67,598.40,14.860,90.00
79,42.0,-703.27,598.40,14.390,90.00
79,43.0,-688.89,598.40,14.380,90.00
79,44.0,-674.75,598.40,14.140,90.00
79,45.0,-659.80,598.40,14.950,90.00
79,46.0,-645.21,598.40,14.580,90.00
79,47.0,-631.05,598.40,14.160,90.00
79,48.0,-619.56,598.40,11.490,90.00
79,49.0,-611.96,598.40,7.600,90.00
79,50.0,-607.50,598.40,4.450,90.00
79,51.0,-602.49,596.15,5.810,117.42
79,52.0,-601.60,589.38,6.940,177.43
79,53.0,-601.60,581.11,8.280,180.00
79,54.0,-601.60,570.39,10.720,180.00
79,55.0,-601.60,557.53,12.860,180.00
79,56.0,-601.60,542.46,15.080,180.00
79,57.0,-601.60,527.68,14.780,180.00
79,58.0,-601.60,513.34,14.340,180.00
79,59.0,-601.60,499.52,13.820,180.00
79,60.0,-601.60,485.00,14.510,180.00
79,61.0,-601.60,470.21,14.790,180.00
79,62.0,-601.60,455.28,14.930,180.00
79,63.0,-601.60,441.03,14.250,180.00
79,64.0,-601.60,426.58,14.450,180.00
79,65.0,-601.60,412.41,14.170,180.00
79,66.0,-601.60,398.24,14.180,180.00
79,67.0,-601.60,384.21,14.020,180.00
79,68.0,-601.60,369.80,14.410,180.00
79,69.0,-601.60,355.47,14.330,180.00
79,70.0,-601.60,340.75,14.720,180.00
79,71.0,-601.60,326.14,14.610,180.00
79,72.0,-601.60,314.89,11.240,180.00
79,73.0,-601.60,308.15,6.740,180.00
79,74.0,-599.63,305.78,3.700,151.85
79,75.0,-598.40,308.02,2.750,67.24
79,76.0,-598.40,312.46,4.440,0.00
79,77.0,-598.40,318.46,6.010,0.00
79,78.0,-598.40,326.16,7.700,0.00
79,79.0,-598.40,335.97,9.810,0.00
79,80.0,-598.40,347.47,11.500,0.00
79,81.0,-598.40,360.62,13.150,0.00
79,82.0,-598.40,374.72,14.100,0.00
79,83.0,-598.40,389.62,14.890,0.00
79,84.0,-598.40,404.48,14.860,0.00
79,85.0,-598.40,419.16,14.680,0.00
79,86.0,-598.40,433.15,13.990,0.00
79,87.0,-598.40,447.54,14.390,0.00
79,88.0,-598.40,461.39,13.850,0.00
79,89.0,-598.40,476.24,14.850,0.00
79,90.0,-598.40,490.72,14.480,0.00
79,91.0,-598.40,505.10,14.380,0.00
79,92.0,-598.40,519.02,13.920,0.00
79,93.0,-598.40,534.04,15.020,0.00
79,94.0,-598.40,548.69,14.650,0.00
79,95.0,-598.40,563.36,14.670,0.00
79,96.0,-598.40,578.31,14.950,0.00
79,97.0,-598.40,592.15,13.840,0.00
8,0.0,-587.70,298.40,0.000,90.00
8,1.0,-586.32,298.40,1.380,90.00
8,2.0,-582.43,298.40,3.900,90.00
8,3.0,-576.18,298.40,6.250,90.00
8,4.0,-567.72,298.40,8.460,90.00
8,5.0,-557.90,298.40,9.820,90.00
8,6.0,-545.74,298.40,12.160,90.00
8,7.0,-533.61,298.40,12.130,90.00
8,8.0,-521.19,298.40,12.430,90.00
8,9.0,-509.01,298.40,12.180,90.00
8,10.0,-496.04,298.40,12.970,90.00
8,11.0,-483.40,298.40,12.630,90.00
8,12.0,-471.08,298.40,12.330,90.00
8,13.0,-458.93,298.40,12.140,90.00
8,14.0,-446.16,298.40,12.770,90.00
8,15.0,-433.55,298.40,12.620,90.00
8,16.0,-420.91,298.40,12.640,90.00
8,17.0,-407.97,298.40,12.940,90.00
8,18.0,-396.22,298.40,11.750,90.00
8,19.0,-383.20,298.40,13.020,90.00
8,20.0,-371.41,298.40,11.790,90.00
8,21.0,-359.25,298.40,12.150,90.00
8,22.0,-346.78,298.40,12.470,90.00
8,23.0,-334.93,298.40,11.850,90.00
8,24.0,-322.70,298.40,12.230,90.00
8,25.0,-313.15,298.40,9.550,90.00
8,26.0,-308.10,298.40,5.050,90.00
8,27.0,-301.27,298.40,6.830,90.00
8,28.0,-291.94,298.40,9.340,90.00
8,29.0,-280.07,298.40,11.870,90.00
8,30.0,-268.18,298.40,11.880,90.00
8,31.0,-255.24,298.40,12.950,90.00
8,32.0,-243.20,298.40,12.040,90.00
8,33.0,-230.77,298.40,12.430,90.00
8,34.0,-218.65,298.40,12.120,90.00
8,35.0,-206.26,298.40,12.390,90.00
8,36.0,-193.38,298.40,12.880,90.00
8,37.0,-181.41,298.40,11.980,90.00
8,38.0,-168.71,298.40,12.700,90.00
8,39.0,-156.95,298.40,11.750,90.00
8,40.0,-144.75,298.40,12.210,90.00
8,41.0,-132.96,298.40,11.780,90.00
8,42.0,-120.85,298.40,12.120,90.00
8,43.0,-108.76,298.40,12.080,90.00
8,44.0,-95.82,298.40,12.940,90.00
8,45.0,-83.07,298.40,12.750,90.00
8,46.0,-70.23,298.40,12.840,90.00
8,47.0,-57.83,298.40,12.400,90.00
8,48.0,-45.30,298.40,12.540,90.00
8,49.0,-33.48,298.40,11.810,90.00
8,50.0,-20.56,298.40,12.920,90.00
8,51.0,-12.14,298.40,8.420,90.00
8,52.0,-7.78,298.40,4.360,90.00
8,53.0,-1.45,298.40,6.330,90.00
8,54.0,7.08,298.40,8.530,90.00
8,55.0,17.44,298.40,10.360,90.00
8,56.0,30.10,298.40,12.660,90.00
8,57.0,42.75,298.40,12.650,90.00
8,58.0,54.77,298.40,12.020,90.00
8,59.0,67.28,298.40,12.510,90.00
8,60.0,79.69,298.40,12.410,90.00
8,61.0,91.88,298.40,12.190,90.00
8,62.0,103.93,298.40,12.050,90.00
8,63.0,116.39,298.40,12.470,90.00
8,64.0,128.30,298.40,11.900,90.00
8,65.0,140.52,298.40,12.220,90.00
8,66.0,153.34,298.40,12.820,90.00
8,67.0,165.20,298.40,11.860,90.00
8,68.0,178.08,298.40,12.890,90.00
8,69.0,190.58,298.40,12.500,90.00
8,70.0,202.64,298.40,12.060,90.00
8,71.0,215.38,298.40,12.740,90.00
8,72.0,228.10,298.40,12.720,90.00
8,73.0,240.50,298.40,12.400,90.00
8,74.0,252.87,298.40,12.370,90.00
8,75.0,265.09,298.40,12.230,90.00
8,76.0,278.07,298.40,12.980,90.00
8,77.0,287.11,298.40,9.040,90.00
8,78.0,292.12,298.40,5.010,90.00
8,79.0,297.13,296.78,5.450,109.54
8,80.0,298.40,291.86,5.200,166.22
8,81.0,298.40,284.16,7.690,180.00
8,82.0,298.40,275.13,9.030,180.00
8,83.0,298.40,263.64,11.500,180.00
8,84.0,298.40,250.83,12.810,180.00
8,85.0,298.40,238.07,12.760,180.00
8,86.0,298.40,225.72,12.350,180.00
8,87.0,298.40,213.61,12.110,180.00
8,88.0,298.40,200.74,12.870,180.00
8,89.0,298.40,188.95,11.790,180.00
8,90.0,298.40,175.98,12.970,180.00
8,91.0,298.40,163.77,12.220,180.00
8,92.0,298.40,151.85,11.920,180.00
8,93.0,298.40,139.42,12.430,180.00
8,94.0,298.40,127.56,11.870,180.00
8,95.0,298.40,115.83,11.730,180.00
8,96.0,298.40,103.62,12.200,180.00
8,97.0,298.40,90.64,12.990,180.00
8,98.0,298.40,77.77,12.870,180.00
8,99.0,298.40,65.80,11.970,180.00
8,100.0,298.40,53.15,12.660,180.00
8,101.0,298.40,40.71,12.440,180.00
8,102.0,298.40,28.25,12.460,180.00
8,103.0,298.40,15.80,12.440,180.00
8,104.0,298.40,3.16,12.650,180.00
8,105.0,298.40,-8.78,11.940,180.00
8,106.0,298.40,-21.68,12.900,180.00
8,107.0,298.40,-33.91,12.230,180.00
8,108.0,298.40,-46.45,12.540,180.00
8,109.0,298.40,-59.26,12.810,180.00
8,110.0,298.40,-71.65,12.390,180.00
8,111.0,298.40,-83.83,12.180,180.00
8,112.0,298.40,-96.04,12.210,180.00
8,113.0,298.40,-108.93,12.890,180.00
8,114.0,298.40,-121.58,12.660,180.00
8,115.0,298.40,-134.41,12.830,180.00
8,116.0,298.40,-146.79,12.380,180.00
8,117.0,298.40,-158.64,11.840,180.00
8,118.0,298.40,-170.91,12.280,180.00
8,119.0,298.40,-183.18,12.270,180.00
8,120.0,298.40,-195.27,12.090,180.00
8,121.0,298.40,-208.12,12.850,180.00
8,122.0,298.40,-220.54,12.420,180.00
8,123.0,298.40,-232.63,12.090,180.00
8,124.0,298.40,-244.65,12.020,180.00
8,125.0,298.40,-256.41,11.760,180.00
8,126.0,298.40,-268.69,12.290,180.00
8,127.0,298.40,-281.72,13.020,180.00
8,128.0,298.40,-294.03,12.310,180.00
8,129.0,298.40,-306.36,12.340,180.00
8,130.0,298.40,-319.17,12.810,180.00
8,131.0,298.40,-331.72,12.550,180.00
8,132.0,298.40,-344.60,12.880,180.00
8,133.0,298.40,-357.20,12.600,180.00
8,134.0,298.40,-370.01,12.810,180.00
8,135.0,298.40,-382.65,12.640,180.00
8,136.0,298.40,-395.02,12.370,180.00
8,137.0,298.40,-407.60,12.580,180.00
8,138.0,298.40,-420.09,12.490,180.00
8,139.0,298.40,-432.89,12.800,180.00
8,140.0,298.40,-444.87,11.980,180.00
8,141.0,298.40,-457.06,12.200,180.00
8,142.0,298.40,-469.43,12.360,180.00
8,143.0,298.40,-481.98,12.550,180.00
8,144.0,298.40,-493.91,11.940,180.00
8,145.0,298.40,-506.41,12.490,180.00
8,146.0,298.40,-519.30,12.890,180.00
8,147.0,298.40,-532.26,12.960,180.00
8,148.0,298.40,-544.45,12.190,180.00
8,149.0,298.40,-557.48,13.020,180.00
8,150.0,298.40,-570.05,12.580,180.00
8,151.0,298.40,-582.45,12.400,180.00
8,152.0,298.40,-594.26,11.810,180.00
8,153.0,298.40,-606.32,12.060,180.00
8,154.0,298.40,-618.66,12.340,180.00
8,155.0,298.40,-630.85,12.190,180.00
8,156.0,298.40,-642.76,11.910,180.00
8,157.0,298.40,-655.64,12.880,180.00
8,158.0,298.40,-667.51,11.870,180.00
8,159.0,298.40,-680.04,12.530,180.00
8,160.0,298.40,-691.98,11.950,180.00
8,161.0,298.40,-704.86,12.870,180.00
8,162.0,298.40,-717.23,12.370,180.00
8,163.0,298.40,-729.45,12.220,180.00
8,164.0,298.40,-742.20,12.740,180.00
8,165.0,298.40,-754.16,11.970,180.00
8,166.0,298.40,-766.50,12.340,180.00
8,167.0,298.40,-778.97,12.470,180.00
8,168.0,298.40,-791.02,12.050,180.00
8,169.0,298.40,-803.71,12.690,180.00
8,170.0,298.40,-815.67,11.970,180.00
8,171.0,298.40,-828.43,12.760,180.00
8,172.0,298.40,-841.13,12.700,180.00
8,173.0,298.40,-853.48,12.350,180.00
8,174.0,298.40,-865.49,12.000,180.00
8,175.0,298.40,-877.79,12.300,180.00
8,176.0,298.40,-886.76,8.980,180.00
8,177.0,298.40,-891.41,4.650,180.00
8,178.0,299.12,-893.89,2.700,171.38
8,179.0,301.26,-893.31,2.750,116.92
8,180.0,301.60,-890.91,2.510,36.02
8,181.0,301.60,-885.97,4.940,0.00
8,182.0,301.60,-878.52,7.450,0.00
8,183.0,301.60,-868.61,9.910,0.00
8,184.0,301.60,-856.65,11.960,0.00
8,185.0,301.60,-844.50,12.150,0.00
8,186.0,301.60,-832.39,12.100,0.00
8,187.0,301.60,-819.46,12.940,0.00
8,188.0,301.60,-806.68,12.780,0.00
8,189.0,301.60,-794.45,12.230,0.00
8,190.0,301.60,-781.76,12.690,0.00
8,191.0,301.60,-769.23,12.540,0.00
8,192.0,301.60,-757.10,12.130,0.00
8,193.0,301.60,-744.75,12.350,0.00
8,194.0,301.60,-732.82,11.930,0.00
8,195.0,301.60,-719.90,12.920,0.00
8,196.0,301.60,-706.94,12.960,0.00
8,197.0,301.60,-693.98,12.970,0.00
8,198.0,301.60,-682.22,11.760,0.00
8,199.0,301.60,-669.64,12.580,0.00
8,200.0,301.60,-657.05,12.580,0.00
8,201.0,301.60,-644.71,12.340,0.00
8,202.0,301.60,-632.58,12.120,0.00
8,203.0,301.60,-620.61,11.980,0.00
8,204.0,301.60,-607.72,12.880,0.00
80,0.0,-901.60,287.70,0.000,180.00
80,1.0,-901.60,286.20,1.500,180.00
80,2.0,-901.60,283.07,3.130,180.00
80,3.0,-901.60,277.64,5.430,180.00
80,4.0,-901.60,269.98,7.670,180.00
80,5.0,-901.60,260.78,9.200,180.00
80,6.0,-901.60,249.66,11.120,180.00
80,7.0,-901.60,236.16,13.490,180.00
80,8.0,-901.60,222.61,13.550,180.00
80,9.0,-901.60,209.05,13.570,180.00
80,10.0,-901.60,195.08,13.960,180.00
80,11.0,-901.60,181.94,13.140,180.00
80,12.0,-901.60,168.83,13.110,180.00
80,13.0,-901.60,155.12,13.710,180.00
80,14.0,-901.60,141.24,13.890,180.00
80,15.0,-901.60,127.50,13.740,180.00
80,16.0,-901.60,113.33,14.180,180.00
80,17.0,-901.60,99.80,13.520,180.00
80,18.0,-901.60,85.54,14.270,180.00
80,19.0,-901.60,72.34,13.200,180.00
80,20.0,-901.60,59.15,13.190,180.00
80,21.0,-901.60,45.80,13.350,180.00
80,22.0,-901.60,31.67,14.130,180.00
80,23.0,-901.60,17.99,13.690,180.00
80,24.0,-901.60,4.33,13.660,180.00
80,25.0,-901.60,-9.62,13.950,180.00
80,26.0,-901.60,-22.98,13.360,180.00
80,27.0,-901.60,-37.23,14.240,180.00
80,28.0,-901.60,-50.42,13.190,180.00
80,29.0,-901.60,-63.76,13.340,180.00
80,30.0,-901.60,-77.90,14.130,180.00
80,31.0,-901.60,-91.64,13.740,180.00
80,32.0,-901.60,-105.07,13.420,180.00
80,33.0,-901.60,-118.15,13.090,180.00
80,34.0,-901.60,-131.83,13.670,180.00
80,35.0,-901.60,-145.53,13.700,180.00
80,36.0,-901.60,-159.11,13.580,180.00
80,37.0,-901.60,-172.35,13.240,180.00
80,38.0,-901.60,-186.05,13.700,180.00
80,39.0,-901.60,-200.03,13.970,180.00
80,40.0,-901.60,-213.75,13.730,180.00
80,41.0,-901.60,-227.88,14.130,180.00
80,42.0,-901.60,-241.11,13.230,180.00
80,43.0,-901.60,-254.95,13.840,180.00
80,44.0,-901.60,-268.52,13.570,180.00
80,45.0,-901.60,-282.11,13.580,180.00
80,46.0,-901.60,-291.19,9.080,180.00
80,47.0,-901.18,-295.74,4.580,175.16
80,48.0,-897.53,-300.52,6.310,136.83
80,49.0,-889.52,-301.60,8.200,92.79
80,50.0,-879.71,-301.60,9.800,90.00
80,51.0,-868.42,-301.60,11.290,90.00
80,52.0,-855.01,-301.60,13.410,90.00
80,53.0,-841.69,-301.60,13.320,90.00
80,54.0,-827.47,-301.60,14.220,90.00
80,55.0,-813.23,-301.60,14.240,90.00
80,56.0,-799.47,-301.60,13.760,90.00
80,57.0,-786.05,-301.60,13.420,90.00
80,58.0,-772.43,-301.60,13.620,90.00
80,59.0,-758.36,-301.60,14.070,90.00
80,60.0,-744.77,-301.60,13.590,90.00
80,61.0,-731.33,-301.60,13.440,90.00
80,62.0,-717.98,-301.60,13.350,90.00
80,63.0,-704.66,-301.60,13.330,90.00
80,64.0,-691.30,-301.60,13.360,90.00
80,65.0,-677.78,-301.60,13.520,90.00
80,66.0,-664.07,-301.60,13.710,90.00
80,67.0,-650.46,-301.60,13.610,90.00
80,68.0,-636.86,-301.60,13.610,90.00
80,69.0,-624.02,-301.60,12.840,90.00
80,70.0,-615.00,-301.60,9.020,90.00
80,71.0,-608.96,-301.60,6.040,90.00
80,72.0,-601.37,-301.60,7.590,90.00
80,73.0,-592.23,-301.60,9.140,90.00
80,74.0,-581.46,-301.60,10.760,90.00
80,75.0,-569.35,-301.60,12.110,90.00
80,76.0,-555.94,-301.60,13.410,90.00
80,77.0,-542.57,-301.60,13.370,90.00
80,78.0,-528.66,-301.60,13.920,90.00
80,79.0,-515.38,-301.60,13.280,90.00
80,80.0,-501.90,-301.60,13.480,90.00
80,81.0,-488.11,-301.60,13.790,90.00
80,82.0,-473.94,-301.60,14.170,90.00
80,83.0,-459.83,-301.60,14.110,90.00
80,84.0,-446.26,-301.60,13.570,90.00
80,85.0,-432.86,-301.60,13.400,90.00
80,86.0,-419.07,-301.60,13.790,90.00
80,87.0,-405.96,-301.60,13.110,90.00
80,88.0,-391.95,-301.60,14.010,90.00
80,89.0,-378.35,-301.60,13.600,90.00
80,90.0,-364.63,-301.60,13.720,90.00
80,91.0,-351.20,-301.60,13.440,90.00
80,92.0,-337.62,-301.60,13.580,90.00
80,93.0,-324.37,-301.60,13.250,90.00
80,94.0,-314.69,-301.60,9.680,90.00
80,95.0,-309.51,-301.60,5.180,90.00
80,96.0,-302.26,-301.60,7.250,90.00
80,97.0,-292.62,-301.60,9.650,90.00
80,98.0,-280.93,-301.60,11.680,90.00
80,99.0,-267.91,-301.60,13.020,90.00
80,100.0,-254.49,-301.60,13.420,90.00
80,101.0,-240.26,-301.60,14.230,90.00
80,102.0,-227.14,-301.60,13.120,90.00
80,103.0,-213.13,-301.60,14.020,90.00
80,104.0,-199.46,-301.60,13.660,90.00
80,105.0,-186.15,-301.60,13.310,90.00
80,106.0,-171.82,-301.60,14.330,90.00
80,107.0,-158.17,-301.60,13.650,90.00
80,108.0,-144.91,-301.60,13.260,90.00
80,109.0,-131.81,-301.60,13.100,90.00
80,110.0,-117.96,-301.60,13.850,90.00
80,111.0,-104.63,-301.60,13.330,90.00
80,112.0,-90.69,-301.60,13.940,90.00
80,113.0,-77.39,-301.60,13.300,90.00
80,114.0,-63.92,-301.60,13.470,90.00
80,115.0,-50.40,-301.60,13.530,90.00
80,116.0,-36.25,-301.60,14.140,90.00
80,117.0,-22.39,-301.60,13.860,90.00
80,118.0,-13.03,-301.60,9.360,90.00
80,119.0,-8.07,-301.60,4.970,90.00
80,120.0,-7.60,-301.60,0.470,90.00
80,121.0,-5.96,-301.60,1.640,90.00
80,122.0,-5.75,-301.60,0.210,90.00
80,123.0,-4.09,-301.60,1.660,90.00
80,124.0,-0.52,-301.60,3.570,90.00
80,125.0,4.95,-301.60,5.470,90.00
80,126.0,12.91,-301.60,7.960,90.00
80,127.0,23.11,-301.60,10.200,90.00
80,128.0,35.09,-301.60,11.980,90.00
80,129.0,49.44,-301.60,14.350,90.00
80,130.0,62.88,-301.60,13.450,90.00
80,131.0,76.52,-301.60,13.640,90.00
80,132.0,90.28,-301.60,13.770,90.00
80,133.0,104.51,-301.60,14.220,90.00
80,134.0,118.22,-301.60,13.710,90.00
80,135.0,131.47,-301.60,13.250,90.00
80,136.0,144.57,-301.60,13.100,90.00
80,137.0,158.71,-301.60,14.130,90.00
80,138.0,172.06,-301.60,13.350,90.00
80,139.0,185.97,-301.60,13.910,90.00
80,140.0,199.39,-301.60,13.420,90.00
80,141.0,213.27,-301.60,13.880,90.00
80,142.0,226.43,-301.60,13.160,90.00
80,143.0,240.58,-301.60,14.150,90.00
80,144.0,254.02,-301.60,13.440,90.00
80,145.0,268.12,-301.60,14.100,90.00
80,146.0,279.79,-301.60,11.670,90.00
80,147.0,288.11,-301.60,8.320,90.00
80,148.0,292.06,-301.60,3.950,90.00
80,149.0,298.25,-300.09,6.490,73.40
80,150.0,301.40,-294.22,7.010,19.75
80,151.0,301.60,-286.60,7.640,0.00
80,152.0,301.60,-277.23,9.360,0.00
80,153.0,301.60,-265.72,11.510,0.00
81,0.0,-612.30,601.60,0.000,270.00
81,1.0,-613.59,601.60,1.290,270.00
81,2.0,-617.37,601.60,3.790,270.00
81,3.0,-622.48,601.60,5.110,270.00
81,4.0,-629.65,601.60,7.170,270.00
81,5.0,-639.26,601.60,9.610,270.00
81,6.0,-651.09,601.60,11.820,270.00
81,7.0,-664.32,601.60,13.230,270.00
81,8.0,-677.58,601.60,13.260,270.00
81,9.0,-690.57,601.60,12.990,270.00
81,10.0,-703.98,601.60,13.410,270.00
81,11.0,-716.98,601.60,13.000,270.00
81,12.0,-730.30,601.60,13.320,270.00
81,13.0,-743.55,601.60,13.250,270.00
81,14.0,-756.46,601.60,12.910,270.00
81,15.0,-769.65,601.60,13.190,270.00
81,16.0,-782.37,601.60,12.720,270.00
81,17.0,-796.02,601.60,13.650,270.00
81,18.0,-808.67,601.60,12.650,270.00
81,19.0,-821.55,601.60,12.870,270.00
81,20.0,-834.26,601.60,12.720,270.00
81,21.0,-846.87,601.60,12.610,270.00
81,22.0,-860.32,601.60,13.440,270.00
81,23.0,-872.64,601.60,12.320,270.00
81,24.0,-881.36,601.60,8.720,270.00
81,25.0,-888.20,601.60,6.840,270.00
81,26.0,-892.31,601.60,4.120,270.00
81,27.0,-894.11,599.43,3.460,236.94
81,28.0,-891.82,598.40,2.670,151.96
81,29.0,-887.10,598.40,4.720,90.00
81,30.0,-880.00,598.40,7.100,90.00
81,31.0,-870.90,598.40,9.100,90.00
81,32.0,-859.68,598.40,11.220,90.00
81,33.0,-846.84,598.40,12.840,90.00
81,34.0,-833.39,598.40,13.450,90.00
81,35.0,-820.28,598.40,13.110,90.00
81,36.0,-807.34,598.40,12.940,90.00
81,37.0,-794.21,598.40,13.140,90.00
81,38.0,-781.00,598.40,13.210,90.00
81,39.0,-767.48,598.40,13.520,90.00
81,40.0,-754.51,598.40,12.970,90.00
81,41.0,-741.03,598.40,13.480,90.00
81,42.0,-727.59,598.40,13.440,90.00
81,43.0,-714.47,598.40,13.120,90.00
81,44.0,-701.14,598.40,13.330,90.00
81,45.0,-687.79,598.40,13.350,90.00
81,46.0,-674.15,598.40,13.640,90.00
81,47.0,-661.17,598.40,12.990,90.00
81,48.0,-647.98,598.40,13.180,90.00
81,49.0,-635.16,598.40,12.820,90.00
81,50.0,-622.57,598.40,12.590,90.00
81,51.0,-614.25,598.40,8.320,90.00
81,52.0,-608.88,598.40,5.370,90.00
81,53.0,-601.09,598.40,7.790,90.00
81,54.0,-591.33,598.40,9.760,90.00
81,55.0,-579.90,598.40,11.430,90.00
81,56.0,-566.75,598.40,13.160,90.00
81,57.0,-553.35,598.40,13.400,90.00
81,58.0,-540.35,598.40,13.000,90.00
81,59.0,-527.72,598.40,12.630,90.00
81,60.0,-514.88,598.40,12.840,90.00
81,61.0,-501.96,598.40,12.920,90.00
81,62.0,-488.95,598.40,13.020,90.00
81,63.0,-475.73,598.40,13.220,90.00
81,64.0,-462.08,598.40,13.640,90.00
81,65.0,-448.76,598.40,13.320,90.00
81,66.0,-435.46,598.40,13.310,90.00
81,67.0,-422.17,598.40,13.280,90.00
81,68.0,-409.19,598.40,12.980,90.00
81,69.0,-395.53,598.40,13.660,90.00
81,70.0,-381.93,598.40,13.600,90.00
81,71.0,-369.37,598.40,12.560,90.00
81,72.0,-355.90,598.40,13.460,90.00
81,73.0,-342.44,598.40,13.470,90.00
81,74.0,-329.47,598.40,12.960,90.00
81,75.0,-317.62,598.40,11.850,90.00
81,76.0,-310.28,598.40,7.350,90.00
81,77.0,-300.66,598.40,9.610,90.00
81,78.0,-288.48,598.40,12.180,90.00
81,79.0,-275.66,598.40,12.820,90.00
81,80.0,-262.17,598.40,13.490,90.00
81,81.0,-249.36,598.40,12.810,90.00
81,82.0,-236.00,598.40,13.360,90.00
81,83.0,-222.73,598.40,13.270,90.00
81,84.0,-209.84,598.40,12.890,90.00
81,85.0,-196.85,598.40,12.990,90.00
81,86.0,-183.14,598.40,13.710,90.00
81,87.0,-170.26,598.40,12.880,90.00
81,88.0,-156.68,598.40,13.580,90.00
81,89.0,-143.35,598.40,13.330,90.00
81,90.0,-130.27,598.40,13.080,90.00
81,91.0,-117.37,598.40,12.910,90.00
81,92.0,-104.02,598.40,13.340,90.00
81,93.0,-90.25,598.40,13.780,90.00
81,94.0,-76.85,598.40,13.390,90.00
81,95.0,-63.41,598.40,13.440,90.00
81,96.0,-50.73,598.40,12.680,90.00
81,97.0,-37.45,598.40,13.290,90.00
81,98.0,-23.65,598.40,13.800,90.00
81,99.0,-14.35,598.40,9.300,90.00
81,100.0,-9.32,598.40,5.030,90.00
81,101.0,-2.32,598.40,7.000,90.00
81,102.0,6.09,598.40,8.410,90.00
81,103.0,16.73,598.40,10.640,90.00
81,104.0,29.26,598.40,12.530,90.00
81,105.0,42.78,598.40,13.520,90.00
81,106.0,55.74,598.40,12.960,90.00
81,107.0,69.26,598.40,13.520,90.00
81,108.0,82.23,598.40,12.970,90.00
81,109.0,95.29,598.40,13.060,90.00
81,110.0,108.24,598.40,12.950,90.00
81,111.0,121.61,598.40,13.370,90.00
81,112.0,134.60,598.40,12.990,90.00
81,113.0,148.10,598.40,13.500,90.00
81,114.0,161.34,598.40,13.240,90.00
81,115.0,174.44,598.40,13.100,90.00
81,116.0,187.60,598.40,13.160,90.00
81,117.0,200.43,598.40,12.830,90.00
81,118.0,214.03,598.40,13.600,90.00
81,119.0,227.71,598.40,13.670,90.00
81,120.0,241.29,598.40,13.590,90.00
81,121.0,255.01,598.40,13.720,90.00
81,122.0,268.40,598.40,13.390,90.00
81,123.0,280.41,598.40,12.000,90.00
81,124.0,287.91,598.40,7.500,90.00
81,125.0,291.98,598.40,4.070,90.00
81,126.0,297.44,598.40,5.460,90.00
81,127.0,305.29,598.40,7.850,90.00
81,128.0,314.67,598.40,9.390,90.00
81,129.0,326.64,598.40,11.960,90.00
81,130.0,340.25,598.40,13.610,90.00
81,131.0,353.02,598.40,12.770,90.00
81,132.0,365.90,598.40,12.880,90.00
81,133.0,379.46,598.40,13.570,90.00
81,134.0,392.52,598.40,13.060,90.00
81,135.0,405.19,598.40,12.670,90.00
81,136.0,417.94,598.40,12.750,90.00
81,137.0,431.76,598.40,13.810,90.00
81,138.0,444.41,598.40,12.650,90.00
81,139.0,457.25,598.40,12.840,90.00
81,140.0,470.48,598.40,13.230,90.00
81,141.0,483.89,598.40,13.410,90.00
81,142.0,497.18,598.40,13.300,90.00
81,143.0,510.41,598.40,13.230,90.00
81,144.0,523.06,598.40,12.640,90.00
81,145.0,536.53,598.40,13.470,90.00
81,146.0,550.10,598.40,13.580,90.00
81,147.0,563.42,598.40,13.310,90.00
81,148.0,577.01,598.40,13.600,90.00
81,149.0,586.11,598.40,9.100,90.00
81,150.0,591.03,598.40,4.920,90.00
82,0.0,601.60,612.30,0.000,0.00
82,1.0,601.60,614.37,2.070,0.00
82,2.0,601.60,618.54,4.180,0.00
82,3.0,601.60,624.55,6.010,0.00
82,4.0,601.60,633.01,8.460,0.00
82,5.0,601.60,643.54,10.540,0.00
82,6.0,601.60,655.41,11.870,0.00
82,7.0,601.60,668.61,13.190,0.00
82,8.0,601.60,682.40,13.800,0.00
82,9.0,601.60,695.59,13.190,0.00
82,10.0,601.60,708.47,12.870,0.00
82,11.0,601.60,722.31,13.840,0.00
82,12.0,601.60,735.76,13.450,0.00
82,13.0,601.60,749.11,13.350,0.00
82,14.0,601.60,762.04,12.930,0.00
82,15.0,601.60,775.79,13.750,0.00
82,16.0,601.60,788.88,13.100,0.00
82,17.0,601.60,802.04,13.160,0.00
82,18.0,601.60,815.74,13.700,0.00
82,19.0,601.60,829.32,13.580,0.00
82,20.0,601.60,842.95,13.630,0.00
82,21.0,601.60,856.46,13.510,0.00
82,22.0,601.60,870.14,13.680,0.00
82,23.0,601.60,881.61,11.470,0.00
82,24.0,601.60,888.97,7.350,0.00
82,25.0,601.08,896.42,7.490,354.06
82,26.0,595.26,901.25,8.050,296.72
82,27.0,587.58,901.60,7.710,270.00
82,28.0,578.08,901.60,9.500,270.00
82,29.0,566.98,901.60,11.100,270.00
82,30.0,553.35,901.60,13.630,270.00
82,31.0,540.18,901.60,13.180,270.00
82,32.0,527.30,901.60,12.870,270.00
82,33.0,514.38,901.60,12.920,270.00
82,34.0,500.71,901.60,13.670,270.00
82,35.0,487.39,901.60,13.320,270.00
82,36.0,474.35,901.60,13.040,270.00
82,37.0,461.05,901.60,13.310,270.00
82,38.0,447.36,901.60,13.680,270.00
82,39.0,433.54,901.60,13.820,270.00
82,40.0,419.51,901.60,14.030,270.00
82,41.0,406.15,901.60,13.360,270.00
82,42.0,392.99,901.60,13.160,270.00
82,43.0,379.81,901.60,13.180,270.00
82,44.0,365.80,901.60,14.020,270.00
82,45.0,352.06,901.60,13.740,270.00
82,46.0,338.45,901.60,13.610,270.00
82,47.0,325.37,901.60,13.080,270.00
82,48.0,312.45,901.60,12.930,270.00
82,49.0,298.43,901.60,14.020,270.00
82,50.0,285.31,901.60,13.120,270.00
82,51.0,272.24,901.60,13.060,270.00
82,52.0,259.18,901.60,13.060,270.00
82,53.0,245.41,901.60,13.770,270.00
82,54.0,231.42,901.60,13.990,270.00
82,55.0,218.44,901.60,12.980,270.00
82,56.0,205.57,901.60,12.870,270.00
82,57.0,192.46,901.60,13.110,270.00
82,58.0,179.61,901.60,12.860,270.00
82,59.0,166.41,901.60,13.200,270.00
82,60.0,152.56,901.60,13.850,270.00
82,61.0,139.69,901.60,12.870,270.00
82,62.0,126.50,901.60,13.190,270.00
82,63.0,112.86,901.60,13.640,270.00
82,64.0,99.97,901.60,12.890,270.00
82,65.0,86.56,901.60,13.400,270.00
82,66.0,73.36,901.60,13.200,270.00
82,67.0,59.76,901.60,13.600,270.00
82,68.0,45.85,901.60,13.910,270.00
82,69.0,32.46,901.60,13.390,270.00
82,70.0,18.91,901.60,13.560,270.00
82,71.0,5.16,901.60,13.750,270.00
82,72.0,-8.23,901.60,13.390,270.00
82,73.0,-22.34,901.60,14.100,270.00
82,74.0,-35.91,901.60,13.570,270.00
82,75.0,-49.33,901.60,13.420,270.00
82,76.0,-63.15,901.60,13.820,270.00
82,77.0,-76.92,901.60,13.770,270.00
82,78.0,-90.97,901.60,14.060,270.00
82,79.0,-103.99,901.60,13.020,270.00
82,80.0,-118.02,901.60,14.020,270.00
82,81.0,-131.77,901.60,13.750,270.00
82,82.0,-144.78,901.60,13.020,270.00
82,83.0,-158.70,901.60,13.920,270.00
82,84.0,-171.92,901.60,13.220,270.00
82,85.0,-184.84,901.60,12.920,270.00
82,86.0,-198.33,901.60,13.490,270.00
82,87.0,-212.24,901.60,13.910,270.00
82,88.0,-225.29,901.60,13.050,270.00
82,89.0,-239.21,901.60,13.920,270.00
82,90.0,-252.99,901.60,13.780,270.00
82,91.0,-265.91,901.60,12.920,270.00
82,92.0,-277.81,901.60,11.900,270.00
82,93.0,-291.31,901.60,13.500,270.00
82,94.0,-301.87,901.60,10.560,270.00
82,95.0,-310.00,901.60,8.130,270.00
82,96.0,-318.35,901.60,8.340,270.00
82,97.0,-326.97,901.60,8.620,270.00
82,98.0,-337.89,901.60,10.920,270.00
82,99.0,-349.93,901.60,12.050,270.00
82,100.0,-361.86,901.60,11.920,270.00
82,101.0,-373.77,901.60,11.910,270.00
82,102.0,-385.71,901.60,11.940,270.00
82,103.0,-397.56,901.60,11.850,270.00
82,104.0,-409.26,901.60,11.690,270.00
82,105.0,-420.67,901.60,11.420,270.00
82,106.0,-432.56,901.60,11.880,270.00
82,107.0,-444.81,901.60,12.250,270.00
82,108.0,-457.19,901.60,12.380,270.00
82,109.0,-468.82,901.60,11.640,270.00
82,110.0,-480.15,901.60,11.320,270.00
82,111.0,-491.94,901.60,11.790,270.00
82,112.0,-503.70,901.60,11.760,270.00
82,113.0,-515.41,901.60,11.710,270.00
82,114.0,-526.81,901.60,11.400,270.00
82,115.0,-539.74,901.60,12.930,270.00
82,116.0,-552.84,901.60,13.100,270.00
82,117.0,-564.57,901.60,11.730,270.00
82,118.0,-575.27,901.60,10.700,270.00
82,119.0,-582.08,901.60,6.810,270.00
82,120.0,-586.61,901.60,4.530,270.00
82,121.0,-588.21,901.60,1.600,270.00
82,122.0,-590.74,901.60,2.530,270.00
82,123.0,-594.60,901.60,3.870,270.00
82,124.0,-600.13,901.60,5.520,270.00
82,125.0,-607.11,901.60,6.980,270.00
82,126.0,-616.40,901.60,9.290,270.00
82,127.0,-627.23,901.60,10.840,270.00
82,128.0,-640.45,901.60,13.220,270.00
82,129.0,-653.93,901.60,13.470,270.00
82,130.0,-667.85,901.60,13.920,270.00
82,131.0,-681.26,901.60,13.410,270.00
82,132.0,-694.29,901.60,13.040,270.00
82,133.0,-707.61,901.60,13.310,270.00
82,134.0,-721.25,901.60,13.650,270.00
82,135.0,-735.16,901.60,13.910,270.00
82,136.0,-748.08,901.60,12.920,270.00
82,137.0,-761.58,901.60,13.510,270.00
82,138.0,-775.41,901.60,13.830,270.00
82,139.0,-788.92,901.60,13.510,270.00
82,140.0,-803.01,901.60,14.090,270.00
82,141.0,-816.28,901.60,13.270,270.00
82,142.0,-830.30,901.60,14.030,270.00
82,143.0,-843.78,901.60,13.480,270.00
82,144.0,-857.15,901.60,13.360,270.00
82,145.0,-870.40,901.60,13.250,270.00
82,146.0,-883.71,901.60,13.310,270.00
82,147.0,-893.94,901.60,10.240,270.00
82,148.0,-899.85,900.73,6.090,259.75
82,149.0,-901.60,895.69,5.620,194.46
82,150.0,-901.60,888.37,7.320,180.00
83,0.0,-601.60,587.70,0.000,180.00
83,1.0,-601.60,585.28,2.420,180.00
83,2.0,-601.60,580.30,4.980,180.00
83,3.0,-601.60,573.45,6.850,180.00
83,4.0,-601.60,565.21,8.240,180.00
83,5.0,-601.60,554.91,10.300,180.00
83,6.0,-601.60,542.44,12.470,180.00
83,7.0,-601.60,529.14,13.300,180.00
83,8.0,-601.60,516.98,12.160,180.00
83,9.0,-601.60,504.67,12.310,180.00
83,10.0,-601.60,491.58,13.090,180.00
83,11.0,-601.60,478.90,12.690,180.00
83,12.0,-601.60,466.20,12.700,180.00
83,13.0,-601.60,453.17,13.040,180.00
83,14.0,-601.60,440.00,13.170,180.00
83,15.0,-601.60,427.73,12.270,180.00
83,16.0,-601.60,415.15,12.580,180.00
83,17.0,-601.60,402.97,12.180,180.00
83,18.0,-601.60,390.78,12.190,180.00
83,19.0,-601.60,377.48,13.310,180.00
83,20.0,-601.60,364.58,12.890,180.00
83,21.0,-601.60,351.46,13.120,180.00
83,22.0,-601.60,338.59,12.870,180.00
83,23.0,-601.60,326.24,12.350,180.00
83,24.0,-601.60,314.72,11.520,180.00
83,25.0,-601.60,307.70,7.020,180.00
83,26.0,-601.15,304.04,3.700,174.80
83,27.0,-598.02,299.77,5.510,140.92
83,28.0,-591.62,298.40,6.670,96.22
83,29.0,-582.51,298.40,9.110,90.00
83,30.0,-571.19,298.40,11.310,90.00
83,31.0,-558.84,298.40,12.360,90.00
83,32.0,-546.15,298.40,12.690,90.00
83,33.0,-533.30,298.40,12.840,90.00
83,34.0,-519.92,298.40,13.380,90.00
83,35.0,-507.30,298.40,12.630,90.00
83,36.0,-494.94,298.40,12.360,90.00
83,37.0,-482.04,298.40,12.900,90.00
83,38.0,-468.76,298.40,13.280,90.00
83,39.0,-456.45,298.40,12.310,90.00
83,40.0,-443.29,298.40,13.160,90.00
83,41.0,-430.51,298.40,12.780,90.00
83,42.0,-417.36,298.40,13.150,90.00
83,43.0,-404.91,298.40,12.450,90.00
83,44.0,-392.15,298.40,12.760,90.00
83,45.0,-378.82,298.40,13.320,90.00
83,46.0,-366.45,298.40,12.370,90.00
83,47.0,-353.79,298.40,12.670,90.00
83,48.0,-340.96,298.40,12.820,90.00
83,49.0,-327.93,298.40,13.030,90.00
83,50.0,-317.70,298.40,10.230,90.00
83,51.0,-310.82,298.40,6.880,90.00
83,52.0,-302.02,298.40,8.800,90.00
83,53.0,-291.68,298.40,10.340,90.00
83,54.0,-279.16,298.40,12.520,90.00
83,55.0,-265.98,298.40,13.180,90.00
83,56.0,-253.70,298.40,12.270,90.00
83,57.0,-240.34,298.40,13.360,90.00
83,58.0,-228.13,298.40,12.210,90.00
83,59.0,-215.71,298.40,12.430,90.00
83,60.0,-202.74,298.40,12.970,90.00
83,61.0,-189.75,298.40,12.990,90.00
83,62.0,-177.36,298.40,12.380,90.00
83,63.0,-164.61,298.40,12.760,90.00
83,64.0,-152.32,298.40,12.280,90.00
83,65.0,-139.39,298.40,12.930,90.00
83,66.0,-127.14,298.40,12.250,90.00
83,67.0,-113.76,298.40,13.380,90.00
83,68.0,-100.50,298.40,13.260,90.00
83,69.0,-87.31,298.40,13.190,90.00
83,70.0,-75.11,298.40,12.200,90.00
83,71.0,-61.83,298.40,13.280,90.00
83,72.0,-48.59,298.40,13.230,90.00
83,73.0,-36.00,298.40,12.590,90.00
83,74.0,-22.85,298.40,13.150,90.00
83,75.0,-14.20,298.40,8.650,90.00
83,76.0,-9.61,298.40,4.590,90.00
83,77.0,-3.37,298.40,6.240,90.00
83,78.0,5.37,298.40,8.740,90.00
83,79.0,15.79,298.40,10.420,90.00
83,80.0,28.58,298.40,12.800,90.00
83,81.0,40.84,298.40,12.260,90.00
83,82.0,53.01,298.40,12.170,90.00
83,83.0,65.71,298.40,12.700,90.00
83,84.0,78.19,298.40,12.470,90.00
83,85.0,91.02,298.40,12.830,90.00
83,86.0,103.83,298.40,12.810,90.00
83,87.0,116.89,298.40,13.060,90.00
83,88.0,129.40,298.40,12.520,90.00
83,89.0,142.05,298.40,12.650,90.00
83,90.0,154.34,298.40,12.290,90.00
83,91.0,167.18,298.40,12.840,90.00
83,92.0,179.46,298.40,12.270,90.00
83,93.0,192.59,298.40,13.130,90.00
83,94.0,204.92,298.40,12.330,90.00
83,95.0,218.24,298.40,13.320,90.00
83,96.0,231.09,298.40,12.850,90.00
83,97.0,243.84,298.40,12.760,90.00
83,98.0,256.43,298.40,12.580,90.00
83,99.0,269.76,298.40,13.340,90.00
83,100.0,281.76,298.40,12.000,90.00
83,101.0,289.25,298.40,7.500,90.00
83,102.0,292.25,298.40,3.000,90.00
83,103.0,294.30,299.80,2.660,72.28
83,104.0,293.03,301.45,2.280,15.35
83,105.0,289.74,301.60,3.340,285.49
83,106.0,284.07,301.60,5.660,270.00
83,107.0,276.87,301.60,7.210,270.00
83,108.0,267.10,301.60,9.770,270.00
83,109.0,255.58,301.60,11.520,270.00
83,110.0,242.44,301.60,13.130,270.00
83,111.0,229.44,301.60,13.010,270.00
83,112.0,216.82,301.60,12.610,270.00
83,113.0,203.64,301.60,13.190,270.00
83,114.0,191.45,301.60,12.190,270.00
83,115.0,178.88,301.60,12.570,270.00
83,116.0,166.04,301.60,12.840,270.00
83,117.0,152.72,301.60,13.320,270.00
83,118.0,139.32,301.60,13.400,270.00
83,119.0,126.57,301.60,12.750,270.00
83,120.0,113.69,301.60,12.880,270.00
83,121.0,101.56,301.60,12.130,270.00
83,122.0,88.98,301.60,12.580,270.00
83,123.0,76.69,301.60,12.290,270.00
83,124.0,64.31,301.60,12.380,270.00
83,125.0,51.22,301.60,13.090,270.00
83,126.0,38.93,301.60,12.290,270.00
83,127.0,25.81,301.60,13.120,270.00
83,128.0,13.32,301.60,12.500,270.00
84,0.0,-601.60,287.70,0.000,180.00
84,1.0,-601.60,285.84,1.860,180.00
84,2.0,-601.60,282.14,3.700,180.00
84,3.0,-601.60,276.04,6.100,180.00
84,4.0,-601.60,267.37,8.670,180.00
84,5.0,-601.60,256.98,10.390,180.00
84,6.0,-601.60,245.29,11.700,180.00
84,7.0,-601.60,231.67,13.610,180.00
84,8.0,-601.60,216.52,15.160,180.00
84,9.0,-601.60,201.55,14.970,180.00
84,10.0,-601.60,185.85,15.690,180.00
84,11.0,-601.60,170.32,15.530,180.00
84,12.0,-601.60,155.41,14.920,180.00
84,13.0,-601.60,139.74,15.670,180.00
84,14.0,-601.60,124.91,14.820,180.00
84,15.0,-601.60,109.20,15.710,180.00
84,16.0,-601.60,93.69,15.510,180.00
84,17.0,-601.60,78.33,15.360,180.00
84,18.0,-601.60,62.78,15.550,180.00
84,19.0,-601.60,47.58,15.200,180.00
84,20.0,-601.60,32.50,15.080,180.00
84,21.0,-601.60,17.01,15.490,180.00
84,22.0,-601.60,1.63,15.380,180.00
84,23.0,-601.60,-13.33,14.960,180.00
84,24.0,-601.60,-28.07,14.740,180.00
84,25.0,-601.60,-43.61,15.550,180.00
84,26.0,-601.60,-59.26,15.640,180.00
84,27.0,-601.60,-75.19,15.930,180.00
84,28.0,-601.60,-90.10,14.900,180.00
84,29.0,-601.60,-104.97,14.880,180.00
84,30.0,-601.60,-120.54,15.560,180.00
84,31.0,-601.60,-135.60,15.060,180.00
84,32.0,-601.60,-150.96,15.360,180.00
84,33.0,-601.60,-166.86,15.900,180.00
84,34.0,-601.60,-181.79,14.930,180.00
84,35.0,-601.60,-197.65,15.860,180.00
84,36.0,-601.60,-213.18,15.530,180.00
84,37.0,-601.60,-228.91,15.720,180.00
84,38.0,-601.60,-243.96,15.050,180.00
84,39.0,-601.60,-259.25,15.290,180.00
84,40.0,-601.60,-273.98,14.730,180.00
84,41.0,-601.60,-289.50,15.530,180.00
84,42.0,-601.60,-304.66,15.160,180.00
84,43.0,-601.60,-320.05,15.390,180.00
84,44.0,-601.60,-334.72,14.680,180.00
84,45.0,-601.60,-349.76,15.030,180.00
84,46.0,-601.60,-365.61,15.850,180.00
84,47.0,-601.60,-380.65,15.050,180.00
84,48.0,-601.60,-395.50,14.840,180.00
84,49.0,-601.60,-410.34,14.840,180.00
84,50.0,-601.60,-425.49,15.150,180.00
84,51.0,-601.60,-440.46,14.980,180.00
84,52.0,-601.60,-455.88,15.420,180.00
84,53.0,-601.60,-470.56,14.670,180.00
84,54.0,-601.60,-485.98,15.430,180.00
84,55.0,-601.60,-501.42,15.440,180.00
84,56.0,-601.60,-516.52,15.100,180.00
84,57.0,-601.60,-531.62,15.100,180.00
84,58.0,-601.60,-547.02,15.400,180.00
84,59.0,-601.60,-561.91,14.890,180.00
84,60.0,-601.60,-577.50,15.590,180.00
84,61.0,-601.60,-588.60,11.090,180.00
84,62.0,-601.94,-595.19,6.610,183.92
84,63.0,-607.14,-598.39,6.560,247.21
84,64.0,-613.64,-598.40,6.500,270.00
84,65.0,-621.60,-598.40,7.970,270.00
84,66.0,-630.95,-598.40,9.340,270.00
84,67.0,-641.77,-598.40,10.830,270.00
84,68.0,-654.70,-598.40,12.920,270.00
84,69.0,-670.14,-598.40,15.440,270.00
84,70.0,-684.99,-598.40,14.850,270.00
84,71.0,-700.52,-598.40,15.530,270.00
84,72.0,-716.31,-598.40,15.790,270.00
84,73.0,-731.31,-598.40,15.000,270.00
84,74.0,-746.29,-598.40,14.980,270.00
84,75.0,-761.59,-598.40,15.300,270.00
84,76.0,-776.35,-598.40,14.760,270.00
84,77.0,-791.05,-598.40,14.700,270.00
84,78.0,-806.87,-598.40,15.830,270.00
84,79.0,-822.15,-598.40,15.280,270.00
84,80.0,-838.07,-598.40,15.920,270.00
84,81.0,-852.88,-598.40,14.810,270.00
84,82.0,-868.72,-598.40,15.830,270.00
84,83.0,-883.82,-598.40,15.110,270.00
85,0.0,887.70,1.60,0.000,270.00
85,1.0,885.23,1.60,2.470,270.00
85,2.0,880.87,1.60,4.350,270.00
85,3.0,875.18,1.60,5.690,270.00
85,4.0,867.77,1.60,7.410,270.00
85,5.0,858.77,1.60,9.000,270.00
85,6.0,847.52,1.60,11.250,270.00
85,7.0,834.04,1.60,13.490,270.00
85,8.0,821.40,1.60,12.640,270.00
85,9.0,809.00,1.60,12.390,270.00
85,10.0,795.90,1.60,13.100,270.00
85,11.0,783.40,1.60,12.500,270.00
85,12.0,770.83,1.60,12.580,270.00
85,13.0,758.07,1.60,12.760,270.00
85,14.0,744.76,1.60,13.310,270.00
85,15.0,732.08,1.60,12.680,270.00
85,16.0,719.30,1.60,12.780,270.00
85,17.0,706.12,1.60,13.180,270.00
85,18.0,693.46,1.60,12.660,270.00
85,19.0,680.53,1.60,12.930,270.00
85,20.0,668.15,1.60,12.380,270.00
85,21.0,655.67,1.60,12.480,270.00
85,22.0,642.61,1.60,13.070,270.00
85,23.0,629.28,1.60,13.320,270.00
85,24.0,617.83,1.60,11.460,270.00
85,25.0,610.46,1.60,7.370,270.00
85,26.0,601.43,1.60,9.030,270.00
85,27.0,590.61,1.60,10.820,270.00
85,28.0,577.82,1.60,12.790,270.00
85,29.0,564.86,1.60,12.970,270.00
85,30.0,551.45,1.60,13.410,270.00
85,31.0,539.07,1.60,12.370,270.00
85,32.0,526.51,1.60,12.560,270.00
85,33.0,513.74,1.60,12.770,270.00
85,34.0,501.11,1.60,12.630,270.00
85,35.0,488.36,1.60,12.740,270.00
85,36.0,476.00,1.60,12.360,270.00
85,37.0,462.76,1.60,13.240,270.00
85,38.0,449.23,1.60,13.530,270.00
85,39.0,436.73,1.60,12.510,270.00
85,40.0,424.23,1.60,12.500,270.00
85,41.0,411.36,1.60,12.870,270.00
85,42.0,398.92,1.60,12.440,270.00
85,43.0,386.40,1.60,12.510,270.00
85,44.0,373.93,1.60,12.470,270.00
85,45.0,361.45,1.60,12.480,270.00
85,46.0,348.41,1.60,13.040,270.00
85,47.0,335.35,1.60,13.050,270.00
85,48.0,322.35,1.60,13.010,270.00
85,49.0,313.02,1.60,9.330,270.00
85,50.0,308.19,1.60,4.830,270.00
85,51.0,301.13,1.60,7.060,270.00
85,52.0,292.49,1.60,8.640,270.00
85,53.0,281.88,1.60,10.610,270.00
85,54.0,268.96,1.60,12.920,270.00
85,55.0,255.70,1.60,13.260,270.00
85,56.0,242.85,1.60,12.850,270.00
85,57.0,229.93,1.60,12.920,270.00
85,58.0,217.52,1.60,12.410,270.00
85,59.0,205.18,1.60,12.340,270.00
85,60.0,192.40,1.60,12.780,270.00
85,61.0,179.76,1.60,12.640,270.00
85,62.0,167.23,1.60,12.530,270.00
85,63.0,154.79,1.60,12.440,270.00
85,64.0,141.67,1.60,13.120,270.00
85,65.0,129.05,1.60,12.620,270.00
85,66.0,116.00,1.60,13.050,270.00
85,67.0,103.20,1.60,12.800,270.00
85,68.0,89.82,1.60,13.370,270.00
85,69.0,77.39,1.60,12.430,270.00
85,70.0,64.17,1.60,13.220,270.00
85,71.0,51.15,1.60,13.020,270.00
85,72.0,37.93,1.60,13.230,270.00
85,73.0,24.68,1.60,13.250,270.00
85,74.0,14.49,1.60,10.190,270.00
85,75.0,8.79,1.60,5.690,270.00
85,76.0,2.97,3.05,6.170,287.31
85,77.0,1.60,8.32,5.580,347.35
85,78.0,1.60,16.05,7.730,0.00
85,79.0,1.60,25.35,9.300,0.00
85,80.0,1.60,36.59,11.240,0.00
85,81.0,1.60,49.23,12.640,0.00
85,82.0,1.60,61.75,12.520,0.00
85,83.0,1.60,74.68,12.930,0.00
85,84.0,1.60,87.74,13.050,0.00
85,85.0,1.60,100.85,13.110,0.00
85,86.0,1.60,113.25,12.400,0.00
85,87.0,1.60,126.43,13.170,0.00
85,88.0,1.60,139.78,13.360,0.00
85,89.0,1.60,153.06,13.270,0.00
85,90.0,1.60,166.20,13.140,0.00
85,91.0,1.60,178.90,12.710,0.00
85,92.0,1.60,192.14,13.240,0.00
85,93.0,1.60,204.41,12.260,0.00
85,94.0,1.60,217.11,12.700,0.00
85,95.0,1.60,229.47,12.360,0.00
85,96.0,1.60,243.01,13.540,0.00
85,97.0,1.60,255.37,12.360,0.00
85,98.0,1.60,267.97,12.590,0.00
85,99.0,1.60,281.49,13.520,0.00
85,100.0,1.60,294.43,12.950,0.00
85,101.0,1.60,307.93,13.500,0.00
85,102.0,1.60,320.29,12.360,0.00
85,103.0,1.60,333.09,12.800,0.00
85,104.0,1.60,345.42,12.330,0.00
85,105.0,1.60,358.06,12.640,0.00
85,106.0,1.60,370.85,12.790,0.00
85,107.0,1.60,383.30,12.450,0.00
85,108.0,1.60,396.26,12.960,0.00
85,109.0,1.60,408.71,12.450,0.00
85,110.0,1.60,421.99,13.270,0.00
85,111.0,1.60,435.51,13.520,0.00
85,112.0,1.60,449.06,13.550,0.00
85,113.0,1.60,462.58,13.520,0.00
85,114.0,1.60,475.92,13.340,0.00
85,115.0,1.60,488.94,13.020,0.00
85,116.0,1.60,502.12,13.180,0.00
85,117.0,1.60,515.10,12.980,0.00
85,118.0,1.60,527.71,12.610,0.00
85,119.0,1.60,540.52,12.810,0.00
85,120.0,1.60,553.94,13.420,0.00
85,121.0,1.60,567.12,13.180,0.00
85,122.0,1.60,580.05,12.920,0.00
85,123.0,1.60,593.13,13.090,0.00
85,124.0,1.60,605.75,12.620,0.00
85,125.0,1.60,618.30,12.550,0.00
85,126.0,1.60,631.30,13.000,0.00
85,127.0,1.60,643.73,12.430,0.00
85,128.0,1.60,656.32,12.600,0.00
85,129.0,1.60,668.95,12.620,0.00
85,130.0,1.60,682.34,13.390,0.00
85,131.0,1.60,695.48,13.140,0.00
85,132.0,1.60,708.31,12.820,0.00
85,133.0,1.60,721.52,13.210,0.00
85,134.0,1.60,734.85,13.340,0.00
85,135.0,1.60,748.02,13.170,0.00
85,136.0,1.60,760.69,12.670,0.00
85,137.0,1.60,773.50,12.810,0.00
85,138.0,1.60,786.72,13.220,0.00
85,139.0,1.60,800.01,13.290,0.00
85,140.0,1.60,813.01,12.990,0.00
85,141.0,1.60,826.03,13.020,0.00
85,142.0,1.60,838.75,12.720,0.00
85,143.0,1.60,851.17,12.420,0.00
85,144.0,1.60,864.49,13.320,0.00
85,145.0,1.60,877.71,13.220,0.00
85,146.0,1.60,886.43,8.720,0.00
85,147.0,1.60,890.94,4.510,0.00
86,0.0,-1.60,-312.30,0.000,180.00
86,1.0,-1.60,-313.90,1.600,180.00
86,2.0,-1.60,-317.88,3.990,180.00
86,3.0,-1.60,-323.99,6.110,180.00
86,4.0,-1.60,-332.42,8.430,180.00
86,5.0,-1.60,-343.19,10.760,180.00
86,6.0,-1.60,-356.17,12.990,180.00
86,7.0,-1.60,-370.08,13.910,180.00
86,8.0,-1.60,-383.18,13.100,180.00
86,9.0,-1.60,-396.00,12.820,180.00
86,10.0,-1.60,-408.68,12.670,180.00
86,11.0,-1.60,-422.20,13.530,180.00
86,12.0,-1.60,-435.87,13.670,180.00
86,13.0,-1.60,-449.65,13.770,180.00
86,14.0,-1.60,-462.96,13.310,180.00
86,15.0,-1.60,-476.53,13.570,180.00
86,16.0,-1.60,-489.44,12.910,180.00
86,17.0,-1.60,-502.27,12.830,180.00
86,18.0,-1.60,-514.93,12.660,180.00
86,19.0,-1.60,-527.63,12.700,180.00
86,20.0,-1.60,-540.96,13.330,180.00
86,21.0,-1.60,-553.97,13.000,180.00
86,22.0,-1.60,-566.95,12.980,180.00
86,23.0,-1.60,-578.99,12.050,180.00
86,24.0,-1.60,-588.06,9.060,180.00
86,25.0,-1.60,-592.62,4.560,180.00
86,26.0,0.80,-594.00,3.400,141.21
86,27.0,1.60,-591.20,3.050,43.09
86,28.0,1.60,-586.15,5.050,0.00
86,29.0,1.60,-579.61,6.540,0.00
86,30.0,1.60,-570.95,8.660,0.00
86,31.0,1.60,-559.70,11.250,0.00
86,32.0,1.60,-546.30,13.400,0.00
86,33.0,1.60,-533.46,12.840,0.00
86,34.0,1.60,-520.03,13.420,0.00
86,35.0,1.60,-506.44,13.590,0.00
86,36.0,1.60,-492.92,13.520,0.00
86,37.0,1.60,-480.11,12.810,0.00
86,38.0,1.60,-466.24,13.860,0.00
86,39.0,1.60,-452.66,13.590,0.00
86,40.0,1.60,-439.62,13.040,0.00
86,41.0,1.60,-426.22,13.400,0.00
86,42.0,1.60,-412.47,13.750,0.00
86,43.0,1.60,-398.99,13.480,0.00
86,44.0,1.60,-385.65,13.340,0.00
86,45.0,1.60,-372.05,13.600,0.00
86,46.0,1.60,-359.15,12.900,0.00
86,47.0,1.60,-345.48,13.680,0.00
86,48.0,1.60,-332.40,13.070,0.00
86,49.0,1.60,-319.14,13.260,0.00
86,50.0,1.60,-308.77,10.370,0.00
86,51.0,3.20,-302.88,6.320,19.33
86,52.0,9.32,-301.60,6.390,83.49
86,53.0,17.58,-301.60,8.270,90.00
86,54.0,28.45,-301.60,10.870,90.00
86,55.0,41.23,-301.60,12.780,90.00
86,56.0,53.85,-301.60,12.620,90.00
86,57.0,66.88,-301.60,13.030,90.00
86,58.0,79.52,-301.60,12.650,90.00
86,59.0,92.74,-301.60,13.220,90.00
86,60.0,106.54,-301.60,13.790,90.00
86,61.0,120.29,-301.60,13.750,90.00
86,62.0,133.61,-301.60,13.320,90.00
86,63.0,146.27,-301.60,12.670,90.00
86,64.0,159.63,-301.60,13.350,90.00
86,65.0,172.80,-301.60,13.180,90.00
86,66.0,186.26,-301.60,13.450,90.00
86,67.0,199.60,-301.60,13.340,90.00
86,68.0,213.37,-301.60,13.770,90.00
86,69.0,226.62,-301.60,13.250,90.00
86,70.0,239.63,-301.60,13.010,90.00
86,71.0,252.32,-301.60,12.690,90.00
86,72.0,265.88,-301.60,13.560,90.00
86,73.0,278.46,-301.60,12.580,90.00
86,74.0,286.65,-301.60,8.190,90.00
86,75.0,291.79,-301.60,5.150,90.00
86,76.0,298.84,-301.60,7.050,90.00
86,77.0,307.55,-301.60,8.700,90.00
86,78.0,317.81,-301.60,10.260,90.00
86,79.0,330.44,-301.60,12.630,90.00
86,80.0,343.31,-301.60,12.880,90.00
86,81.0,357.05,-301.60,13.740,90.00
86,82.0,370.26,-301.60,13.220,90.00
86,83.0,383.33,-301.60,13.070,90.00
86,84.0,397.06,-301.60,13.730,90.00
86,85.0,410.81,-301.60,13.750,90.00
86,86.0,423.70,-301.60,12.890,90.00
86,87.0,437.24,-301.60,13.540,90.00
86,88.0,450.95,-301.60,13.710,90.00
86,89.0,463.47,-301.60,12.520,90.00
86,90.0,475.94,-301.60,12.470,90.00
86,91.0,487.69,-301.60,11.750,90.00
86,92.0,499.61,-301.60,11.920,90.00
86,93.0,512.42,-301.60,12.810,90.00
86,94.0,523.21,-301.60,10.790,90.00
86,95.0,534.83,-301.60,11.620,90.00
86,96.0,546.98,-301.60,12.150,90.00
86,97.0,558.03,-301.60,11.050,90.00
86,98.0,569.82,-301.60,11.790,90.00
86,99.0,578.97,-301.60,9.140,90.00
86,100.0,583.63,-301.60,4.660,90.00
86,101.0,589.50,-301.60,5.870,90.00
86,102.0,594.87,-301.90,5.400,93.40
86,103.0,598.27,-306.32,6.050,148.66
86,104.0,598.40,-312.40,6.080,180.00
86,105.0,598.40,-320.30,7.900,180.00
86,106.0,598.40,-329.65,9.350,180.00
86,107.0,598.40,-340.51,10.870,180.00
86,108.0,598.40,-353.87,13.360,180.00
86,109.0,598.40,-367.02,13.150,180.00
86,110.0,598.40,-380.92,13.900,180.00
86,111.0,598.40,-393.64,12.720,180.00
86,112.0,598.40,-407.35,13.710,180.00
86,113.0,598.40,-420.60,13.250,180.00
86,114.0,598.40,-434.13,13.530,180.00
86,115.0,598.40,-447.91,13.780,180.00
86,116.0,598.40,-461.77,13.860,180.00
86,117.0,598.40,-475.30,13.530,180.00
86,118.0,598.40,-488.49,13.190,180.00
86,119.0,598.40,-502.08,13.590,180.00
86,120.0,598.40,-515.24,13.160,180.00
86,121.0,598.40,-528.06,12.830,180.00
86,122.0,598.40,-541.01,12.950,180.00
86,123.0,598.40,-554.77,13.760,180.00
86,124.0,598.40,-568.60,13.820,180.00
86,125.0,598.40,-581.36,12.760,180.00
87,0.0,598.40,-12.30,0.000,180.00
87,1.0,598.40,-14.78,2.480,180.00
87,2.0,598.40,-19.43,4.640,180.00
87,3.0,598.40,-25.85,6.420,180.00
87,4.0,598.40,-33.96,8.110,180.00
87,5.0,598.40,-44.00,10.040,180.00
87,6.0,598.40,-55.81,11.810,180.00
87,7.0,598.40,-69.80,13.990,180.00
87,8.0,598.40,-83.63,13.840,180.00
87,9.0,598.40,-97.50,13.870,180.00
87,10.0,598.40,-110.89,13.390,180.00
87,11.0,598.40,-124.47,13.580,180.00
87,12.0,598.40,-138.51,14.030,180.00
87,13.0,598.40,-152.15,13.640,180.00
87,14.0,598.40,-165.48,13.330,180.00
87,15.0,598.40,-179.50,14.010,180.00
87,16.0,598.40,-193.62,14.130,180.00
87,17.0,598.40,-206.89,13.260,180.00
87,18.0,598.40,-221.01,14.130,180.00
87,19.0,598.40,-234.63,13.620,180.00
87,20.0,598.40,-248.60,13.970,180.00
87,21.0,598.40,-261.79,13.190,180.00
87,22.0,598.40,-275.62,13.830,180.00
87,23.0,598.40,-286.88,11.260,180.00
87,24.0,598.28,-293.63,6.760,181.36
87,25.0,594.61,-298.14,6.370,227.76
87,26.0,588.52,-298.40,6.100,268.83
87,27.0,579.84,-298.40,8.680,270.00
87,28.0,569.02,-298.40,10.830,270.00
87,29.0,556.42,-298.40,12.590,270.00
87,30.0,543.08,-298.40,13.340,270.00
87,31.0,529.51,-298.40,13.570,270.00
87,32.0,515.96,-298.40,13.560,270.00
87,33.0,502.22,-298.40,13.740,270.00
87,34.0,488.86,-298.40,13.350,270.00
87,35.0,474.93,-298.40,13.930,270.00
87,36.0,460.61,-298.40,14.320,270.00
87,37.0,446.43,-298.40,14.170,270.00
87,38.0,433.09,-298.40,13.350,270.00
87,39.0,419.04,-298.40,14.050,270.00
87,40.0,405.37,-298.40,13.670,270.00
87,41.0,390.96,-298.40,14.410,270.00
87,42.0,376.89,-298.40,14.070,270.00
87,43.0,362.51,-298.40,14.380,270.00
87,44.0,348.97,-298.40,13.540,270.00
87,45.0,334.94,-298.40,14.030,270.00
87,46.0,321.64,-298.40,13.300,270.00
87,47.0,312.84,-298.40,8.800,270.00
87,48.0,307.92,-298.40,4.920,270.00
87,49.0,300.91,-298.40,7.010,270.00
87,50.0,292.46,-298.40,8.450,270.00
87,51.0,281.70,-298.40,10.760,270.00
87,52.0,269.56,-298.40,12.140,270.00
87,53.0,255.56,-298.40,14.010,270.00
87,54.0,241.66,-298.40,13.900,270.00
87,55.0,227.76,-298.40,13.900,270.00
87,56.0,214.17,-298.40,13.590,270.00
87,57.0,200.98,-298.40,13.190,270.00
87,58.0,186.61,-298.40,14.370,270.00
87,59.0,172.46,-298.40,14.150,270.00
87,60.0,158.61,-298.40,13.840,270.00
87,61.0,144.38,-298.40,14.230,270.00
87,62.0,130.46,-298.40,13.930,270.00
87,63.0,117.55,-298.40,12.910,270.00
87,64.0,103.47,-298.40,14.090,270.00
87,65.0,90.29,-298.40,13.180,270.00
87,66.0,77.19,-298.40,13.100,270.00
87,67.0,64.43,-298.40,12.750,270.00
87,68.0,51.49,-298.40,12.950,270.00
87,69.0,38.41,-298.40,13.080,270.00
87,70.0,26.81,-298.40,11.600,270.00
87,71.0,19.66,-298.40,7.160,270.00
87,72.0,11.76,-298.40,7.900,270.00
87,73.0,8.35,-298.40,3.400,270.00
87,74.0,3.38,-298.40,4.980,270.00
87,75.0,-3.57,-298.40,6.940,270.00
87,76.0,-12.36,-298.40,8.790,270.00
87,77.0,-23.66,-298.40,11.300,270.00
87,78.0,-36.74,-298.40,13.080,270.00
87,79.0,-50.26,-298.40,13.530,270.00
87,80.0,-63.48,-298.40,13.220,270.00
87,81.0,-77.56,-298.40,14.080,270.00
87,82.0,-91.11,-298.40,13.550,270.00
87,83.0,-105.06,-298.40,13.950,270.00
87,84.0,-119.23,-298.40,14.170,270.00
87,85.0,-133.01,-298.40,13.780,270.00
87,86.0,-147.36,-298.40,14.350,270.00
87,87.0,-161.46,-298.40,14.100,270.00
87,88.0,-175.00,-298.40,13.530,270.00
87,89.0,-188.45,-298.40,13.450,270.00
87,90.0,-202.04,-298.40,13.590,270.00
87,91.0,-215.28,-298.40,13.240,270.00
87,92.0,-229.47,-298.40,14.190,270.00
87,93.0,-243.20,-298.40,13.730,270.00
87,94.0,-256.55,-298.40,13.350,270.00
87,95.0,-268.90,-298.40,12.350,270.00
87,96.0,-277.99,-298.40,9.090,270.00
87,97.0,-286.19,-298.40,8.200,270.00
87,98.0,-291.64,-298.40,5.440,270.00
87,99.0,-299.10,-298.40,7.460,270.00
87,100.0,-308.77,-298.40,9.670,270.00
87,101.0,-319.88,-298.40,11.110,270.00
87,102.0,-333.39,-298.40,13.510,270.00
87,103.0,-346.61,-298.40,13.220,270.00
87,104.0,-361.00,-298.40,14.400,270.00
87,105.0,-375.37,-298.40,14.360,270.00
87,106.0,-389.33,-298.40,13.960,270.00
87,107.0,-402.70,-298.40,13.370,270.00
87,108.0,-416.91,-298.40,14.210,270.00
87,109.0,-430.73,-298.40,13.820,270.00
87,110.0,-444.78,-298.40,14.050,270.00
87,111.0,-458.25,-298.40,13.480,270.00
87,112.0,-471.25,-298.40,12.990,270.00
87,113.0,-484.53,-298.40,13.290,270.00
87,114.0,-497.09,-298.40,12.560,270.00
87,115.0,-509.65,-298.40,12.560,270.00
87,116.0,-522.92,-298.40,13.280,270.00
87,117.0,-535.95,-298.40,13.030,270.00
87,118.0,-548.37,-298.40,12.420,270.00
87,119.0,-561.20,-298.40,12.830,270.00
87,120.0,-572.19,-298.40,10.980,270.00
87,121.0,-580.01,-298.40,7.820,270.00
87,122.0,-586.39,-298.40,6.380,270.00
87,123.0,-591.68,-298.40,5.300,270.00
87,124.0,-597.18,-296.70,5.980,290.61
87,125.0,-598.40,-290.22,6.740,356.06
87,126.0,-598.40,-281.85,8.370,0.00
87,127.0,-598.40,-271.64,10.210,0.00
87,128.0,-598.40,-259.84,11.800,0.00
87,129.0,-598.40,-246.16,13.680,0.00
87,130.0,-598.40,-232.19,13.970,0.00
87,131.0,-598.40,-218.94,13.250,0.00
87,132.0,-598.40,-205.50,13.440,0.00
87,133.0,-598.40,-192.38,13.130,0.00
87,134.0,-598.40,-178.72,13.660,0.00
87,135.0,-598.40,-166.32,12.400,0.00
87,136.0,-598.40,-154.03,12.290,0.00
87,137.0,-598.40,-141.16,12.870,0.00
87,138.0,-598.40,-127.65,13.510,0.00
87,139.0,-598.40,-114.35,13.300,0.00
87,140.0,-598.40,-102.16,12.190,0.00
87,141.0,-598.40,-89.40,12.760,0.00
87,142.0,-598.40,-77.50,11.910,0.00
87,143.0,-598.40,-65.10,12.390,0.00
87,144.0,-598.40,-51.58,13.520,0.00
88,0.0,-887.70,598.40,0.000,90.00
88,1.0,-885.46,598.40,2.240,90.00
88,2.0,-881.69,598.40,3.780,90.00
88,3.0,-875.33,598.40,6.360,90.00
88,4.0,-866.39,598.40,8.930,90.00
88,5.0,-855.75,598.40,10.640,90.00
88,6.0,-843.31,598.40,12.440,90.00
88,7.0,-829.85,598.40,13.460,90.00
88,8.0,-816.34,598.40,13.510,90.00
88,9.0,-803.32,598.40,13.020,90.00
88,10.0,-789.58,598.40,13.740,90.00
88,11.0,-775.91,598.40,13.660,90.00
88,12.0,-762.14,598.40,13.770,90.00
88,13.0,-748.24,598.40,13.910,90.00
88,14.0,-734.85,598.40,13.380,90.00
88,15.0,-721.16,598.40,13.700,90.00
88,16.0,-707.96,598.40,13.200,90.00
88,17.0,-694.42,598.40,13.530,90.00
88,18.0,-681.67,598.40,12.760,90.00
88,19.0,-668.20,598.40,13.470,90.00
88,20.0,-654.71,598.40,13.490,90.00
88,21.0,-641.49,598.40,13.210,90.00
88,22.0,-628.47,598.40,13.030,90.00
88,23.0,-618.15,598.40,10.320,90.00
88,24.0,-611.00,598.40,7.150,90.00
88,25.0,-607.92,598.40,3.070,90.00
88,26.0,-607.54,598.40,0.380,90.00
88,27.0,-607.32,598.40,0.220,90.00
88,28.0,-607.31,598.40,0.010,90.00
88,29.0,-605.64,598.40,1.670,90.00
88,30.0,-602.35,598.40,3.290,90.00
88,31.0,-597.66,598.40,4.700,90.00
88,32.0,-591.00,598.40,6.660,90.00
88,33.0,-582.81,598.40,8.190,90.00
88,34.0,-573.09,598.40,9.720,90.00
88,35.0,-561.10,598.40,11.990,90.00
88,36.0,-547.73,598.40,13.370,90.00
88,37.0,-535.01,598.40,12.720,90.00
88,38.0,-521.20,598.40,13.800,90.00
88,39.0,-507.29,598.40,13.910,90.00
88,40.0,-494.59,598.40,12.710,90.00
88,41.0,-481.77,598.40,12.820,90.00
88,42.0,-468.14,598.40,13.630,90.00
88,43.0,-454.55,598.40,13.590,90.00
88,44.0,-440.69,598.40,13.860,90.00
88,45.0,-427.40,598.40,13.280,90.00
88,46.0,-413.94,598.40,13.460,90.00
88,47.0,-400.00,598.40,13.940,90.00
88,48.0,-386.36,598.40,13.640,90.00
88,49.0,-372.87,598.40,13.490,90.00
88,50.0,-358.99,598.40,13.880,90.00
88,51.0,-345.21,598.40,13.780,90.00
88,52.0,-331.67,598.40,13.540,90.00
88,53.0,-321.37,598.40,10.310,90.00
88,54.0,-314.09,598.40,7.280,90.00
88,55.0,-309.52,598.40,4.570,90.00
88,56.0,-302.38,598.40,7.130,90.00
88,57.0,-292.75,598.40,9.630,90.00
88,58.0,-281.11,598.40,11.640,90.00
88,59.0,-267.12,598.40,13.980,90.00
88,60.0,-254.20,598.40,12.930,90.00
88,61.0,-240.69,598.40,13.500,90.00
88,62.0,-227.74,598.40,12.960,90.00
88,63.0,-214.44,598.40,13.300,90.00
88,64.0,-201.02,598.40,13.420,90.00
88,65.0,-187.10,598.40,13.920,90.00
88,66.0,-173.46,598.40,13.630,90.00
88,67.0,-159.71,598.40,13.760,90.00
88,68.0,-146.90,598.40,12.810,90.00
88,69.0,-133.95,598.40,12.950,90.00
88,70.0,-121.07,598.40,12.880,90.00
88,71.0,-107.90,598.40,13.170,90.00
88,72.0,-93.91,598.40,13.990,90.00
88,73.0,-80.10,598.40,13.820,90.00
88,74.0,-67.10,598.40,13.000,90.00
88,75.0,-53.30,598.40,13.800,90.00
88,76.0,-39.39,598.40,13.910,90.00
88,77.0,-25.70,598.40,13.690,90.00
88,78.0,-15.77,598.40,9.930,90.00
88,79.0,-10.20,598.40,5.580,90.00
88,80.0,-4.39,597.84,5.890,96.55
88,81.0,-1.60,592.48,6.460,161.49
88,82.0,-1.60,584.66,7.820,180.00
88,83.0,-1.60,575.28,9.380,180.00
88,84.0,-1.60,564.50,10.780,180.00
88,85.0,-1.60,551.67,12.830,180.00
88,86.0,-1.60,538.63,13.040,180.00
88,87.0,-1.60,525.15,13.470,180.00
88,88.0,-1.60,511.20,13.950,180.00
88,89.0,-1.60,498.00,13.190,180.00
88,90.0,-1.60,484.55,13.460,180.00
88,91.0,-1.60,470.83,13.720,180.00
88,92.0,-1.60,457.32,13.500,180.00
88,93.0,-1.60,444.01,13.310,180.00
88,94.0,-1.60,430.80,13.210,180.00
88,95.0,-1.60,417.18,13.630,180.00
88,96.0,-1.60,404.48,12.690,180.00
88,97.0,-1.60,391.23,13.250,180.00
88,98.0,-1.60,377.92,13.310,180.00
88,99.0,-1.60,365.17,12.750,180.00
88,100.0,-1.60,351.84,13.330,180.00
88,101.0,-1.60,338.81,13.030,180.00
88,102.0,-1.60,324.97,13.840,180.00
88,103.0,-1.60,311.79,13.170,180.00
88,104.0,-1.60,298.91,12.880,180.00
88,105.0,-1.60,285.50,13.420,180.00
88,106.0,-1.60,271.59,13.910,180.00
88,107.0,-1.60,257.72,13.870,180.00
88,108.0,-1.60,244.64,13.080,180.00
88,109.0,-1.60,230.82,13.820,180.00
88,110.0,-1.60,217.97,12.850,180.00
88,111.0,-1.60,205.15,12.830,180.00
88,112.0,-1.60,192.45,12.700,180.00
88,113.0,-1.60,178.91,13.540,180.00
88,114.0,-1.60,165.60,13.310,180.00
88,115.0,-1.60,152.04,13.560,180.00
88,116.0,-1.60,138.06,13.980,180.00
88,117.0,-1.60,125.19,12.870,180.00
88,118.0,-1.60,111.60,13.600,180.00
88,119.0,-1.60,98.89,12.710,180.00
88,120.0,-1.60,85.21,13.680,180.00
88,121.0,-1.60,71.59,13.620,180.00
88,122.0,-1.60,57.94,13.650,180.00
88,123.0,-1.60,45.06,12.880,180.00
88,124.0,-1.60,31.42,13.640,180.00
88,125.0,-1.60,17.96,13.470,180.00
88,126.0,-1.60,4.27,13.690,180.00
88,127.0,-1.60,-8.53,12.800,180.00
88,128.0,-1.60,-22.26,13.730,180.00
88,129.0,-1.60,-35.16,12.900,180.00
88,130.0,-1.60,-49.01,13.850,180.00
88,131.0,-1.60,-62.15,13.150,180.00
88,132.0,-1.60,-75.72,13.570,180.00
88,133.0,-1.60,-88.76,13.040,180.00
88,134.0,-1.60,-101.64,12.880,180.00
88,135.0,-1.60,-114.89,13.250,180.00
88,136.0,-1.60,-128.36,13.460,180.00
88,137.0,-1.60,-142.34,13.980,180.00
89,0.0,-12.30,-898.40,0.000,270.00
89,1.0,-14.26,-898.40,1.960,270.00
89,2.0,-18.47,-898.40,4.210,270.00
89,3.0,-24.09,-898.40,5.610,270.00
89,4.0,-31.26,-898.40,7.170,270.00
89,5.0,-41.02,-898.40,9.760,270.00
89,6.0,-53.17,-898.40,12.150,270.00
89,7.0,-67.22,-898.40,14.040,270.00
89,8.0,-80.14,-898.40,12.930,270.00
89,9.0,-93.32,-898.40,13.170,270.00
89,10.0,-106.57,-898.40,13.260,270.00
89,11.0,-119.89,-898.40,13.320,270.00
89,12.0,-133.13,-898.40,13.240,270.00
89,13.0,-146.34,-898.40,13.210,270.00
89,14.0,-159.74,-898.40,13.390,270.00
89,15.0,-173.02,-898.40,13.290,270.00
89,16.0,-186.98,-898.40,13.960,270.00
89,17.0,-200.43,-898.40,13.440,270.00
89,18.0,-214.20,-898.40,13.770,270.00
89,19.0,-228.08,-898.40,13.880,270.00
89,20.0,-241.48,-898.40,13.390,270.00
89,21.0,-255.39,-898.40,13.920,270.00
89,22.0,-268.84,-898.40,13.440,270.00
89,23.0,-282.77,-898.40,13.940,270.00
89,24.0,-292.51,-898.40,9.740,270.00
89,25.0,-297.53,-896.11,5.840,297.86
89,26.0,-298.40,-890.53,5.750,354.43
89,27.0,-298.40,-883.26,7.270,0.00
89,28.0,-298.40,-873.87,9.390,0.00
89,29.0,-298.40,-861.99,11.880,0.00
89,30.0,-298.40,-848.95,13.040,0.00
89,31.0,-298.40,-835.32,13.630,0.00
89,32.0,-298.40,-821.85,13.470,0.00
89,33.0,-298.40,-808.57,13.280,0.00
89,34.0,-298.40,-795.57,12.990,0.00
89,35.0,-298.40,-782.27,13.310,0.00
89,36.0,-298.40,-768.91,13.360,0.00
89,37.0,-298.40,-755.76,13.150,0.00
89,38.0,-298.40,-742.28,13.470,0.00
89,39.0,-298.40,-729.10,13.180,0.00
89,40.0,-298.40,-715.19,13.910,0.00
89,41.0,-298.40,-701.50,13.700,0.00
89,42.0,-298.40,-687.48,14.020,0.00
89,43.0,-298.40,-674.45,13.030,0.00
89,44.0,-298.40,-660.88,13.580,0.00
89,45.0,-298.40,-646.94,13.940,0.00
89,46.0,-298.40,-633.45,13.490,0.00
89,47.0,-298.40,-619.56,13.890,0.00
89,48.0,-298.40,-605.75,13.820,0.00
89,49.0,-298.40,-591.61,14.130,0.00
89,50.0,-298.40,-577.56,14.060,0.00
89,51.0,-298.40,-564.01,13.550,0.00
89,52.0,-298.40,-550.19,13.820,0.00
89,53.0,-298.40,-536.37,13.820,0.00
89,54.0,-298.40,-522.95,13.420,0.00
89,55.0,-298.40,-508.81,14.140,0.00
89,56.0,-298.40,-495.49,13.320,0.00
89,57.0,-298.40,-481.58,13.910,0.00
89,58.0,-298.40,-467.50,14.080,0.00
89,59.0,-298.40,-454.17,13.330,0.00
89,60.0,-298.40,-441.03,13.140,0.00
89,61.0,-298.40,-427.49,13.540,0.00
89,62.0,-298.40,-413.88,13.610,0.00
89,63.0,-298.40,-399.97,13.910,0.00
89,64.0,-298.40,-385.94,14.020,0.00
89,65.0,-298.40,-373.02,12.930,0.00
89,66.0,-298.40,-360.05,12.970,0.00
89,67.0,-298.40,-346.89,13.160,0.00
89,68.0,-298.40,-333.20,13.690,0.00
89,69.0,-298.40,-319.40,13.800,0.00
89,70.0,-298.40,-309.47,9.930,0.00
89,71.0,-297.25,-303.41,6.300,13.62
89,72.0,-291.23,-301.60,6.560,80.11
89,73.0,-282.63,-301.60,8.600,90.00
89,74.0,-272.72,-301.60,9.910,90.00
89,75.0,-261.36,-301.60,11.350,90.00
89,76.0,-247.63,-301.60,13.730,90.00
89,77.0,-234.56,-301.60,13.070,90.00
89,78.0,-221.27,-301.60,13.300,90.00
89,79.0,-207.76,-301.60,13.500,90.00
89,80.0,-193.67,-301.60,14.090,90.00
89,81.0,-179.90,-301.60,13.770,90.00
89,82.0,-166.95,-301.60,12.950,90.00
89,83.0,-153.37,-301.60,13.580,90.00
89,84.0,-140.31,-301.60,13.060,90.00
89,85.0,-126.19,-301.60,14.120,90.00
89,86.0,-113.05,-301.60,13.140,90.00
89,87.0,-99.05,-301.60,14.010,90.00
89,88.0,-85.60,-301.60,13.450,90.00
89,89.0,-71.55,-301.60,14.050,90.00
89,90.0,-57.88,-301.60,13.680,90.00
89,91.0,-43.98,-301.60,13.890,90.00
89,92.0,-30.24,-301.60,13.750,90.00
89,93.0,-19.20,-301.60,11.040,90.00
89,94.0,-11.68,-301.60,7.520,90.00
89,95.0,-7.67,-301.60,4.010,90.00
89,96.0,-7.44,-301.60,0.220,90.00
89,97.0,-7.31,-301.60,0.140,90.00
89,98.0,-7.30,-301.60,0.000,90.00
89,99.0,-5.76,-300.32,2.070,74.06
89,100.0,-7.91,-298.40,3.400,341.19
89,101.0,-13.33,-298.40,5.430,270.00
89,102.0,-20.90,-298.40,7.570,270.00
89,103.0,-30.67,-298.40,9.770,270.00
89,104.0,-42.95,-298.40,12.280,270.00
89,105.0,-56.43,-298.40,13.480,270.00
89,106.0,-69.71,-298.40,13.280,270.00
89,107.0,-82.79,-298.40,13.070,270.00
89,108.0,-96.22,-298.40,13.430,270.00
89,109.0,-110.14,-298.40,13.920,270.00
89,110.0,-123.80,-298.40,13.660,270.00
89,111.0,-137.67,-298.40,13.870,270.00
89,112.0,-150.92,-298.40,13.260,270.00
89,113.0,-164.82,-298.40,13.900,270.00
89,114.0,-178.17,-298.40,13.340,270.00
89,115.0,-192.13,-298.40,13.970,270.00
89,116.0,-206.09,-298.40,13.960,270.00
89,117.0,-220.13,-298.40,14.040,270.00
89,118.0,-234.10,-298.40,13.980,270.00
89,119.0,-247.69,-298.40,13.580,270.00
89,120.0,-261.52,-298.40,13.830,270.00
89,121.0,-274.47,-298.40,12.950,270.00
89,122.0,-288.57,-298.40,14.090,270.00
9,0.0,598.40,-12.30,0.000,180.00
9,1.0,598.40,-14.85,2.550,180.00
9,2.0,598.40,-19.61,4.760,180.00
9,3.0,598.40,-26.78,7.170,180.00
9,4.0,598.40,-36.11,9.330,180.00
9,5.0,598.40,-47.22,11.110,180.00
9,6.0,598.40,-58.04,10.810,180.00
9,7.0,598.40,-69.21,11.170,180.00
9,8.0,598.40,-80.45,11.240,180.00
9,9.0,598.40,-91.50,11.050,180.00
9,10.0,598.40,-102.31,10.820,180.00
9,11.0,598.40,-113.57,11.260,180.00
9,12.0,598.40,-125.29,11.720,180.00
9,13.0,598.40,-136.66,11.370,180.00
9,14.0,598.40,-147.33,10.670,180.00
9,15.0,598.40,-159.17,11.830,180.00
9,16.0,598.40,-170.86,11.700,180.00
9,17.0,598.40,-182.26,11.400,180.00
9,18.0,598.40,-194.14,11.870,180.00
9,19.0,598.40,-205.33,11.190,180.00
9,20.0,598.40,-216.20,10.870,180.00
9,21.0,598.40,-226.86,10.660,180.00
9,22.0,598.40,-238.39,11.530,180.00
9,23.0,598.40,-250.20,11.820,180.00
9,24.0,598.40,-261.53,11.330,180.00
9,25.0,598.40,-272.78,11.250,180.00
9,26.0,598.40,-284.61,11.830,180.00
9,27.0,598.40,-295.54,10.930,180.00
9,28.0,598.40,-307.16,11.620,180.00
9,29.0,598.40,-318.60,11.440,180.00
9,30.0,598.40,-330.07,11.470,180.00
9,31.0,598.40,-341.57,11.500,180.00
9,32.0,598.40,-353.28,11.710,180.00
9,33.0,598.40,-364.22,10.940,180.00
9,34.0,598.40,-375.33,11.110,180.00
9,35.0,598.40,-386.85,11.520,180.00
9,36.0,598.40,-398.17,11.330,180.00
9,37.0,598.40,-409.98,11.810,180.00
9,38.0,598.40,-421.28,11.300,180.00
9,39.0,598.40,-433.07,11.790,180.00
9,40.0,598.40,-444.53,11.460,180.00
9,41.0,598.40,-455.15,10.620,180.00
9,42.0,598.40,-466.82,11.670,180.00
9,43.0,598.40,-478.51,11.690,180.00
9,44.0,598.40,-489.63,11.130,180.00
9,45.0,598.40,-500.60,10.970,180.00
9,46.0,598.40,-511.80,11.200,180.00
9,47.0,598.40,-522.63,10.830,180.00
9,48.0,598.40,-533.88,11.240,180.00
9,49.0,598.40,-545.46,11.580,180.00
9,50.0,598.40,-556.41,10.960,180.00
9,51.0,598.40,-568.01,11.600,180.00
9,52.0,598.40,-579.88,11.870,180.00
9,53.0,598.40,-589.74,9.870,180.00
9,54.0,598.07,-595.09,5.370,183.76
9,55.0,594.47,-598.16,5.030,229.76
9,56.0,589.51,-598.40,4.980,267.22
9,57.0,583.18,-598.40,6.330,270.00
9,58.0,574.63,-598.40,8.550,270.00
9,59.0,563.80,-598.40,10.830,270.00
9,60.0,552.01,-598.40,11.780,270.00
9,61.0,541.13,-598.40,10.880,270.00
9,62.0,530.50,-598.40,10.630,270.00
9,63.0,519.01,-598.40,11.490,270.00
9,64.0,507.81,-598.40,11.200,270.00
9,65.0,496.08,-598.40,11.720,270.00
9,66.0,484.64,-598.40,11.440,270.00
9,67.0,473.68,-598.40,10.960,270.00
9,68.0,462.68,-598.40,11.000,270.00
9,69.0,450.88,-598.40,11.800,270.00
9,70.0,439.02,-598.40,11.860,270.00
9,71.0,428.30,-598.40,10.710,270.00
9,72.0,416.53,-598.40,11.770,270.00
9,73.0,405.36,-598.40,11.180,270.00
9,74.0,394.30,-598.40,11.060,270.00
9,75.0,383.57,-598.40,10.730,270.00
9,76.0,372.37,-598.40,11.200,270.00
9,77.0,361.56,-598.40,10.800,270.00
9,78.0,350.83,-598.40,10.730,270.00
9,79.0,339.16,-598.40,11.670,270.00
9,80.0,327.34,-598.40,11.820,270.00
9,81.0,317.14,-598.40,10.200,270.00
9,82.0,310.17,-598.40,6.970,270.00
9,83.0,301.45,-598.40,8.720,270.00
9,84.0,291.36,-598.40,10.090,270.00
9,85.0,279.56,-598.40,11.800,270.00
9,86.0,268.78,-598.40,10.780,270.00
9,87.0,257.85,-598.40,10.930,270.00
9,88.0,246.62,-598.40,11.230,270.00
9,89.0,235.48,-598.40,11.140,270.00
9,90.0,224.49,-598.40,10.990,270.00
9,91.0,213.46,-598.40,11.040,270.00
9,92.0,202.23,-598.40,11.230,270.00
9,93.0,191.28,-598.40,10.950,270.00
9,94.0,179.50,-598.40,11.780,270.00
9,95.0,168.26,-598.40,11.240,270.00
9,96.0,156.46,-598.40,11.800,270.00
9,97.0,145.25,-598.40,11.210,270.00
9,98.0,134.26,-598.40,10.990,270.00
9,99.0,123.41,-598.40,10.850,270.00
9,100.0,111.87,-598.40,11.540,270.00
9,101.0,100.70,-598.40,11.170,270.00
9,102.0,89.18,-598.40,11.520,270.00
9,103.0,77.73,-598.40,11.450,270.00
9,104.0,66.94,-598.40,10.800,270.00
9,105.0,56.12,-598.40,10.820,270.00
9,106.0,44.88,-598.40,11.240,270.00
9,107.0,34.16,-598.40,10.720,270.00
9,108.0,22.92,-598.40,11.240,270.00
9,109.0,14.02,-598.40,8.900,270.00
9,110.0,9.55,-598.40,4.480,270.00
9,111.0,3.16,-598.40,6.390,270.00
9,112.0,-4.57,-598.40,7.720,270.00
9,113.0,-14.58,-598.40,10.010,270.00
9,114.0,-25.69,-598.40,11.120,270.00
9,115.0,-37.09,-598.40,11.390,270.00
9,116.0,-47.94,-598.40,10.850,270.00
9,117.0,-59.52,-598.40,11.580,270.00
9,118.0,-71.07,-598.40,11.550,270.00
9,119.0,-82.73,-598.40,11.650,270.00
9,120.0,-94.60,-598.40,11.870,270.00
9,121.0,-105.48,-598.40,10.890,270.00
9,122.0,-117.06,-598.40,11.570,270.00
9,123.0,-127.70,-598.40,10.640,270.00
9,124.0,-139.47,-598.40,11.770,270.00
9,125.0,-150.11,-598.40,10.640,270.00
9,126.0,-161.51,-598.40,11.400,270.00
9,127.0,-173.37,-598.40,11.860,270.00
9,128.0,-184.44,-598.40,11.070,270.00
9,129.0,-195.35,-598.40,10.910,270.00
9,130.0,-206.10,-598.40,10.750,270.00
9,131.0,-217.72,-598.40,11.620,270.00
9,132.0,-229.57,-598.40,11.850,270.00
9,133.0,-240.99,-598.40,11.420,270.00
9,134.0,-252.26,-598.40,11.280,270.00
9,135.0,-264.16,-598.40,11.890,270.00
9,136.0,-275.52,-598.40,11.360,270.00
9,137.0,-285.08,-598.40,9.560,270.00
9,138.0,-290.61,-598.40,5.530,270.00
9,139.0,-297.85,-598.40,7.250,270.00
9,140.0,-306.60,-598.40,8.740,270.00
9,141.0,-317.17,-598.40,10.580,270.00
9,142.0,-328.07,-598.40,10.900,270.00
9,143.0,-339.92,-598.40,11.850,270.00
9,144.0,-350.95,-598.40,11.030,270.00
9,145.0,-361.64,-598.40,10.690,270.00
9,146.0,-372.25,-598.40,10.610,270.00
9,147.0,-383.04,-598.40,10.790,270.00
9,148.0,-394.17,-598.40,11.130,270.00
9,149.0,-405.96,-598.40,11.790,270.00
9,150.0,-417.28,-598.40,11.320,270.00
9,151.0,-428.53,-598.40,11.250,270.00
9,152.0,-439.22,-598.40,10.690,270.00
9,153.0,-449.85,-598.40,10.630,270.00
9,154.0,-461.09,-598.40,11.240,270.00
9,155.0,-472.82,-598.40,11.740,270.00
9,156.0,-484.63,-598.40,11.800,270.00
9,157.0,-496.34,-598.40,11.710,270.00
9,158.0,-507.94,-598.40,11.590,270.00
9,159.0,-518.77,-598.40,10.830,270.00
9,160.0,-529.85,-598.40,11.080,270.00
9,161.0,-540.92,-598.40,11.070,270.00
9,162.0,-552.67,-598.40,11.750,270.00
9,163.0,-564.22,-598.40,11.550,270.00
9,164.0,-575.45,-598.40,11.230,270.00
9,165.0,-584.40,-598.40,8.950,270.00
9,166.0,-590.11,-598.40,5.710,270.00
9,167.0,-597.27,-598.40,7.150,270.00
9,168.0,-606.16,-598.40,8.900,270.00
9,169.0,-616.62,-598.40,10.450,270.00
9,170.0,-628.31,-598.40,11.690,270.00
9,171.0,-640.12,-598.40,11.820,270.00
9,172.0,-651.56,-598.40,11.430,270.00
9,173.0,-662.53,-598.40,10.970,270.00
9,174.0,-673.41,-598.40,10.880,270.00
9,175.0,-685.02,-598.40,11.600,270.00
9,176.0,-696.70,-598.40,11.680,270.00
9,177.0,-707.71,-598.40,11.010,270.00
9,178.0,-719.23,-598.40,11.520,270.00
9,179.0,-730.36,-598.40,11.130,270.00
9,180.0,-741.93,-598.40,11.570,270.00
9,181.0,-752.80,-598.40,10.870,270.00
9,182.0,-764.53,-598.40,11.730,270.00
9,183.0,-776.05,-598.40,11.520,270.00
9,184.0,-787.16,-598.40,11.110,270.00
9,185.0,-798.24,-598.40,11.080,270.00
9,186.0,-810.12,-598.40,11.880,270.00
9,187.0,-821.61,-598.40,11.490,270.00
9,188.0,-832.33,-598.40,10.720,270.00
9,189.0,-843.17,-598.40,10.840,270.00
9,190.0,-854.83,-598.40,11.660,270.00
9,191.0,-866.55,-598.40,11.720,270.00
9,192.0,-877.94,-598.40,11.390,270.00
9,193.0,-886.61,-598.40,8.680,270.00
9,194.0,-890.91,-598.40,4.300,270.00
9,195.0,-896.81,-599.05,5.960,262.55
9,196.0,-901.11,-603.79,6.670,216.46
9,197.0,-901.60,-610.27,6.510,183.14
9,198.0,-901.60,-618.50,8.240,180.00
9,199.0,-901.60,-628.68,10.180,180.00
9,200.0,-901.60,-639.84,11.150,180.00
9,201.0,-901.60,-651.31,11.470,180.00
9,202.0,-901.60,-662.01,10.700,180.00
9,203.0,-901.60,-673.79,11.790,180.00
9,204.0,-901.60,-684.41,10.620,180.00
9,205.0,-901.60,-695.41,11.000,180.00
9,206.0,-901.60,-707.30,11.890,180.00
9,207.0,-901.60,-718.99,11.690,180.00
9,208.0,-901.60,-730.77,11.770,180.00
9,209.0,-901.60,-742.50,11.730,180.00
9,210.0,-901.60,-753.31,10.810,180.00
9,211.0,-901.60,-765.06,11.750,180.00
9,212.0,-901.60,-776.47,11.400,180.00
9,213.0,-901.60,-787.18,10.720,180.00
9,214.0,-901.60,-798.54,11.360,180.00
9,215.0,-901.60,-809.81,11.270,180.00
9,216.0,-901.60,-821.02,11.210,180.00
9,217.0,-901.60,-831.65,10.630,180.00
9,218.0,-901.60,-843.13,11.480,180.00
9,219.0,-901.60,-854.03,10.900,180.00
9,220.0,-901.60,-865.27,11.230,180.00
9,221.0,-901.60,-876.68,11.410,180.00
9,222.0,-901.60,-888.28,11.600,180.00
9,223.0,-901.60,-895.68,7.400,180.00
9,224.0,-900.91,-899.56,4.000,171.89
9,225.0,-897.55,-901.49,4.100,125.87
9,226.0,-892.90,-901.60,4.650,91.79
9,227.0,-885.67,-901.60,7.230,90.00
9,228.0,-876.74,-901.60,8.940,90.00
9,229.0,-865.33,-901.60,11.410,90.00
9,230.0,-853.96,-901.60,11.370,90.00
9,231.0,-842.89,-901.60,11.070,90.00
9,232.0,-831.39,-901.60,11.500,90.00
9,233.0,-820.00,-901.60,11.390,90.00
9,234.0,-809.25,-901.60,10.750,90.00
9,235.0,-798.32,-901.60,10.930,90.00
9,236.0,-787.60,-901.60,10.720,90.00
9,237.0,-776.29,-901.60,11.300,90.00
9,238.0,-764.82,-901.60,11.470,90.00
90,0.0,312.30,898.40,0.000,90.00
90,1.0,314.41,898.40,2.110,90.00
90,2.0,318.31,898.40,3.900,90.00
90,3.0,324.77,898.40,6.470,90.00
90,4.0,332.95,898.40,8.170,90.00
90,5.0,342.76,898.40,9.810,90.00
90,6.0,354.90,898.40,12.140,90.00
90,7.0,367.87,898.40,12.970,90.00
90,8.0,381.22,898.40,13.350,90.00
90,9.0,394.44,898.40,13.220,90.00
90,10.0,407.57,898.40,13.140,90.00
90,11.0,421.32,898.40,13.750,90.00
90,12.0,434.88,898.40,13.560,90.00
90,13.0,448.38,898.40,13.510,90.00
90,14.0,461.99,898.40,13.610,90.00
90,15.0,475.92,898.40,13.930,90.00
90,16.0,488.84,898.40,12.910,90.00
90,17.0,502.44,898.40,13.600,90.00
90,18.0,515.88,898.40,13.440,90.00
90,19.0,529.13,898.40,13.250,90.00
90,20.0,543.08,898.40,13.950,90.00
90,21.0,556.77,898.40,13.690,90.00
90,22.0,569.77,898.40,13.000,90.00
90,23.0,582.84,898.40,13.070,90.00
90,24.0,592.23,898.40,9.390,90.00
90,25.0,597.29,896.51,5.650,113.04
90,26.0,598.40,890.72,6.030,173.29
90,27.0,598.40,882.41,8.310,180.00
90,28.0,598.40,872.65,9.770,180.00
90,29.0,598.40,861.05,11.600,180.00
90,30.0,598.40,847.35,13.690,180.00
90,31.0,598.40,833.80,13.550,180.00
90,32.0,598.40,819.87,13.930,180.00
90,33.0,598.40,806.15,13.720,180.00
90,34.0,598.40,793.17,12.970,180.00
90,35.0,598.40,780.09,13.090,180.00
90,36.0,598.40,766.83,13.260,180.00
90,37.0,598.40,753.91,12.910,180.00
90,38.0,598.40,740.59,13.320,180.00
90,39.0,598.40,727.65,12.940,180.00
90,40.0,598.40,714.14,13.500,180.00
90,41.0,598.40,701.27,12.880,180.00
90,42.0,598.40,687.76,13.510,180.00
90,43.0,598.40,673.75,14.010,180.00
90,44.0,598.40,659.94,13.800,180.00
90,45.0,598.40,645.86,14.090,180.00
90,46.0,598.40,632.21,13.640,180.00
90,47.0,598.40,618.64,13.580,180.00
90,48.0,598.40,608.60,10.030,180.00
90,49.0,597.13,603.22,5.660,195.03
90,50.0,591.91,601.60,5.670,255.92
90,51.0,584.38,601.60,7.530,270.00
90,52.0,575.42,601.60,8.960,270.00
90,53.0,564.02,601.60,11.400,270.00
90,54.0,551.09,601.60,12.930,270.00
90,55.0,537.98,601.60,13.110,270.00
90,56.0,524.44,601.60,13.550,270.00
90,57.0,511.07,601.60,13.360,270.00
90,58.0,497.81,601.60,13.260,270.00
90,59.0,484.10,601.60,13.710,270.00
90,60.0,470.99,601.60,13.110,270.00
90,61.0,457.58,601.60,13.410,270.00
90,62.0,444.17,601.60,13.410,270.00
90,63.0,430.28,601.60,13.890,270.00
90,64.0,416.86,601.60,13.420,270.00
90,65.0,403.87,601.60,12.990,270.00
90,66.0,390.08,601.60,13.780,270.00
90,67.0,376.30,601.60,13.790,270.00
90,68.0,363.43,601.60,12.870,270.00
90,69.0,349.77,601.60,13.660,270.00
90,70.0,335.73,601.60,14.040,270.00
90,71.0,322.11,601.60,13.620,270.00
90,72.0,312.98,601.60,9.120,270.00
90,73.0,308.36,601.60,4.620,270.00
90,74.0,301.95,600.21,6.680,254.47
90,75.0,298.65,594.55,6.900,201.31
90,76.0,298.40,586.92,7.650,180.00
90,77.0,298.40,577.80,9.130,180.00
90,78.0,298.40,566.56,11.230,180.00
90,79.0,298.40,553.82,12.750,180.00
90,80.0,298.40,540.43,13.390,180.00
90,81.0,298.40,527.59,12.840,180.00
90,82.0,298.40,514.50,13.090,180.00
90,83.0,298.40,501.01,13.490,180.00
90,84.0,298.40,487.13,13.880,180.00
90,85.0,298.40,474.18,12.950,180.00
90,86.0,298.40,460.42,13.750,180.00
90,87.0,298.40,446.48,13.950,180.00
90,88.0,298.40,432.48,14.000,180.00
90,89.0,298.40,419.50,12.980,180.00
90,90.0,298.40,406.62,12.880,180.00
90,91.0,298.40,393.73,12.890,180.00
90,92.0,298.40,379.78,13.950,180.00
90,93.0,298.40,365.99,13.790,180.00
90,94.0,298.40,353.12,12.860,180.00
90,95.0,298.40,340.20,12.920,180.00
90,96.0,298.40,326.69,13.510,180.00
90,97.0,298.40,313.57,13.130,180.00
90,98.0,298.40,300.20,13.370,180.00
90,99.0,298.40,286.88,13.320,180.00
90,100.0,298.40,273.83,13.040,180.00
90,101.0,298.40,260.88,12.950,180.00
90,102.0,298.40,247.82,13.070,180.00
90,103.0,298.40,234.32,13.500,180.00
90,104.0,298.40,221.13,13.190,180.00
90,105.0,298.40,207.95,13.180,180.00
90,106.0,298.40,194.03,13.920,180.00
90,107.0,298.40,180.08,13.950,180.00
90,108.0,298.40,166.22,13.860,180.00
90,109.0,298.40,153.13,13.080,180.00
90,110.0,298.40,139.55,13.590,180.00
90,111.0,298.40,126.24,13.310,180.00
90,112.0,298.40,112.72,13.520,180.00
90,113.0,298.40,99.37,13.350,180.00
90,114.0,298.40,86.33,13.050,180.00
90,115.0,298.40,73.39,12.940,180.00
90,116.0,298.40,60.25,13.140,180.00
90,117.0,298.40,47.34,12.910,180.00
90,118.0,298.40,34.26,13.080,180.00
90,119.0,298.40,20.65,13.610,180.00
91,0.0,901.60,612.30,0.000,0.00
91,1.0,901.60,614.14,1.840,0.00
91,2.0,901.60,617.68,3.540,0.00
91,3.0,901.60,623.45,5.770,0.00
91,4.0,901.60,631.29,7.830,0.00
91,5.0,901.60,640.97,9.680,0.00
91,6.0,901.60,652.14,11.170,0.00
91,7.0,901.60,663.40,11.260,0.00
91,8.0,901.60,675.10,11.710,0.00
91,9.0,901.60,687.49,12.390,0.00
91,10.0,901.60,699.65,12.160,0.00
91,11.0,901.60,711.78,12.140,0.00
91,12.0,901.60,723.40,11.620,0.00
91,13.0,901.60,735.67,12.270,0.00
91,14.0,901.60,747.56,11.890,0.00
91,15.0,901.60,759.13,11.570,0.00
91,16.0,901.60,770.54,11.410,0.00
91,17.0,901.60,782.36,11.830,0.00
91,18.0,901.60,793.91,11.550,0.00
91,19.0,901.60,806.03,12.120,0.00
91,20.0,901.60,817.86,11.830,0.00
91,21.0,901.60,829.47,11.610,0.00
91,22.0,901.60,841.26,11.780,0.00
91,23.0,901.60,853.61,12.350,0.00
91,24.0,901.60,865.32,11.710,0.00
91,25.0,901.60,876.59,11.270,0.00
91,26.0,901.60,888.33,11.740,0.00
91,27.0,901.60,896.62,8.290,0.00
91,28.0,900.26,900.48,4.210,343.99
91,29.0,895.76,901.60,4.750,285.26
91,30.0,888.43,901.60,7.330,270.00
91,31.0,879.79,901.60,8.630,270.00
91,32.0,868.75,901.60,11.040,270.00
91,33.0,857.03,901.60,11.710,270.00
91,34.0,844.96,901.60,12.080,270.00
91,35.0,832.59,901.60,12.370,270.00
91,36.0,821.26,901.60,11.330,270.00
91,37.0,810.13,901.60,11.130,270.00
91,38.0,798.54,901.60,11.600,270.00
91,39.0,786.60,901.60,11.940,270.00
91,40.0,774.60,901.60,12.000,270.00
91,41.0,762.73,901.60,11.870,270.00
91,42.0,750.99,901.60,11.750,270.00
91,43.0,739.78,901.60,11.210,270.00
91,44.0,728.35,901.60,11.430,270.00
91,45.0,716.92,901.60,11.430,270.00
91,46.0,705.00,901.60,11.930,270.00
91,47.0,692.84,901.60,12.160,270.00
91,48.0,681.49,901.60,11.350,270.00
91,49.0,669.68,901.60,11.800,270.00
91,50.0,657.38,901.60,12.300,270.00
91,51.0,646.20,901.60,11.180,270.00
91,52.0,634.22,901.60,11.990,270.00
91,53.0,622.86,901.60,11.360,270.00
91,54.0,611.13,901.60,11.730,270.00
91,55.0,598.99,901.60,12.140,270.00
91,56.0,587.55,901.60,11.430,270.00
91,57.0,575.91,901.60,11.640,270.00
91,58.0,564.67,901.60,11.240,270.00
91,59.0,553.25,901.60,11.420,270.00
91,60.0,541.06,901.60,12.190,270.00
91,61.0,529.11,901.60,11.950,270.00
91,62.0,518.01,901.60,11.110,270.00
91,63.0,506.06,901.60,11.940,270.00
91,64.0,493.92,901.60,12.140,270.00
91,65.0,482.25,901.60,11.660,270.00
91,66.0,470.94,901.60,11.320,270.00
91,67.0,458.67,901.60,12.270,270.00
91,68.0,446.80,901.60,11.870,270.00
91,69.0,434.64,901.60,12.150,270.00
91,70.0,422.52,901.60,12.130,270.00
91,71.0,410.20,901.60,12.320,270.00
91,72.0,398.62,901.60,11.580,270.00
91,73.0,387.03,901.60,11.590,270.00
91,74.0,374.73,901.60,12.300,270.00
91,75.0,363.00,901.60,11.730,270.00
91,76.0,351.87,901.60,11.140,270.00
91,77.0,339.86,901.60,12.000,270.00
91,78.0,328.44,901.60,11.420,270.00
91,79.0,316.98,901.60,11.460,270.00
91,80.0,305.09,901.60,11.900,270.00
91,81.0,293.59,901.60,11.500,270.00
91,82.0,281.93,901.60,11.660,270.00
91,83.0,270.61,901.60,11.320,270.00
91,84.0,258.48,901.60,12.130,270.00
91,85.0,246.20,901.60,12.280,270.00
91,86.0,234.90,901.60,11.300,270.00
91,87.0,223.74,901.60,11.160,270.00
91,88.0,211.50,901.60,12.250,270.00
91,89.0,199.26,901.60,12.230,270.00
91,90.0,187.36,901.60,11.900,270.00
91,91.0,175.02,901.60,12.340,270.00
91,92.0,163.87,901.60,11.150,270.00
91,93.0,152.60,901.60,11.280,270.00
91,94.0,140.39,901.60,12.200,270.00
91,95.0,128.11,901.60,12.290,270.00
91,96.0,116.78,901.60,11.320,270.00
91,97.0,105.57,901.60,11.210,270.00
91,98.0,93.83,901.60,11.740,270.00
91,99.0,81.97,901.60,11.870,270.00
91,100.0,70.62,901.60,11.340,270.00
91,101.0,58.94,901.60,11.690,270.00
91,102.0,47.44,901.60,11.500,270.00
91,103.0,36.05,901.60,11.390,270.00
91,104.0,24.18,901.60,11.870,270.00
91,105.0,12.45,901.60,11.730,270.00
91,106.0,1.04,901.60,11.410,270.00
91,107.0,-10.15,901.60,11.190,270.00
91,108.0,-21.71,901.60,11.570,270.00
91,109.0,-33.45,901.60,11.740,270.00
91,110.0,-45.45,901.60,12.000,270.00
91,111.0,-57.10,901.60,11.640,270.00
91,112.0,-68.47,901.60,11.370,270.00
91,113.0,-80.07,901.60,11.600,270.00
91,114.0,-91.17,901.60,11.100,270.00
91,115.0,-102.61,901.60,11.440,270.00
91,116.0,-114.14,901.60,11.530,270.00
91,117.0,-125.57,901.60,11.430,270.00
91,118.0,-136.71,901.60,11.140,270.00
91,119.0,-148.12,901.60,11.420,270.00
91,120.0,-159.38,901.60,11.260,270.00
91,121.0,-171.33,901.60,11.950,270.00
91,122.0,-182.98,901.60,11.650,270.00
91,123.0,-195.05,901.60,12.070,270.00
91,124.0,-207.27,901.60,12.220,270.00
91,125.0,-218.99,901.60,11.720,270.00
91,126.0,-230.56,901.60,11.570,270.00
91,127.0,-242.51,901.60,11.950,270.00
91,128.0,-254.67,901.60,12.160,270.00
91,129.0,-266.16,901.60,11.490,270.00
91,130.0,-278.01,901.60,11.850,270.00
91,131.0,-290.16,901.60,12.150,270.00
91,132.0,-302.25,901.60,12.100,270.00
91,133.0,-313.51,901.60,11.250,270.00
91,134.0,-324.78,901.60,11.270,270.00
91,135.0,-336.50,901.60,11.720,270.00
91,136.0,-348.55,901.60,12.050,270.00
91,137.0,-360.59,901.60,12.050,270.00
91,138.0,-372.91,901.60,12.310,270.00
91,139.0,-384.58,901.60,11.680,270.00
92,0.0,-287.70,598.40,0.000,90.00
92,1.0,-286.19,598.40,1.510,90.00
92,2.0,-282.19,598.40,4.000,90.00
92,3.0,-275.80,598.40,6.400,90.00
92,4.0,-267.12,598.40,8.680,90.00
92,5.0,-256.66,598.40,10.460,90.00
92,6.0,-246.21,598.40,10.460,90.00
92,7.0,-235.38,598.40,10.830,90.00
92,8.0,-224.08,598.40,11.290,90.00
92,9.0,-212.58,598.40,11.510,90.00
92,10.0,-201.85,598.40,10.730,90.00
92,11.0,-191.13,598.40,10.710,90.00
92,12.0,-180.81,598.40,10.320,90.00
92,13.0,-169.58,598.40,11.230,90.00
92,14.0,-158.16,598.40,11.410,90.00
92,15.0,-146.64,598.40,11.520,90.00
92,16.0,-135.56,598.40,11.090,90.00
92,17.0,-124.83,598.40,10.730,90.00
92,18.0,-113.29,598.40,11.540,90.00
92,19.0,-102.94,598.40,10.340,90.00
92,20.0,-91.89,598.40,11.050,90.00
92,21.0,-80.54,598.40,11.350,90.00
92,22.0,-69.43,598.40,11.110,90.00
92,23.0,-58.14,598.40,11.290,90.00
92,24.0,-46.58,598.40,11.570,90.00
92,25.0,-36.07,598.40,10.510,90.00
92,26.0,-25.34,598.40,10.740,90.00
92,27.0,-15.73,598.40,9.600,90.00
92,28.0,-9.93,598.40,5.810,90.00
92,29.0,-7.12,598.46,2.830,89.36
92,30.0,-5.79,599.63,1.820,74.71
92,31.0,-6.48,601.12,1.890,35.07
92,32.0,-9.11,601.60,2.770,305.61
92,33.0,-13.66,601.60,4.550,270.00
92,34.0,-19.54,601.60,5.880,270.00
92,35.0,-27.57,601.60,8.020,270.00
92,36.0,-36.90,601.60,9.330,270.00
92,37.0,-47.59,601.60,10.690,270.00
92,38.0,-58.71,601.60,11.120,270.00
92,39.0,-70.02,601.60,11.310,270.00
92,40.0,-81.46,601.60,11.440,270.00
92,41.0,-92.44,601.60,10.980,270.00
92,42.0,-102.85,601.60,10.400,270.00
92,43.0,-113.55,601.60,10.700,270.00
92,44.0,-124.13,601.60,10.580,270.00
92,45.0,-134.63,601.60,10.500,270.00
92,46.0,-145.36,601.60,10.730,270.00
92,47.0,-156.84,601.60,11.480,270.00
92,48.0,-167.75,601.60,10.910,270.00
92,49.0,-178.27,601.60,10.520,270.00
92,50.0,-189.74,601.60,11.470,270.00
92,51.0,-200.52,601.60,10.780,270.00
92,52.0,-211.95,601.60,11.430,270.00
92,53.0,-223.23,601.60,11.290,270.00
92,54.0,-234.17,601.60,10.930,270.00
92,55.0,-244.69,601.60,10.520,270.00
92,56.0,-255.22,601.60,10.530,270.00
92,57.0,-266.24,601.60,11.020,270.00
92,58.0,-277.27,601.60,11.030,270.00
92,59.0,-285.62,601.60,8.350,270.00
92,60.0,-291.13,601.60,5.510,270.00
92,61.0,-292.14,601.60,1.010,270.00
92,62.0,-292.66,601.60,0.520,270.00
92,63.0,-292.69,601.60,0.030,270.00
92,64.0,-295.28,601.25,2.620,265.92
92,65.0,-299.62,599.04,5.010,242.95
92,66.0,-301.55,593.18,6.290,194.89
92,67.0,-301.60,587.08,6.100,180.00
92,68.0,-301.60,579.21,7.870,180.00
92,69.0,-301.60,569.44,9.770,180.00
92,70.0,-301.60,558.08,11.360,180.00
92,71.0,-301.60,547.38,10.690,180.00
92,72.0,-301.60,537.06,10.320,180.00
92,73.0,-301.60,525.91,11.150,180.00
92,74.0,-301.60,514.81,11.100,180.00
92,75.0,-301.60,503.97,10.840,180.00
92,76.0,-301.60,493.08,10.900,180.00
92,77.0,-301.60,482.64,10.440,180.00
92,78.0,-301.60,471.07,11.570,180.00
92,79.0,-301.60,459.71,11.350,180.00
92,80.0,-301.60,448.20,11.510,180.00
92,81.0,-301.60,437.60,10.600,180.00
92,82.0,-301.60,426.24,11.360,180.00
92,83.0,-301.60,414.89,11.350,180.00
92,84.0,-301.60,403.62,11.270,180.00
92,85.0,-301.60,392.11,11.520,180.00
92,86.0,-301.60,380.62,11.490,180.00
92,87.0,-301.60,369.18,11.440,180.00
92,88.0,-301.60,358.01,11.170,180.00
92,89.0,-301.60,346.54,11.470,180.00
92,90.0,-301.60,335.99,10.550,180.00
92,91.0,-301.60,324.49,11.500,180.00
92,92.0,-301.60,313.40,11.090,180.00
92,93.0,-301.60,302.29,11.110,180.00
92,94.0,-301.60,291.34,10.950,180.00
92,95.0,-301.60,280.42,10.930,180.00
92,96.0,-301.60,269.56,10.860,180.00
92,97.0,-301.60,258.81,10.750,180.00
92,98.0,-301.60,248.10,10.710,180.00
92,99.0,-301.60,237.07,11.020,180.00
92,100.0,-301.60,225.57,11.500,180.00
92,101.0,-301.60,214.79,10.780,180.00
92,102.0,-301.60,203.83,10.950,180.00
92,103.0,-301.60,192.94,10.890,180.00
92,104.0,-301.60,181.94,11.000,180.00
92,105.0,-301.60,171.50,10.440,180.00
92,106.0,-301.60,160.32,11.180,180.00
92,107.0,-301.60,149.07,11.250,180.00
92,108.0,-301.60,138.19,10.880,180.00
92,109.0,-301.60,126.89,11.300,180.00
92,110.0,-301.60,115.50,11.380,180.00
92,111.0,-301.60,104.07,11.430,180.00
92,112.0,-301.60,93.11,10.970,180.00
92,113.0,-301.60,82.77,10.340,180.00
92,114.0,-301.60,72.40,10.370,180.00
92,115.0,-301.60,60.89,11.510,180.00
92,116.0,-301.60,49.38,11.510,180.00
92,117.0,-301.60,38.12,11.260,180.00
92,118.0,-301.60,27.30,10.820,180.00
92,119.0,-301.60,16.74,10.560,180.00
92,120.0,-301.60,6.00,10.740,180.00
92,121.0,-301.60,-4.81,10.810,180.00
92,122.0,-301.60,-15.15,10.330,180.00
92,123.0,-301.60,-26.43,11.290,180.00
92,124.0,-301.60,-36.93,10.490,180.00
92,125.0,-301.60,-47.25,10.320,180.00
92,126.0,-301.60,-57.84,10.590,180.00
92,127.0,-301.60,-68.87,11.030,180.00
92,128.0,-301.60,-79.47,10.600,180.00
92,129.0,-301.60,-90.55,11.090,180.00
92,130.0,-301.60,-102.09,11.540,180.00
92,131.0,-301.60,-112.89,10.800,180.00
92,132.0,-301.60,-123.87,10.980,180.00
92,133.0,-301.60,-134.62,10.750,180.00
92,134.0,-301.60,-144.97,10.350,180.00
92,135.0,-301.60,-156.36,11.390,180.00
92,136.0,-301.60,-167.87,11.510,180.00
93,0.0,601.60,612.30,0.000,0.00
93,1.0,601.60,614.76,2.460,0.00
93,2.0,601.60,619.28,4.520,0.00
93,3.0,601.60,626.01,6.730,0.00
93,4.0,601.60,635.24,9.230,0.00
93,5.0,601.60,646.59,11.350,0.00
93,6.0,601.60,658.16,11.560,0.00
93,7.0,601.60,670.42,12.260,0.00
93,8.0,601.60,682.46,12.040,0.00
93,9.0,601.60,694.41,11.950,0.00
93,10.0,601.60,706.78,12.370,0.00
93,11.0,601.60,718.82,12.050,0.00
93,12.0,601.60,730.56,11.740,0.00
93,13.0,601.60,742.53,11.980,0.00
93,14.0,601.60,755.07,12.530,0.00
93,15.0,601.60,767.44,12.370,0.00
93,16.0,601.60,780.14,12.700,0.00
93,17.0,601.60,792.15,12.010,0.00
93,18.0,601.60,804.45,12.300,0.00
93,19.0,601.60,816.74,12.290,0.00
93,20.0,601.60,829.12,12.380,0.00
93,21.0,601.60,841.11,12.000,0.00
93,22.0,601.60,853.47,12.350,0.00
93,23.0,601.60,865.73,12.260,0.00
93,24.0,601.60,877.76,12.040,0.00
93,25.0,601.60,886.51,8.750,0.00
93,26.0,601.60,890.97,4.450,0.00
93,27.0,600.88,896.93,6.050,351.69
93,28.0,595.76,901.18,6.990,301.83
93,29.0,589.42,901.60,6.370,272.64
93,30.0,581.26,901.60,8.170,270.00
93,31.0,571.23,901.60,10.030,270.00
93,32.0,558.61,901.60,12.620,270.00
93,33.0,546.06,901.60,12.550,270.00
93,34.0,534.33,901.60,11.720,270.00
93,35.0,522.33,901.60,12.010,270.00
93,36.0,510.76,901.60,11.570,270.00
93,37.0,498.48,901.60,12.280,270.00
93,38.0,486.61,901.60,11.870,270.00
93,39.0,473.92,901.60,12.700,270.00
93,40.0,461.99,901.60,11.930,270.00
93,41.0,449.22,901.60,12.760,270.00
93,42.0,436.67,901.60,12.550,270.00
93,43.0,425.02,901.60,11.650,270.00
93,44.0,413.46,901.60,11.560,270.00
93,45.0,401.02,901.60,12.440,270.00
93,46.0,389.10,901.60,11.910,270.00
93,47.0,376.32,901.60,12.790,270.00
93,48.0,363.81,901.60,12.510,270.00
93,49.0,351.92,901.60,11.890,270.00
93,50.0,339.66,901.60,12.260,270.00
93,51.0,327.62,901.60,12.040,270.00
93,52.0,315.41,901.60,12.210,270.00
93,53.0,303.52,901.60,11.890,270.00
93,54.0,291.27,901.60,12.250,270.00
93,55.0,278.99,901.60,12.280,270.00
93,56.0,267.21,901.60,11.770,270.00
93,57.0,254.99,901.60,12.220,270.00
93,58.0,243.30,901.60,11.690,270.00
93,59.0,231.16,901.60,12.140,270.00
93,60.0,218.76,901.60,12.400,270.00
93,61.0,206.01,901.60,12.750,270.00
93,62.0,194.21,901.60,11.800,270.00
93,63.0,182.31,901.60,11.900,270.00
93,64.0,170.14,901.60,12.170,270.00
93,65.0,157.96,901.60,12.180,270.00
93,66.0,145.41,901.60,12.540,270.00
93,67.0,132.84,901.60,12.580,270.00
93,68.0,120.28,901.60,12.560,270.00
93,69.0,108.42,901.60,11.860,270.00
93,70.0,96.03,901.60,12.390,270.00
93,71.0,84.41,901.60,11.610,270.00
93,72.0,72.27,901.60,12.140,270.00
93,73.0,60.27,901.60,12.010,270.00
93,74.0,47.92,901.60,12.350,270.00
93,75.0,35.26,901.60,12.660,270.00
93,76.0,23.04,901.60,12.220,270.00
93,77.0,10.62,901.60,12.420,270.00
93,78.0,-1.10,901.60,11.720,270.00
93,79.0,-13.53,901.60,12.420,270.00
93,80.0,-25.64,901.60,12.110,270.00
93,81.0,-37.40,901.60,11.760,270.00
93,82.0,-49.56,901.60,12.160,270.00
93,83.0,-61.80,901.60,12.240,270.00
93,84.0,-74.03,901.60,12.230,270.00
93,85.0,-86.40,901.60,12.370,270.00
93,86.0,-97.90,901.60,11.510,270.00
93,87.0,-110.57,901.60,12.670,270.00
93,88.0,-122.89,901.60,12.320,270.00
93,89.0,-134.99,901.60,12.100,270.00
93,90.0,-147.17,901.60,12.180,270.00
93,91.0,-158.90,901.60,11.740,270.00
93,92.0,-170.90,901.60,11.990,270.00
93,93.0,-182.81,901.60,11.910,270.00
93,94.0,-194.84,901.60,12.030,270.00
93,95.0,-206.98,901.60,12.140,270.00
93,96.0,-219.42,901.60,12.440,270.00
93,97.0,-231.77,901.60,12.350,270.00
93,98.0,-244.23,901.60,12.470,270.00
93,99.0,-256.11,901.60,11.870,270.00
93,100.0,-268.76,901.60,12.660,270.00
93,101.0,-281.11,901.60,12.340,270.00
93,102.0,-289.82,901.60,8.720,270.00
93,103.0,-295.02,901.28,5.220,266.35
93,104.0,-300.66,897.29,7.310,225.24
93,105.0,-301.60,890.08,7.360,183.71
93,106.0,-301.60,881.30,8.780,180.00
93,107.0,-301.60,870.46,10.850,180.00
93,108.0,-301.60,858.48,11.980,180.00
93,109.0,-301.60,845.83,12.650,180.00
93,110.0,-301.60,833.48,12.350,180.00
93,111.0,-301.60,821.80,11.680,180.00
93,112.0,-301.60,809.91,11.890,180.00
93,113.0,-301.60,797.72,12.190,180.00
93,114.0,-301.60,785.30,12.430,180.00
93,115.0,-301.60,773.23,12.070,180.00
93,116.0,-301.60,760.51,12.720,180.00
93,117.0,-301.60,748.94,11.570,180.00
93,118.0,-301.60,736.38,12.560,180.00
93,119.0,-301.60,723.72,12.660,180.00
93,120.0,-301.60,712.09,11.630,180.00
93,121.0,-301.60,700.03,12.070,180.00
93,122.0,-301.60,687.25,12.780,180.00
93,123.0,-301.60,675.03,12.220,180.00
93,124.0,-301.60,663.18,11.840,180.00
93,125.0,-301.60,651.16,12.020,180.00
93,126.0,-301.60,639.05,12.110,180.00
93,127.0,-301.60,626.31,12.740,180.00
93,128.0,-301.60,615.80,10.520,180.00
93,129.0,-301.60,608.23,7.560,180.00
93,130.0,-303.36,602.78,5.970,201.42
93,131.0,-308.05,601.60,4.940,255.62
93,132.0,-314.89,601.60,6.840,270.00
93,133.0,-323.81,601.60,8.920,270.00
93,134.0,-334.37,601.60,10.570,270.00
93,135.0,-346.15,601.60,11.780,270.00
93,136.0,-358.24,601.60,12.090,270.00
93,137.0,-370.69,601.60,12.460,270.00
94,0.0,-601.60,-12.30,0.000,180.00
94,1.0,-601.60,-14.01,1.710,180.00
94,2.0,-601.60,-17.18,3.170,180.00
94,3.0,-601.60,-22.67,5.490,180.00
94,4.0,-601.60,-29.50,6.830,180.00
94,5.0,-601.60,-37.79,8.300,180.00
94,6.0,-601.60,-47.67,9.870,180.00
94,7.0,-601.60,-59.68,12.010,180.00
94,8.0,-601.60,-73.98,14.310,180.00
94,9.0,-601.60,-88.55,14.570,180.00
94,10.0,-601.60,-102.59,14.040,180.00
94,11.0,-601.60,-117.34,14.750,180.00
94,12.0,-601.60,-131.80,14.460,180.00
94,13.0,-601.60,-146.49,14.680,180.00
94,14.0,-601.60,-160.97,14.480,180.00
94,15.0,-601.60,-175.92,14.950,180.00
94,16.0,-601.60,-189.78,13.860,180.00
94,17.0,-601.60,-204.92,15.150,180.00
94,18.0,-601.60,-218.82,13.890,180.00
94,19.0,-601.60,-233.63,14.810,180.00
94,20.0,-601.60,-247.75,14.120,180.00
94,21.0,-601.60,-262.58,14.830,180.00
94,22.0,-601.60,-276.46,13.890,180.00
94,23.0,-601.60,-291.53,15.070,180.00
94,24.0,-601.60,-305.98,14.450,180.00
94,25.0,-601.60,-320.40,14.420,180.00
94,26.0,-601.60,-334.55,14.150,180.00
94,27.0,-601.60,-348.69,14.140,180.00
94,28.0,-601.60,-363.62,14.930,180.00
94,29.0,-601.60,-377.94,14.310,180.00
94,30.0,-601.60,-392.46,14.530,180.00
94,31.0,-601.60,-406.92,14.450,180.00
94,32.0,-601.60,-420.97,14.060,180.00
94,33.0,-601.60,-435.41,14.430,180.00
94,34.0,-601.60,-449.82,14.410,180.00
94,35.0,-601.60,-464.18,14.370,180.00
94,36.0,-601.60,-478.70,14.510,180.00
94,37.0,-601.60,-493.53,14.830,180.00
94,38.0,-601.60,-508.63,15.100,180.00
94,39.0,-601.60,-523.39,14.760,180.00
94,40.0,-601.60,-537.44,14.050,180.00
94,41.0,-601.60,-552.45,15.010,180.00
94,42.0,-601.60,-567.26,14.810,180.00
94,43.0,-601.60,-580.41,13.150,180.00
94,44.0,-601.60,-589.98,9.570,180.00
94,45.0,-601.25,-595.28,5.330,175.92
94,46.0,-597.02,-600.83,7.370,133.41
94,47.0,-589.53,-601.60,7.590,92.81
94,48.0,-579.98,-601.60,9.550,90.00
94,49.0,-568.24,-601.60,11.740,90.00
94,50.0,-554.90,-601.60,13.350,90.00
94,51.0,-540.67,-601.60,14.230,90.00
94,52.0,-526.80,-601.60,13.860,90.00
94,53.0,-512.69,-601.60,14.120,90.00
94,54.0,-497.96,-601.60,14.730,90.00
94,55.0,-484.04,-601.60,13.920,90.00
94,56.0,-469.53,-601.60,14.520,90.00
94,57.0,-455.00,-601.60,14.520,90.00
94,58.0,-440.74,-601.60,14.260,90.00
94,59.0,-425.61,-601.60,15.130,90.00
94,60.0,-411.03,-601.60,14.580,90.00
94,61.0,-396.13,-601.60,14.900,90.00
94,62.0,-381.33,-601.60,14.800,90.00
94,63.0,-366.30,-601.60,15.030,90.00
94,64.0,-351.18,-601.60,15.120,90.00
94,65.0,-336.10,-601.60,15.080,90.00
94,66.0,-322.56,-601.60,13.540,90.00
94,67.0,-313.53,-601.60,9.040,90.00
94,68.0,-308.55,-601.60,4.980,90.00
94,69.0,-301.02,-601.60,7.530,90.00
94,70.0,-292.06,-601.60,8.960,90.00
94,71.0,-281.45,-601.60,10.610,90.00
94,72.0,-269.01,-601.60,12.440,90.00
94,73.0,-254.17,-601.60,14.850,90.00
94,74.0,-239.19,-601.60,14.970,90.00
94,75.0,-224.94,-601.60,14.250,90.00
94,76.0,-210.55,-601.60,14.390,90.00
94,77.0,-196.04,-601.60,14.510,90.00
94,78.0,-181.70,-601.60,14.340,90.00
94,79.0,-167.25,-601.60,14.450,90.00
94,80.0,-152.16,-601.60,15.090,90.00
94,81.0,-137.76,-601.60,14.390,90.00
94,82.0,-123.02,-601.60,14.750,90.00
94,83.0,-108.88,-601.60,14.130,90.00
94,84.0,-94.00,-601.60,14.890,90.00
94,85.0,-79.30,-601.60,14.700,90.00
94,86.0,-64.75,-601.60,14.550,90.00
94,87.0,-49.80,-601.60,14.950,90.00
94,88.0,-35.38,-601.60,14.420,90.00
94,89.0,-21.80,-601.60,13.580,90.00
94,90.0,-12.72,-601.60,9.080,90.00
94,91.0,-8.14,-601.60,4.580,90.00
94,92.0,-2.52,-603.80,6.390,116.75
94,93.0,-1.60,-610.14,6.520,176.65
94,94.0,-1.60,-618.42,8.280,180.00
94,95.0,-1.60,-628.42,10.000,180.00
94,96.0,-1.60,-640.03,11.610,180.00
94,97.0,-1.60,-654.04,14.010,180.00
94,98.0,-1.60,-668.28,14.240,180.00
94,99.0,-1.60,-682.67,14.390,180.00
94,100.0,-1.60,-697.38,14.710,180.00
94,101.0,-1.60,-711.24,13.860,180.00
94,102.0,-1.60,-725.31,14.070,180.00
94,103.0,-1.60,-740.46,15.150,180.00
94,104.0,-1.60,-755.42,14.960,180.00
94,105.0,-1.60,-770.36,14.940,180.00
94,106.0,-1.60,-784.68,14.330,180.00
94,107.0,-1.60,-799.71,15.030,180.00
94,108.0,-1.60,-814.56,14.850,180.00
94,109.0,-1.60,-829.59,15.030,180.00
94,110.0,-1.60,-844.20,14.610,180.00
94,111.0,-1.60,-858.65,14.450,180.00
94,112.0,-1.60,-872.93,14.280,180.00
94,113.0,-1.60,-887.52,14.580,180.00
95,0.0,-287.70,898.40,0.000,90.00
95,1.0,-285.66,898.40,2.040,90.00
95,2.0,-281.12,898.40,4.540,90.00
95,3.0,-274.52,898.40,6.600,90.00
95,4.0,-265.79,898.40,8.730,90.00
95,5.0,-254.75,898.40,11.040,90.00
95,6.0,-241.20,898.40,13.550,90.00
95,7.0,-226.99,898.40,14.210,90.00
95,8.0,-213.23,898.40,13.760,90.00
95,9.0,-199.25,898.40,13.980,90.00
95,10.0,-184.62,898.40,14.630,90.00
95,11.0,-171.16,898.40,13.460,90.00
95,12.0,-157.39,898.40,13.770,90.00
95,13.0,-143.85,898.40,13.540,90.00
95,14.0,-129.82,898.40,14.030,90.00
95,15.0,-116.17,898.40,13.650,90.00
95,16.0,-102.51,898.40,13.660,90.00
95,17.0,-88.00,898.40,14.510,90.00
95,18.0,-73.37,898.40,14.630,90.00
95,19.0,-59.74,898.40,13.630,90.00
95,20.0,-46.02,898.40,13.720,90.00
95,21.0,-31.92,898.40,14.100,90.00
95,22.0,-19.12,898.40,12.800,90.00
95,23.0,-8.37,898.40,10.750,90.00
95,24.0,-2.71,896.51,6.250,113.08
95,25.0,-1.60,890.92,5.820,172.04
95,26.0,-1.60,883.70,7.230,180.00
95,27.0,-1.60,874.95,8.750,180.00
95,28.0,-1.60,863.86,11.090,180.00
95,29.0,-1.60,851.15,12.710,180.00
95,30.0,-1.60,837.01,14.130,180.00
95,31.0,-1.60,822.62,14.390,180.00
95,32.0,-1.60,807.95,14.670,180.00
95,33.0,-1.60,793.88,14.070,180.00
95,34.0,-1.60,780.05,13.830,180.00
95,35.0,-1.60,766.47,13.580,180.00
95,36.0,-1.60,751.88,14.590,180.00
95,37.0,-1.60,737.95,13.930,180.00
95,38.0,-1.60,724.01,13.930,180.00
95,39.0,-1.60,709.67,14.340,180.00
95,40.0,-1.60,696.04,13.630,180.00
95,41.0,-1.60,682.36,13.680,180.00
95,42.0,-1.60,667.80,14.560,180.00
95,43.0,-1.60,653.34,14.460,180.00
95,44.0,-1.60,639.01,14.320,180.00
95,45.0,-1.60,625.38,13.630,180.00
95,46.0,-1.60,611.77,13.610,180.00
95,47.0,-1.60,597.55,14.220,180.00
95,48.0,-1.60,583.57,13.980,180.00
95,49.0,-1.60,569.60,13.970,180.00
95,50.0,-1.60,555.05,14.550,180.00
95,51.0,-1.60,540.39,14.660,180.00
95,52.0,-1.60,525.71,14.680,180.00
95,53.0,-1.60,511.39,14.330,180.00
95,54.0,-1.60,497.08,14.300,180.00
95,55.0,-1.60,483.64,13.440,180.00
95,56.0,-1.60,468.97,14.670,180.00
95,57.0,-1.60,455.10,13.870,180.00
95,58.0,-1.60,441.09,14.010,180.00
95,59.0,-1.60,426.50,14.580,180.00
95,60.0,-1.60,412.31,14.200,180.00
95,61.0,-1.60,398.90,13.410,180.00
95,62.0,-1.60,385.47,13.440,180.00
95,63.0,-1.60,371.07,14.400,180.00
95,64.0,-1.60,356.98,14.090,180.00
95,65.0,-1.60,342.77,14.210,180.00
95,66.0,-1.60,329.18,13.590,180.00
95,67.0,-1.60,314.81,14.360,180.00
95,68.0,-1.60,300.63,14.190,180.00
95,69.0,-1.60,286.29,14.340,180.00
95,70.0,-1.60,271.85,14.440,180.00
95,71.0,-1.60,257.39,14.460,180.00
95,72.0,-1.60,243.62,13.770,180.00
95,73.0,-1.60,229.70,13.930,180.00
95,74.0,-1.60,215.69,14.010,180.00
95,75.0,-1.60,202.09,13.600,180.00
95,76.0,-1.60,187.81,14.280,180.00
95,77.0,-1.60,173.66,14.150,180.00
95,78.0,-1.60,159.00,14.660,180.00
95,79.0,-1.60,145.60,13.400,180.00
95,80.0,-1.60,131.17,14.430,180.00
95,81.0,-1.60,116.94,14.220,180.00
95,82.0,-1.60,103.54,13.410,180.00
95,83.0,-1.60,89.85,13.680,180.00
95,84.0,-1.60,75.54,14.310,180.00
95,85.0,-1.60,61.34,14.200,180.00
95,86.0,-1.60,47.65,13.680,180.00
95,87.0,-1.60,33.62,14.030,180.00
95,88.0,-1.60,19.26,14.360,180.00
95,89.0,-1.60,5.44,13.820,180.00
95,90.0,-1.60,-8.61,14.050,180.00
95,91.0,-1.60,-23.20,14.600,180.00
95,92.0,-1.60,-37.55,14.350,180.00
95,93.0,-1.60,-51.65,14.100,180.00
95,94.0,-1.60,-65.46,13.810,180.00
95,95.0,-1.60,-78.91,13.450,180.00
95,96.0,-1.60,-92.99,14.080,180.00
95,97.0,-1.60,-107.65,14.650,180.00
95,98.0,-1.60,-121.15,13.510,180.00
95,99.0,-1.60,-134.59,13.440,180.00
95,100.0,-1.60,-149.08,14.490,180.00
95,101.0,-1.60,-162.78,13.700,180.00
95,102.0,-1.60,-177.34,14.560,180.00
95,103.0,-1.60,-191.96,14.620,180.00
95,104.0,-1.60,-205.90,13.940,180.00
95,105.0,-1.60,-219.79,13.890,180.00
95,106.0,-1.60,-233.73,13.950,180.00
95,107.0,-1.60,-247.97,14.240,180.00
95,108.0,-1.60,-261.48,13.510,180.00
95,109.0,-1.60,-275.43,13.950,180.00
95,110.0,-1.60,-289.93,14.500,180.00
95,111.0,-1.60,-303.36,13.430,180.00
95,112.0,-1.60,-317.49,14.130,180.00
95,113.0,-1.60,-331.65,14.160,180.00
95,114.0,-1.60,-345.67,14.020,180.00
95,115.0,-1.60,-359.58,13.910,180.00
95,116.0,-1.60,-373.20,13.620,180.00
95,117.0,-1.60,-387.54,14.330,180.00
95,118.0,-1.60,-401.03,13.490,180.00
95,119.0,-1.60,-414.86,13.830,180.00
95,120.0,-1.60,-429.25,14.390,180.00
95,121.0,-1.60,-442.98,13.730,180.00
95,122.0,-1.60,-456.41,13.430,180.00
95,123.0,-1.60,-470.21,13.810,180.00
95,124.0,-1.60,-483.65,13.430,180.00
95,125.0,-1.60,-497.54,13.890,180.00
95,126.0,-1.60,-511.38,13.840,180.00
95,127.0,-1.60,-524.81,13.440,180.00
95,128.0,-1.60,-538.86,14.050,180.00
95,129.0,-1.60,-552.83,13.970,180.00
95,130.0,-1.60,-567.29,14.460,180.00
95,131.0,-1.60,-581.28,13.990,180.00
95,132.0,-1.60,-594.84,13.560,180.00
96,0.0,-587.70,598.40,0.000,90.00
96,1.0,-586.14,598.40,1.560,90.00
96,2.0,-582.96,598.40,3.180,90.00
96,3.0,-578.12,598.40,4.840,90.00
96,4.0,-571.82,598.40,6.300,90.00
96,5.0,-564.15,598.40,7.670,90.00
96,6.0,-553.90,598.40,10.250,90.00
96,7.0,-542.05,598.40,11.850,90.00
96,8.0,-528.73,598.40,13.330,90.00
96,9.0,-515.21,598.40,13.510,90.00
96,10.0,-501.65,598.40,13.560,90.00
96,11.0,-487.88,598.40,13.760,90.00
96,12.0,-474.53,598.40,13.360,90.00
96,13.0,-460.76,598.40,13.770,90.00
96,14.0,-447.43,598.40,13.330,90.00
96,15.0,-433.72,598.40,13.710,90.00
96,16.0,-419.75,598.40,13.970,90.00
96,17.0,-406.15,598.40,13.600,90.00
96,18.0,-393.19,598.40,12.960,90.00
96,19.0,-379.33,598.40,13.860,90.00
96,20.0,-365.42,598.40,13.910,90.00
96,21.0,-351.51,598.40,13.910,90.00
96,22.0,-338.06,598.40,13.450,90.00
96,23.0,-324.57,598.40,13.480,90.00
96,24.0,-314.37,598.40,10.200,90.00
96,25.0,-308.67,598.40,5.700,90.00
96,26.0,-301.35,598.40,7.320,90.00
96,27.0,-292.44,598.40,8.900,90.00
96,28.0,-281.37,598.40,11.070,90.00
96,29.0,-268.48,598.40,12.890,90.00
96,30.0,-254.51,598.40,13.970,90.00
96,31.0,-240.52,598.40,13.980,90.00
96,32.0,-226.86,598.40,13.660,90.00
96,33.0,-213.06,598.40,13.800,90.00
96,34.0,-200.18,598.40,12.880,90.00
96,35.0,-187.07,598.40,13.110,90.00
96,36.0,-173.31,598.40,13.760,90.00
96,37.0,-159.74,598.40,13.570,90.00
96,38.0,-145.89,598.40,13.850,90.00
96,39.0,-132.25,598.40,13.640,90.00
96,40.0,-118.81,598.40,13.440,90.00
96,41.0,-105.18,598.40,13.630,90.00
96,42.0,-91.82,598.40,13.360,90.00
96,43.0,-78.93,598.40,12.890,90.00
96,44.0,-65.86,598.40,13.070,90.00
96,45.0,-52.01,598.40,13.850,90.00
96,46.0,-38.35,598.40,13.660,90.00
96,47.0,-26.23,598.40,12.120,90.00
96,48.0,-18.36,598.40,7.870,90.00
96,49.0,-14.99,598.40,3.370,90.00
96,50.0,-14.89,598.40,0.100,90.00
96,51.0,-13.08,598.40,1.810,90.00
96,52.0,-9.30,598.40,3.780,90.00
96,53.0,-3.36,598.40,5.940,90.00
96,54.0,5.07,598.40,8.430,90.00
96,55.0,15.42,598.40,10.350,90.00
96,56.0,27.77,598.40,12.350,90.00
96,57.0,41.32,598.40,13.560,90.00
96,58.0,54.97,598.40,13.650,90.00
96,59.0,68.41,598.40,13.440,90.00
96,60.0,81.18,598.40,12.770,90.00
96,61.0,95.00,598.40,13.820,90.00
96,62.0,108.19,598.40,13.190,90.00
96,63.0,121.82,598.40,13.630,90.00
96,64.0,134.60,598.40,12.780,90.00
96,65.0,148.49,598.40,13.900,90.00
96,66.0,162.39,598.40,13.900,90.00
96,67.0,176.33,598.40,13.930,90.00
96,68.0,189.43,598.40,13.100,90.00
96,69.0,202.71,598.40,13.290,90.00
96,70.0,215.63,598.40,12.920,90.00
96,71.0,228.62,598.40,12.980,90.00
96,72.0,241.56,598.40,12.940,90.00
96,73.0,254.33,598.40,12.770,90.00
96,74.0,267.87,598.40,13.540,90.00
96,75.0,279.42,598.40,11.550,90.00
96,76.0,287.33,598.40,7.910,90.00
96,77.0,291.87,598.40,4.540,90.00
96,78.0,299.01,598.40,7.140,90.00
96,79.0,307.59,598.40,8.590,90.00
96,80.0,318.02,598.40,10.430,90.00
96,81.0,330.50,598.40,12.480,90.00
96,82.0,344.50,598.40,14.000,90.00
96,83.0,358.02,598.40,13.510,90.00
96,84.0,370.85,598.40,12.840,90.00
96,85.0,384.06,598.40,13.200,90.00
96,86.0,397.30,598.40,13.240,90.00
96,87.0,410.97,598.40,13.670,90.00
96,88.0,424.87,598.40,13.900,90.00
96,89.0,438.26,598.40,13.390,90.00
96,90.0,451.70,598.40,13.440,90.00
96,91.0,465.05,598.40,13.350,90.00
96,92.0,478.66,598.40,13.610,90.00
96,93.0,491.55,598.40,12.890,90.00
96,94.0,504.50,598.40,12.950,90.00
96,95.0,517.78,598.40,13.280,90.00
96,96.0,531.12,598.40,13.340,90.00
96,97.0,545.14,598.40,14.020,90.00
96,98.0,558.84,598.40,13.700,90.00
96,99.0,572.42,598.40,13.570,90.00
96,100.0,583.56,598.40,11.150,90.00
96,101.0,590.21,598.40,6.650,90.00
96,102.0,599.39,598.40,9.180,90.00
96,103.0,610.82,598.40,11.430,90.00
96,104.0,624.05,598.40,13.230,90.00
96,105.0,637.36,598.40,13.310,90.00
96,106.0,650.67,598.40,13.310,90.00
96,107.0,663.54,598.40,12.870,90.00
96,108.0,676.32,598.40,12.780,90.00
96,109.0,690.22,598.40,13.900,90.00
96,110.0,703.93,598.40,13.700,90.00
96,111.0,717.90,598.40,13.970,90.00
96,112.0,731.57,598.40,13.670,90.00
96,113.0,744.56,598.40,12.990,90.00
96,114.0,757.47,598.40,12.910,90.00
96,115.0,771.33,598.40,13.860,90.00
96,116.0,784.97,598.40,13.640,90.00
96,117.0,797.96,598.40,12.990,90.00
96,118.0,811.37,598.40,13.410,90.00
96,119.0,824.94,598.40,13.570,90.00
96,120.0,838.11,598.40,13.170,90.00
96,121.0,851.84,598.40,13.730,90.00
96,122.0,865.23,598.40,13.390,90.00
96,123.0,878.05,598.40,12.820,90.00
96,124.0,886.36,598.40,8.320,90.00
96,125.0,891.74,598.40,5.380,90.00
96,126.0,896.78,597.13,5.320,105.02
96,127.0,898.40,591.08,6.490,171.04
96,128.0,898.40,582.80,8.280,180.00
96,129.0,898.40,573.02,9.780,180.00
96,130.0,898.40,561.42,11.600,180.00
96,131.0,898.40,548.42,13.000,180.00
96,132.0,898.40,534.93,13.480,180.00
96,133.0,898.40,521.41,13.520,180.00
97,0.0,-12.30,-598.40,0.000,270.00
97,1.0,-14.21,-598.40,1.910,270.00
97,2.0,-18.16,-598.40,3.950,270.00
97,3.0,-23.64,-598.40,5.490,270.00
97,4.0,-31.08,-598.40,7.430,270.00
97,5.0,-40.88,-598.40,9.810,270.00
97,6.0,-52.42,-598.40,11.530,270.00
97,7.0,-63.93,-598.40,11.510,270.00
97,8.0,-75.65,-598.40,11.720,270.00
97,9.0,-88.00,-598.40,12.350,270.00
97,10.0,-99.87,-598.40,11.870,270.00
97,11.0,-111.78,-598.40,11.910,270.00
97,12.0,-123.25,-598.40,11.470,270.00
97,13.0,-135.51,-598.40,12.260,270.00
97,14.0,-147.23,-598.40,11.720,270.00
97,15.0,-158.78,-598.40,11.550,270.00
97,16.0,-170.51,-598.40,11.730,270.00
97,17.0,-182.18,-598.40,11.670,270.00
97,18.0,-194.58,-598.40,12.400,270.00
97,19.0,-206.60,-598.40,12.010,270.00
97,20.0,-218.38,-598.40,11.790,270.00
97,21.0,-230.74,-598.40,12.360,270.00
97,22.0,-242.83,-598.40,12.080,270.00
97,23.0,-254.67,-598.40,11.850,270.00
97,24.0,-266.11,-598.40,11.440,270.00
97,25.0,-277.75,-598.40,11.640,270.00
97,26.0,-286.50,-598.40,8.750,270.00
97,27.0,-291.06,-598.40,4.560,270.00
97,28.0,-293.19,-598.66,2.210,266.98
97,29.0,-293.61,-601.06,3.230,218.44
97,30.0,-291.47,-601.60,2.300,140.79
97,31.0,-287.53,-601.60,3.940,90.00
97,32.0,-281.32,-601.60,6.210,90.00
97,33.0,-273.20,-601.60,8.110,90.00
97,34.0,-262.49,-601.60,10.710,90.00
97,35.0,-249.92,-601.60,12.570,90.00
97,36.0,-237.68,-601.60,12.240,90.00
97,37.0,-225.51,-601.60,12.170,90.00
97,38.0,-214.16,-601.60,11.350,90.00
97,39.0,-202.15,-601.60,12.010,90.00
97,40.0,-189.69,-601.60,12.460,90.00
97,41.0,-177.82,-601.60,11.870,90.00
97,42.0,-165.87,-601.60,11.940,90.00
97,43.0,-154.27,-601.60,11.600,90.00
97,44.0,-142.50,-601.60,11.780,90.00
97,45.0,-130.60,-601.60,11.890,90.00
97,46.0,-118.81,-601.60,11.800,90.00
97,47.0,-107.15,-601.60,11.660,90.00
97,48.0,-95.11,-601.60,12.040,90.00
97,49.0,-82.97,-601.60,12.150,90.00
97,50.0,-71.15,-601.60,11.820,90.00
97,51.0,-59.30,-601.60,11.850,90.00
97,52.0,-47.52,-601.60,11.780,90.00
97,53.0,-35.45,-601.60,12.070,90.00
97,54.0,-23.63,-601.60,11.830,90.00
97,55.0,-14.73,-601.60,8.890,90.00
97,56.0,-9.87,-601.60,4.860,90.00
97,57.0,-3.28,-601.60,6.590,90.00
97,58.0,5.18,-601.60,8.460,90.00
97,59.0,16.15,-601.60,10.970,90.00
97,60.0,27.96,-601.60,11.810,90.00
97,61.0,40.23,-601.60,12.270,90.00
97,62.0,52.29,-601.60,12.060,90.00
97,63.0,63.62,-601.60,11.320,90.00
97,64.0,75.64,-601.60,12.020,90.00
97,65.0,88.16,-601.60,12.520,90.00
97,66.0,100.17,-601.60,12.010,90.00
97,67.0,112.00,-601.60,11.830,90.00
97,68.0,124.33,-601.60,12.330,90.00
97,69.0,135.70,-601.60,11.370,90.00
97,70.0,147.69,-601.60,11.990,90.00
97,71.0,160.11,-601.60,12.420,90.00
97,72.0,172.46,-601.60,12.350,90.00
97,73.0,183.98,-601.60,11.520,90.00
97,74.0,196.15,-601.60,12.170,90.00
97,75.0,208.73,-601.60,12.570,90.00
97,76.0,220.46,-601.60,11.730,90.00
97,77.0,231.90,-601.60,11.440,90.00
97,78.0,243.96,-601.60,12.060,90.00
97,79.0,255.81,-601.60,11.850,90.00
97,80.0,268.32,-601.60,12.510,90.00
97,81.0,280.90,-601.60,12.570,90.00
97,82.0,288.97,-601.60,8.070,90.00
97,83.0,298.49,-601.60,9.520,90.00
97,84.0,309.98,-601.60,11.490,90.00
97,85.0,321.34,-601.60,11.350,90.00
97,86.0,333.72,-601.60,12.380,90.00
97,87.0,345.55,-601.60,11.830,90.00
97,88.0,357.24,-601.60,11.690,90.00
97,89.0,369.32,-601.60,12.080,90.00
97,90.0,381.10,-601.60,11.780,90.00
97,91.0,392.83,-601.60,11.730,90.00
97,92.0,404.32,-601.60,11.490,90.00
97,93.0,416.03,-601.60,11.710,90.00
97,94.0,428.42,-601.60,12.400,90.00
97,95.0,440.49,-601.60,12.070,90.00
97,96.0,452.26,-601.60,11.760,90.00
97,97.0,463.95,-601.60,11.690,90.00
97,98.0,475.38,-601.60,11.440,90.00
97,99.0,487.00,-601.60,11.610,90.00
97,100.0,499.03,-601.60,12.030,90.00
97,101.0,511.50,-601.60,12.480,90.00
97,102.0,523.43,-601.60,11.930,90.00
97,103.0,535.40,-601.60,11.970,90.00
97,104.0,547.79,-601.60,12.390,90.00
97,105.0,559.41,-601.60,11.620,90.00
97,106.0,571.75,-601.60,12.330,90.00
97,107.0,582.18,-601.60,10.430,90.00
97,108.0,589.13,-601.60,6.950,90.00
97,109.0,595.45,-601.22,6.350,85.64
97,110.0,600.39,-597.74,6.350,48.24
97,111.0,601.60,-590.73,7.230,4.77
97,112.0,601.60,-581.06,9.680,0.00
97,113.0,601.60,-569.25,11.800,0.00
97,114.0,601.60,-556.96,12.290,0.00
97,115.0,601.60,-545.10,11.870,0.00
97,116.0,601.60,-533.73,11.370,0.00
97,117.0,601.60,-521.91,11.820,0.00
97,118.0,601.60,-510.01,11.900,0.00
97,119.0,601.60,-497.75,12.260,0.00
97,120.0,601.60,-485.96,11.790,0.00
97,121.0,601.60,-474.11,11.850,0.00
97,122.0,601.60,-461.84,12.270,0.00
97,123.0,601.60,-449.75,12.080,0.00
97,124.0,601.60,-437.93,11.820,0.00
97,125.0,601.60,-426.12,11.810,0.00
97,126.0,601.60,-414.68,11.450,0.00
97,127.0,601.60,-403.35,11.320,0.00
97,128.0,601.60,-391.63,11.720,0.00
97,129.0,601.60,-380.01,11.630,0.00
97,130.0,601.60,-368.20,11.800,0.00
97,131.0,601.60,-356.21,11.990,0.00
97,132.0,601.60,-344.41,11.800,0.00
98,0.0,1.60,612.30,0.000,0.00
98,1.0,1.60,614.58,2.280,0.00
98,2.0,1.60,618.29,3.710,0.00
98,3.0,1.60,623.89,5.590,0.00
98,4.0,1.60,631.39,7.510,0.00
98,5.0,1.60,640.37,8.980,0.00
98,6.0,1.60,651.25,10.880,0.00
98,7.0,1.60,663.57,12.310,0.00
98,8.0,1.60,677.71,14.150,0.00
98,9.0,1.60,692.78,15.060,0.00
98,10.0,1.60,708.03,15.250,0.00
98,11.0,1.60,723.50,15.480,0.00
98,12.0,1.60,738.62,15.110,0.00
98,13.0,1.60,753.42,14.800,0.00
98,14.0,1.60,768.07,14.650,0.00
98,15.0,1.60,782.76,14.690,0.00
98,16.0,1.60,797.74,14.980,0.00
98,17.0,1.60,812.67,14.940,0.00
98,18.0,1.60,828.19,15.520,0.00
98,19.0,1.60,843.55,15.360,0.00
98,20.0,1.60,858.63,15.070,0.00
98,21.0,1.60,873.59,14.960,0.00
98,22.0,1.60,884.06,10.460,0.00
98,23.0,1.60,890.02,5.960,0.00
98,24.0,0.58,897.44,7.590,348.04
98,25.0,-6.28,901.47,8.450,287.44
98,26.0,-14.74,901.60,8.480,270.00
98,27.0,-24.93,901.60,10.190,270.00
98,28.0,-37.41,901.60,12.480,270.00
98,29.0,-52.50,901.60,15.080,270.00
98,30.0,-67.78,901.60,15.290,270.00
98,31.0,-83.17,901.60,15.390,270.00
98,32.0,-98.66,901.60,15.490,270.00
98,33.0,-113.65,901.60,15.000,270.00
98,34.0,-128.47,901.60,14.810,270.00
98,35.0,-143.01,901.60,14.540,270.00
98,36.0,-157.74,901.60,14.730,270.00
98,37.0,-172.38,901.60,14.640,270.00
98,38.0,-187.21,901.60,14.840,270.00
98,39.0,-201.80,901.60,14.580,270.00
98,40.0,-216.40,901.60,14.610,270.00
98,41.0,-231.75,901.60,15.350,270.00
98,42.0,-246.24,901.60,14.490,270.00
98,43.0,-260.89,901.60,14.640,270.00
98,44.0,-275.97,901.60,15.080,270.00
98,45.0,-290.88,901.60,14.910,270.00
98,46.0,-305.84,901.60,14.970,270.00
98,47.0,-320.41,901.60,14.560,270.00
98,48.0,-334.82,901.60,14.410,270.00
98,49.0,-349.78,901.60,14.950,270.00
98,50.0,-364.34,901.60,14.560,270.00
98,51.0,-379.54,901.60,15.200,270.00
98,52.0,-395.08,901.60,15.540,270.00
98,53.0,-410.00,901.60,14.910,270.00
98,54.0,-424.33,901.60,14.330,270.00
98,55.0,-439.16,901.60,14.830,270.00
98,56.0,-454.46,901.60,15.300,270.00
98,57.0,-469.67,901.60,15.210,270.00
98,58.0,-484.71,901.60,15.030,270.00
98,59.0,-499.80,901.60,15.100,270.00
98,60.0,-515.20,901.60,15.390,270.00
98,61.0,-529.61,901.60,14.420,270.00
98,62.0,-544.37,901.60,14.760,270.00
98,63.0,-559.60,901.60,15.230,270.00
98,64.0,-574.65,901.60,15.060,270.00
98,65.0,-590.21,901.60,15.560,270.00
98,66.0,-605.30,901.60,15.090,270.00
98,67.0,-620.16,901.60,14.860,270.00
98,68.0,-635.13,901.60,14.970,270.00
98,69.0,-649.50,901.60,14.370,270.00
98,70.0,-664.64,901.60,15.140,270.00
98,71.0,-679.08,901.60,14.440,270.00
98,72.0,-694.49,901.60,15.410,270.00
98,73.0,-709.84,901.60,15.350,270.00
98,74.0,-724.81,901.60,14.970,270.00
98,75.0,-739.44,901.60,14.630,270.00
98,76.0,-754.06,901.60,14.620,270.00
98,77.0,-768.69,901.60,14.630,270.00
98,78.0,-783.03,901.60,14.340,270.00
98,79.0,-798.42,901.60,15.390,270.00
98,80.0,-813.24,901.60,14.810,270.00
98,81.0,-828.38,901.60,15.150,270.00
98,82.0,-842.72,901.60,14.340,270.00
98,83.0,-857.33,901.60,14.610,270.00
98,84.0,-872.15,901.60,14.820,270.00
98,85.0,-886.71,901.60,14.550,270.00
98,86.0,-896.76,901.60,10.050,270.00
98,87.0,-901.41,898.10,6.470,224.08
98,88.0,-901.60,892.18,5.930,180.61
98,89.0,-901.60,883.96,8.210,180.00
98,90.0,-901.60,873.89,10.070,180.00
98,91.0,-901.60,861.56,12.330,180.00
98,92.0,-901.60,847.37,14.190,180.00
98,93.0,-901.60,832.78,14.590,180.00
98,94.0,-901.60,818.41,14.370,180.00
98,95.0,-901.60,803.05,15.360,180.00
98,96.0,-901.60,788.52,14.530,180.00
98,97.0,-901.60,773.95,14.570,180.00
98,98.0,-901.60,758.91,15.040,180.00
98,99.0,-901.60,743.91,14.990,180.00
98,100.0,-901.60,729.13,14.790,180.00
98,101.0,-901.60,714.57,14.560,180.00
98,102.0,-901.60,699.69,14.870,180.00
98,103.0,-901.60,685.38,14.310,180.00
98,104.0,-901.60,669.98,15.400,180.00
98,105.0,-901.60,655.00,14.980,180.00
98,106.0,-901.60,640.06,14.940,180.00
98,107.0,-901.60,625.08,14.980,180.00
98,108.0,-901.60,610.37,14.710,180.00
98,109.0,-901.60,595.41,14.950,180.00
98,110.0,-901.60,580.19,15.220,180.00
98,111.0,-901.60,565.74,14.450,180.00
98,112.0,-901.60,550.67,15.080,180.00
98,113.0,-901.60,535.41,15.250,180.00
98,114.0,-901.60,520.72,14.690,180.00
98,115.0,-901.60,505.49,15.230,180.00
98,116.0,-901.60,490.12,15.380,180.00
98,117.0,-901.60,474.71,15.400,180.00
98,118.0,-901.60,459.41,15.310,180.00
98,119.0,-901.60,444.02,15.390,180.00
98,120.0,-901.60,428.89,15.120,180.00
98,121.0,-901.60,414.20,14.700,180.00
98,122.0,-901.60,399.19,15.010,180.00
98,123.0,-901.60,383.98,15.200,180.00
98,124.0,-901.60,369.10,14.880,180.00
98,125.0,-901.60,354.33,14.760,180.00
98,126.0,-901.60,339.09,15.240,180.00
98,127.0,-901.60,324.43,14.660,180.00
98,128.0,-901.60,309.85,14.580,180.00
98,129.0,-901.60,295.05,14.790,180.00
98,130.0,-901.60,280.63,14.430,180.00
98,131.0,-901.60,265.54,15.090,180.00
99,0.0,898.40,891.70,0.000,180.00
99,1.0,898.40,890.34,1.360,180.00
99,2.0,898.40,886.89,3.450,180.00
99,3.0,898.40,881.95,4.940,180.00
99,4.0,898.40,874.42,7.530,180.00
99,5.0,898.40,864.78,9.630,180.00
99,6.0,898.40,853.28,11.500,180.00
99,7.0,898.40,840.14,13.150,180.00
99,8.0,898.40,825.26,14.870,180.00
99,9.0,898.40,810.77,14.490,180.00
99,10.0,898.40,796.09,14.680,180.00
99,11.0,898.40,781.28,14.810,180.00
99,12.0,898.40,766.78,14.500,180.00
99,13.0,898.40,752.17,14.610,180.00
99,14.0,898.40,737.79,14.380,180.00
99,15.0,898.40,722.67,15.130,180.00
99,16.0,898.40,708.51,14.160,180.00
99,17.0,898.40,693.36,15.150,180.00
99,18.0,898.40,678.67,14.680,180.00
99,19.0,898.40,664.60,14.070,180.00
99,20.0,898.40,650.41,14.200,180.00
99,21.0,898.40,635.93,14.480,180.00
99,22.0,898.40,621.75,14.180,180.00
99,23.0,898.40,607.79,13.950,180.00
99,24.0,898.40,592.76,15.030,180.00
99,25.0,898.40,578.30,14.460,180.00
99,26.0,898.40,564.16,14.140,180.00
99,27.0,898.40,549.21,14.950,180.00
99,28.0,898.40,534.52,14.690,180.00
99,29.0,898.40,519.89,14.630,180.00
99,30.0,898.40,505.47,14.420,180.00
99,31.0,898.40,490.98,14.490,180.00
99,32.0,898.40,476.70,14.270,180.00
99,33.0,898.40,462.60,14.100,180.00
99,34.0,898.40,448.07,14.540,180.00
99,35.0,898.40,434.08,13.990,180.00
99,36.0,898.40,419.56,14.520,180.00
99,37.0,898.40,405.20,14.360,180.00
99,38.0,898.40,390.76,14.430,180.00
99,39.0,898.40,376.37,14.400,180.00
99,40.0,898.40,361.40,14.970,180.00
99,41.0,898.40,346.56,14.840,180.00
99,42.0,898.40,332.32,14.240,180.00
99,43.0,898.40,318.50,13.830,180.00
99,44.0,898.40,308.30,10.190,180.00
99,45.0,896.25,302.55,6.490,206.18
99,46.0,890.19,301.60,6.250,266.12
99,47.0,881.52,301.60,8.670,270.00
99,48.0,870.45,301.60,11.070,270.00
99,49.0,857.83,301.60,12.620,270.00
99,50.0,842.63,301.60,15.200,270.00
99,51.0,828.49,301.60,14.140,270.00
99,52.0,813.96,301.60,14.540,270.00
99,53.0,799.95,301.60,14.010,270.00
99,54.0,785.49,301.60,14.460,270.00
99,55.0,770.31,301.60,15.170,270.00
99,56.0,755.72,301.60,14.590,270.00
99,57.0,740.68,301.60,15.040,270.00
99,58.0,726.73,301.60,13.950,270.00
99,59.0,711.56,301.60,15.180,270.00
99,60.0,696.93,301.60,14.630,270.00
99,61.0,682.73,301.60,14.200,270.00
99,62.0,668.64,301.60,14.090,270.00
99,63.0,654.19,301.60,14.450,270.00
99,64.0,640.16,301.60,14.020,270.00
99,65.0,626.47,301.60,13.690,270.00
99,66.0,616.70,301.60,9.780,270.00
99,67.0,610.37,301.60,6.330,270.00
99,68.0,603.53,302.68,7.070,282.79
99,69.0,601.60,307.95,5.880,345.05
99,70.0,601.60,316.36,8.400,0.00
99,71.0,601.60,327.06,10.700,0.00
99,72.0,601.60,339.60,12.540,0.00
99,73.0,601.60,354.14,14.540,0.00
99,74.0,601.60,368.53,14.390,0.00
99,75.0,601.60,383.48,14.950,0.00
99,76.0,601.60,397.88,14.400,0.00
99,77.0,601.60,412.55,14.670,0.00
99,78.0,601.60,427.19,14.640,0.00
99,79.0,601.60,442.36,15.170,0.00
99,80.0,601.60,456.54,14.180,0.00
99,81.0,601.60,470.70,14.170,0.00
99,82.0,601.60,485.24,14.540,0.00
99,83.0,601.60,499.75,14.510,0.00
99,84.0,601.60,514.65,14.900,0.00
99,85.0,601.60,529.56,14.910,0.00
99,86.0,601.60,543.55,13.990,0.00
99,87.0,601.60,557.53,13.970,0.00
99,88.0,601.60,570.62,13.090,0.00
99,89.0,601.60,579.79,9.170,0.00
99,90.0,601.60,585.44,5.650,0.00
